Description,emotion,movie_name,all_movie_names,movie_name_count,genres,mean_rating,median_rating,minimum_rating,maximum_rating,review_count,unique_review_count,genre_list,genre_count,genres_text,description_word_count,description_character_count,log_review_count,log_unique_review_count
"A pretty, popular teenager can't go out on a date until her ill-tempered older sister does.",anger,10 Things I Hate About You,10 Things I Hate About You,1,"['Comedy', 'Romance', 'Drama']",6.428571428571429,7.0,2.0,10.0,14,14,"['Comedy', 'Romance', 'Drama']",3,comedy romance drama,16,91,2.70805020110221,2.70805020110221
"A fast paced, womanizing nightclub promoter gets paid back in full when he scorns a beautiful woman with psychotic tendencies who will punish him for breaking her heart.",anger,A Thin Line Between Love and Hate,A Thin Line Between Love and Hate,1,"['Comedy', 'Thriller', 'Crime', 'Romance']",4.0,4.0,4.0,4.0,1,1,"['Comedy', 'Thriller', 'Crime', 'Romance']",4,comedy thriller crime romance,28,169,0.6931471805599453,0.6931471805599453
"A cynical, immature young man is taught how to act like a grown-up by a little boy.",anger,About a Boy,About a Boy,1,"['Drama', 'Comedy', 'Romance']",6.352941176470588,7.0,2.0,10.0,17,17,"['Drama', 'Comedy', 'Romance']",3,drama comedy romance,17,83,2.8903717578961645,2.8903717578961645
God casts Adam and Eve out of the Garden of Eden because Eve decided to eat a forbidden apple that a talking snake told her to eat. The disgraced couple find themselves battling a coterie of various creatures.,anger,Adam and Eve,Adam and Eve,1,"['Comedy', 'Romance']",5.7272727272727275,5.0,2.0,9.0,22,11,"['Comedy', 'Romance']",2,comedy romance,38,209,3.1354942159291497,2.4849066497880004
"The spirit of a comatose teenage girl possesses the body of a newcomer to her girls boarding school to enact bloody revenge against the elitist, lingerie-clad coeds responsible for her condition.",anger,Aenigma,Aenigma,1,['Horror'],4.8,4.5,2.0,7.0,20,20,['Horror'],1,horror,31,195,3.044522437723423,3.044522437723423
"4 LA women, 3 married, go to a Palm Springs resort together for a weekend of flirting etc. Consequences?",anger,After Sex,After Sex,1,['Comedy'],6.0,6.0,6.0,6.0,1,1,['Comedy'],1,comedy,19,104,0.6931471805599453,0.6931471805599453
Two slackers competing for the affections of an heiress inadvertently become her protectors from an evil criminal.,anger,Andaz Apna Apna,Andaz Apna Apna,1,"['Comedy', 'Drama', 'Romance']",4.9,4.0,2.0,9.0,10,10,"['Comedy', 'Drama', 'Romance']",3,comedy drama romance,17,114,2.3978952727983707,2.3978952727983707
Bob refuses to marry his girlfriend and leaves her. She marries his close friend out of revenge.,anger,Arizona,Arizona,1,['Western'],3.8,4.0,3.0,5.0,5,5,['Western'],1,western,17,96,1.791759469228055,1.791759469228055
A drunken playboy stands to lose a wealthy inheritance when he falls for a woman his family doesn't like.,anger,Arthur,Arthur,1,"['Comedy', 'Drama', 'Romance']",5.0,4.5,2.0,10.0,36,18,"['Comedy', 'Drama', 'Romance']",3,comedy drama romance,19,105,3.6109179126442243,2.9444389791664403
"A woman who has just discovered she is the daughter of a murdered Mafia chieftain seeks revenge, with the aide of her father's faithful bodyguard.",anger,Avenging Angelo,Avenging Angelo,1,"['Action', 'Comedy', 'Crime']",5.222222222222222,5.0,3.0,9.0,9,9,"['Action', 'Comedy', 'Crime']",3,action comedy crime,25,146,2.302585092994046,2.302585092994046
A martial arts student seeks revenge after the murder of his master.,anger,Baaghi,Baaghi,1,"['Action', 'Romance', 'Thriller']",4.9,5.0,3.0,6.0,10,10,"['Action', 'Romance', 'Thriller']",3,action romance thriller,12,68,2.3978952727983707,2.3978952727983707
"An ugly and ruthless money lender goes out to recoup his investment, but returns home with an unwilling maiden as payment.",anger,Beauty and the Beast,Beauty and the Beast,1,"['Romance', 'Family', 'Animation', 'Fantasy', 'Music']",2.764705882352941,2.0,1.0,8.0,136,17,"['Romance', 'Family', 'Animation', 'Fantasy', 'Music']",5,romance family animation fantasy music,21,122,4.919980925828125,2.8903717578961645
A meddling mother tries to set her daughter up with the right man so her kid won't follow in her footsteps.,anger,Because I Said So,Because I Said So,1,['Comedy'],6.125,6.0,2.0,10.0,16,16,['Comedy'],1,comedy,21,107,2.833213344056216,2.833213344056216
"A boxer's manager pays a prostitute to make his boxer's nights hot, and endless. Not so strange, considering all the dirty deals the manager has with the local mafia. The strong champion ...                See full summary »",anger,Below the Belt,Below the Belt,1,['Drama'],4.5,3.5,2.0,9.0,4,4,['Drama'],1,drama,37,224,1.6094379124341003,1.6094379124341003
"Blackout is a movie agitating strongly about the ERRATIC POWER SUPPLY IN AFRICA/NIGERIA For many years, life has been disrupted for the majority of Nigerians who rely on NEPA ""PHCN"" for their DAILY electricity.",anger,Blackout,Blackout,1,"['Thriller', 'Mystery']",5.125,5.0,2.0,9.0,80,16,"['Thriller', 'Mystery']",2,thriller mystery,34,210,4.394449154672439,2.833213344056216
"Bill Bailey (George Bancroft) is a Los Angeles, California bail bondsman who lives in a world of complete, casual corruption, where all he has to do is pick up the phone to get the charges ...                See full summary »",anger,Blood Money,Blood Money,1,"['Action', 'Thriller', 'Foreign']",6.0,6.0,3.0,9.0,2,2,"['Action', 'Thriller', 'Foreign']",3,action thriller foreign,40,226,1.0986122886681098,1.0986122886681098
"The tough and cold mercenary Warchild, is working for the man who took care of his war training and upbringing, the greedy General Ruechang. Ruechang is planning to take over the country by...                See full summary »",anger,Bridge of Dragons,Bridge of Dragons,1,"['Action', 'Science Fiction', 'Thriller']",5.083333333333333,5.0,2.0,9.0,12,12,"['Action', 'Science Fiction', 'Thriller']",3,action science_fiction thriller,37,226,2.5649493574615367,2.5649493574615367
Tom Jeffords tries to make peace between settlers and Apaches in Arizona territory.,anger,Broken Arrow,Broken Arrow,1,"['Action', 'Adventure', 'Drama', 'Thriller']",7.764705882352941,8.0,3.0,10.0,34,17,"['Action', 'Adventure', 'Drama', 'Thriller']",4,action adventure drama thriller,13,83,3.5553480614894135,2.8903717578961645
"Buck Wild is living life as it comes. However, when he gets fired and kicked out of his apartment, he's forced to ask a favor from his ex-wife Tracy Duff. He needs to sleep on her lawn in ...                See full summary »",anger,Buck Wild,Buck Wild,1,"['Comedy', 'Horror']",4.0,4.0,4.0,4.0,3,3,"['Comedy', 'Horror']",2,comedy horror,43,225,1.3862943611198906,1.3862943611198906
A commitment-averse man frantically hits the dating scene after his girlfriend starts pressuring him to pop the question.,anger,Buying the Cow,Buying the Cow,1,"['Comedy', 'Romance']",4.571428571428571,5.0,3.0,6.0,7,7,"['Comedy', 'Romance']",2,comedy romance,18,121,2.0794415416798357,2.0794415416798357
A foul-mouthed finishing school graduate mistakenly winds up on an ill-fated fishing boat and faces the wrath of a crew that considers him bad luck.,anger,Cabin Boy,Cabin Boy,1,['Comedy'],7.0,7.0,5.0,9.0,2,2,['Comedy'],1,comedy,25,148,1.0986122886681098,1.0986122886681098
A caveman seeks revenge on a much larger competitor for the hand of a beautiful cavewoman.,anger,Caveman,Caveman,1,"['Comedy', 'Adventure']",4.714285714285714,5.0,3.0,6.0,7,7,"['Comedy', 'Adventure']",2,comedy adventure,16,90,2.0794415416798357,2.0794415416798357
A hapless Navy sailor is assigned SP duty. The catch: he must escort a beautiful female prisoner on her way to prison for going UA. She in turn will try anything to escape.,anger,Chasers,Chasers,1,"['Comedy', 'Romance']",4.0,4.0,4.0,4.0,1,1,"['Comedy', 'Romance']",2,comedy romance,33,172,0.6931471805599453,0.6931471805599453
"Three teenagers go on a wild weekend of drink, drugs, shop-lifting and stealing cars that quickly spins beyond their control.",anger,Cherrybomb,Cherrybomb,1,"['Drama', 'Romance', 'Thriller']",5.0,6.0,3.0,6.0,5,5,"['Drama', 'Romance', 'Thriller']",3,drama romance thriller,20,125,1.791759469228055,1.791759469228055
"Pirated DVD seller Zafer who is formerly an extra in movies; swore to give up illegal works when his wife wanted to get divorce. To win his family back, he and his old-fashioned crew ...                See full summary »",anger,Coming Soon,Coming Soon,1,"['Romance', 'Comedy']",6.375,6.0,3.0,9.0,16,8,"['Romance', 'Comedy']",2,romance comedy,39,220,2.833213344056216,2.1972245773362196
"American Steve Kendall, a freighter's radio officer, discovers seaman Carlson sending an unauthorized message ashore as the ship approaches his war-poised homeland. Carlson is shot in cold ...                See full summary »",anger,Conspiracy,Conspiracy,1,"['Drama', 'History']",6.0,6.0,2.0,10.0,30,15,"['Drama', 'History']",2,drama history,32,226,3.4339872044851463,2.772588722239781
"For the last four years Margaret Holt has been helping her brother, assistant D.A. Victor Holt, to try to bring down the dope dealing Schemer Marko gang. Margaret kills Marko (aka 'James ...                See full summary »",anger,Conspiracy,Conspiracy,1,"['Drama', 'History']",6.0,6.0,2.0,10.0,30,15,"['Drama', 'History']",2,drama history,37,224,3.4339872044851463,2.772588722239781
"Three 40-something women in a small English town meet weekly for a ritual of gin, cigarettes, and sweets -- and swap stories arguing which of them has the most pathetic love life. Kate is ...                See full summary »",anger,Crush,Crush,1,"['Romance', 'Comedy', 'Drama']",2.857142857142857,3.0,2.0,4.0,28,7,"['Romance', 'Comedy', 'Drama']",3,romance comedy drama,39,225,3.367295829986474,2.0794415416798357
An anthropologist awakes with a thirst for blood after an assistant stabs him with a cursed dagger.,anger,Da Sweet Blood of Jesus,Da Sweet Blood of Jesus,1,"['Thriller', 'Comedy', 'Romance']",4.7,5.0,2.0,7.0,10,10,"['Thriller', 'Comedy', 'Romance']",3,thriller comedy romance,17,99,2.3978952727983707,2.3978952727983707
"Claire Underwood hires San Francisco private-detective Dennis O'Brien to purchase a saxophone case at an auction, and O'Brien is promptly slugged and the case is stolen by Larry Dunlap. ...                See full summary »",anger,Danger Zone,Danger Zone,1,"['Action', 'Drama']",4.0,4.0,4.0,4.0,2,2,"['Action', 'Drama']",2,action drama,34,223,1.0986122886681098,1.0986122886681098
"Gamblers who ""took"" an out-of-town sucker in a crooked poker game feel shadowy vengeance closing in on them.",anger,Dark City,Dark City,1,"['Mystery', 'Science Fiction']",6.642857142857143,8.0,2.0,9.0,28,14,"['Mystery', 'Science Fiction']",2,mystery science_fiction,18,108,3.367295829986474,2.70805020110221
"Upset about a new Broadway musical's mockery of Greek mythology, the goddess Terpsichore comes down to earth and lands a part in the show. She works her charms on the show's producer and he...                See full summary »",anger,Down to Earth,Down to Earth,1,"['Fantasy', 'Comedy', 'Science Fiction', 'Romance']",5.533333333333333,6.0,3.0,8.0,15,15,"['Fantasy', 'Comedy', 'Science Fiction', 'Romance']",4,fantasy comedy science_fiction romance,38,226,2.772588722239781,2.772588722239781
"A scientist creating perfumes inherits his great grandfather Dr. Jekyll's formula and decides to use modern technology to improve it. He ends up as an ambitious, ruthless woman. She tries to prevent returning into the spineless man.",anger,Dr. Jekyll and Ms. Hyde,Dr. Jekyll and Ms. Hyde,1,['Comedy'],5.583333333333333,6.0,3.0,8.0,12,12,['Comedy'],1,comedy,37,232,2.5649493574615367,2.5649493574615367
"A slacker competes with a repeat winner for the ""Employee of the Month"" title at work, in order to gain the affections of a new female employee.",anger,Employee of the Month,Employee of the Month,1,"['Action', 'Comedy']",6.428571428571429,7.0,2.0,10.0,42,21,"['Action', 'Comedy']",2,action comedy,27,144,3.7612001156935624,3.091042453358316
"When the closure of a railway is announced, employees commandeer a locomotive to get to corporate headquarters and confront the president.",anger,End of the Line,End of the Line,1,"['Horror', 'Thriller']",4.0,4.0,4.0,4.0,4,2,"['Horror', 'Thriller']",2,horror thriller,21,138,1.6094379124341003,1.0986122886681098
David and Jade are high-school sweethearts and happy in love. But when Jades grades starts to drop her father forbid the young couple to see each other. Mad with frustration and desire ...                See full summary »,anger,Endless Love,Endless Love,1,"['Romance', 'Drama']",7.384615384615385,10.0,3.0,10.0,26,13,"['Romance', 'Drama']",2,romance drama,37,222,3.295836866004329,2.6390573296152584
"A man sells his soul to the devil to gain superpowers and avenge his girlfriend's brutal murder. When he realizes that the price is the soul of his new love interest, he turns on the devil.",anger,Faust,Faust,1,"['Animation', 'Drama', 'Fantasy']",6.0,6.0,2.0,9.0,52,13,"['Animation', 'Drama', 'Fantasy']",3,animation drama fantasy,36,189,3.970291913552122,2.6390573296152584
An ex-convict and his bumbling crook brother fight for the same woman.,anger,Feeling Minnesota,Feeling Minnesota,1,"['Action', 'Comedy', 'Drama', 'Thriller']",4.166666666666667,3.5,3.0,6.0,6,6,"['Action', 'Comedy', 'Drama', 'Thriller']",4,action comedy drama thriller,12,70,1.9459101490553132,1.9459101490553132
"While Christian wrestles with his inner demons, Anastasia must confront the anger and envy of the women who came before her.",anger,Fifty Shades Darker,Fifty Shades Darker,1,"['Drama', 'Romance']",3.6,1.0,1.0,10.0,25,25,"['Drama', 'Romance']",2,drama romance,21,124,3.258096538021482,3.258096538021482
"In the midst of veteran con man Nicky's latest scheme, a woman from his past - now an accomplished femme fatale - shows up and throws his plans for a loop.",anger,Focus,Focus,1,['Drama'],6.428571428571429,7.0,2.0,10.0,42,21,['Drama'],1,drama,31,155,3.7612001156935624,3.091042453358316
Recent high-school graduates become prey of the vengeful spirit of an innocent girl they wronged long ago.,anger,Forget Me Not,Forget Me Not,1,"['Drama', 'Horror', 'Romance']",5.125,5.5,4.0,6.0,16,8,"['Drama', 'Horror', 'Romance']",3,drama horror romance,17,106,2.833213344056216,2.1972245773362196
"When the brilliant but unorthodox scientist Dr. Victor Frankenstein rejects the artificial man that he has created, the Creature escapes and later swears revenge.",anger,Frankenstein,Frankenstein,1,"['Drama', 'Horror', 'Science Fiction']",4.7,5.0,2.0,7.0,100,20,"['Drama', 'Horror', 'Science Fiction']",3,drama horror science_fiction,24,162,4.61512051684126,3.044522437723423
"Mrs. Dave does not approve of her daughter, Vasundhara's next-door boyfriend, Abhay Narula, and arranges her marriage with Carson Gharodia. In protest, she elopes with Abhay on his ...                See full summary »",anger,Go,Go,1,"['Crime', 'Comedy', 'Thriller']",9.0,9.0,9.0,9.0,1,1,"['Crime', 'Comedy', 'Thriller']",3,crime comedy thriller,33,218,0.6931471805599453,0.6931471805599453
American motion picture classic in which a manipulative woman and a roguish man conduct a turbulent romance during the Civil War and Reconstruction periods.,anger,Gone with the Wind,Gone with the Wind,1,"['Drama', 'Romance', 'War']",7.25,8.5,3.0,9.0,4,4,"['Drama', 'Romance', 'War']",3,drama romance war,24,156,1.6094379124341003,1.6094379124341003
"Released from prison apparently under a New Year amnesty, a criminal tries to pick up the threads of a life changed not only by his daring plan to rob a jewelry store in out-of-season ...                See full summary »",anger,Happy New Year,Happy New Year,1,"['Comedy', 'Crime', 'Romance']",8.7,10.0,3.0,10.0,60,20,"['Comedy', 'Crime', 'Romance']",3,comedy crime romance,39,221,4.110873864173311,3.044522437723423
A basketball player strikes a deal with the mob to fix a basketball game.,anger,Harvard Man,Harvard Man,1,['Drama'],6.916666666666667,7.0,3.0,10.0,12,12,['Drama'],1,drama,14,73,2.5649493574615367,2.5649493574615367
"Released from prison for a crime he didn't commit, an ex-con targets the same bank he was sent away for robbing.",anger,Henry's Crime,Henry's Crime,1,"['Crime', 'Comedy']",5.0,5.0,2.0,9.0,13,13,"['Crime', 'Comedy']",2,crime comedy,21,112,2.6390573296152584,2.6390573296152584
"A not-so-nice man rescues passengers from a crashed airliner, only to see someone else take credit.",anger,Hero,Hero,1,"['Drama', 'Comedy', 'Thriller', 'Mystery']",4.5,3.5,1.0,10.0,60,20,"['Drama', 'Comedy', 'Thriller', 'Mystery']",4,drama comedy thriller mystery,16,99,4.110873864173311,3.044522437723423
Shubhankar Roy (Jeet) was a college goer. He was the son of head constable Bhabani Shankar Roy( Rajjak) who was a very respectable person. Shubhankar was very arrogant and fell foul with ...                See full summary »,anger,Hero,Hero,1,"['Drama', 'Comedy', 'Thriller', 'Mystery']",4.5,3.5,1.0,10.0,60,20,"['Drama', 'Comedy', 'Thriller', 'Mystery']",4,drama comedy thriller mystery,37,224,4.110873864173311,3.044522437723423
"A wealthy divorcée falls for a charming Parisian, but her insanely jealous ex-husband will do anything to get her back.",anger,History Is Made at Night,History Is Made at Night,1,"['Romance', 'Drama']",4.5,4.5,4.0,5.0,2,2,"['Romance', 'Drama']",2,romance drama,20,119,1.0986122886681098,1.0986122886681098
Nazi propaganda film about Polish crimes against germans before WWII.,anger,Homeland,Homeland,1,['Drama'],8.777777777777779,9.0,8.0,9.0,9,9,['Drama'],1,drama,10,69,2.302585092994046,2.302585092994046
"An Engineering student is molested, beaten and humiliated when he goes to reside in a hostel.",anger,Hostel,Hostel,1,['Horror'],7.866666666666666,9.0,3.0,10.0,15,15,['Horror'],1,horror,16,93,2.772588722239781,2.772588722239781
A comedy of errors wherein four men help each other to fool their prospective father-in-laws creating a cascade of confusion and mayhem.,anger,Housefull 2,Housefull 2,1,"['Drama', 'Comedy', 'Romance']",5.875,5.0,4.0,9.0,8,8,"['Drama', 'Comedy', 'Romance']",3,drama comedy romance,22,136,2.1972245773362196,2.1972245773362196
A joint U.S.- Soviet strike force is assembled to wipe out a nuclear base in an outlaw nation that plans to take the world hostage.,anger,Iron Eagle II,Iron Eagle II,1,"['Action', 'Adventure', 'Drama', 'Thriller']",2.9285714285714284,3.0,1.0,7.0,14,14,"['Action', 'Adventure', 'Drama', 'Thriller']",4,action adventure drama thriller,25,131,2.70805020110221,2.70805020110221
"A renegade reporter trailing a young runaway heiress for a big story joins her on a bus heading from Florida to New York, and they end up stuck with each other when the bus leaves them behind at one of the stops.",anger,It Happened One Night,It Happened One Night,1,"['Comedy', 'Romance']",5.769230769230769,6.0,2.0,9.0,13,13,"['Comedy', 'Romance']",2,comedy romance,42,212,2.6390573296152584,2.6390573296152584
A group of thirtysomethings having problems with fidelity gets an opportunity to turn back the clock.,anger,Just a Kiss,Just a Kiss,1,"['Comedy', 'Romance']",5.666666666666667,5.5,2.0,9.0,12,12,"['Comedy', 'Romance']",2,comedy romance,16,101,2.5649493574615367,2.5649493574615367
"A greedy film producer assembles a team of moviemakers and sets out for the infamous Skull Island, where they find more than just cannibalistic natives.",anger,King Kong,King Kong,1,"['Action', 'Adventure', 'Drama', 'Horror']",6.611111111111111,7.0,2.0,10.0,54,18,"['Action', 'Adventure', 'Drama', 'Horror']",4,action adventure drama horror,25,152,4.007333185232471,2.9444389791664403
"Aryan (Kiran) who works for a media house gets upset with his live-in girlfriend (Harshada kulakarni) and asks her to leave immediately for which she refuses. Upset by this, he leaves the ...                See full summary »",anger,Kiss Kiss Bang Bang,Kiss Kiss Bang Bang,1,"['Action', 'Comedy', 'Crime', 'Mystery']",6.545454545454546,7.0,2.0,9.0,11,11,"['Action', 'Comedy', 'Crime', 'Mystery']",4,action comedy crime mystery,37,225,2.4849066497880004,2.4849066497880004
A self-anointed 'renegade' male flight attendant must save the day when the airline he works for tries to eliminate flight attendants as a cost-cutting measure.,anger,Larry Gaye: Renegade Male Flight Attendant,Larry Gaye: Renegade Male Flight Attendant,1,['Comedy'],5.0,5.0,5.0,5.0,1,1,['Comedy'],1,comedy,25,160,0.6931471805599453,0.6931471805599453
"When a young Russian woman and her son leave Moscow to meet her fiancé, who fails to show up, she declares political asylum.",anger,Last Resort,Last Resort,1,"['Drama', 'Foreign', 'Romance']",4.8,4.0,1.0,10.0,40,20,"['Drama', 'Foreign', 'Romance']",3,drama foreign romance,23,124,3.713572066704308,3.044522437723423
"In early-19th-century France, an ex-convict who failed to report to parole is relentlessly pursued over a 20-year period by an obsessive policeman.",anger,Les Misérables,Les Misérables,1,"['Crime', 'Drama', 'History', 'Romance']",8.1,10.0,3.0,10.0,60,10,"['Crime', 'Drama', 'History', 'Romance']",4,crime drama history romance,22,147,4.110873864173311,2.3978952727983707
"Raj works in Toronto and lives with his friend Prem who hates him for invading his tiny apartment. After Raj's application for Canadian residency is rejected, he plots the perfect plan to ...                See full summary »",anger,Life Is Beautiful,Life Is Beautiful,1,"['Comedy', 'Drama']",9.0,9.0,9.0,9.0,5,5,"['Comedy', 'Drama']",2,comedy drama,37,225,1.791759469228055,1.791759469228055
A high school loser pays a cheerleader to pose as his girlfriend so he can be considered cool.,anger,Love Don't Cost a Thing,Love Don't Cost a Thing,1,"['Comedy', 'Drama', 'Family', 'Romance']",6.666666666666667,6.0,4.0,9.0,9,9,"['Comedy', 'Drama', 'Family', 'Romance']",4,comedy drama family romance,18,94,2.302585092994046,2.302585092994046
All hell breaks loose when the Byrnes family meets the Focker family for the first time.,anger,Meet the Fockers,Meet the Fockers,1,"['Comedy', 'Romance']",6.866666666666666,8.0,2.0,10.0,15,15,"['Comedy', 'Romance']",2,comedy romance,16,88,2.772588722239781,2.772588722239781
A petty crook stalks a cute girl into an office building and is taken for a job applicant. Conning gets him the job. It's in the mail room of new credit cards. 2 superiors are worse crooks.,anger,Mo' Money,Mo' Money,1,"['Action', 'Comedy', 'Thriller', 'Crime', 'Romance']",5.0,5.0,4.0,6.0,6,6,"['Action', 'Comedy', 'Thriller', 'Crime', 'Romance']",5,action comedy thriller crime romance,37,189,1.9459101490553132,1.9459101490553132
"Follows a day in the lives of three generations of women. Priscilla, her mother (Nana), and her daughter, Wendy, spend the day sipping gin, arguing and being chased by a police officer. ...                See full summary »",anger,Mothers and Daughters,Mothers and Daughters,1,['Drama'],5.083333333333333,5.5,2.0,7.0,12,12,['Drama'],1,drama,37,223,2.5649493574615367,2.5649493574615367
"A young man sees a drunk, cute woman standing too close to the tracks at a metro station in Seoul and pulls her back. She ends up getting him into trouble repeatedly after that, starting on the train.",anger,My Sassy Girl,My Sassy Girl,1,"['Drama', 'Comedy', 'Romance']",5.8,6.0,2.0,9.0,20,10,"['Drama', 'Comedy', 'Romance']",3,drama comedy romance,38,200,3.044522437723423,2.3978952727983707
"When a regular guy dumps a superhero for her neediness, she uses her powers to make his life a living hell.",anger,My Super Ex-Girlfriend,My Super Ex-Girlfriend,1,"['Fantasy', 'Drama', 'Action', 'Comedy', 'Crime', 'Science Fiction']",8.166666666666666,8.5,4.0,10.0,18,18,"['Fantasy', 'Drama', 'Action', 'Comedy', 'Crime', 'Science Fiction']",6,fantasy drama action comedy crime science_fiction,21,107,2.9444389791664403,2.9444389791664403
"Scientist Sherman Klump's inventions, his upcoming marriage to his pretty colleague Denise Gaines and his reputation are threatened by his evil clone Buddy Love.",anger,Nutty Professor II: The Klumps,Nutty Professor II: The Klumps,1,"['Fantasy', 'Comedy', 'Romance', 'Science Fiction']",2.5454545454545454,1.0,1.0,9.0,22,22,"['Fantasy', 'Comedy', 'Romance', 'Science Fiction']",4,fantasy comedy romance science_fiction,24,161,3.1354942159291497,3.1354942159291497
"A cruel but beautiful heiress mocks and cheats a hired carpenter. When she gets amnesia after an accident, he decides to introduce her to regular life by convincing her that they're husband and wife.",anger,Overboard,Overboard,1,"['Comedy', 'Romance']",7.611111111111111,8.5,2.0,10.0,18,18,"['Comedy', 'Romance']",2,comedy romance,34,199,2.9444389791664403,2.9444389791664403
"A feud develops between two air traffic controllers: one cocky and determined while the other is restrained and laidback, which inevitably affects their lives.",anger,Pushing Tin,Pushing Tin,1,"['Comedy', 'Drama']",5.166666666666667,4.5,2.0,10.0,12,12,"['Comedy', 'Drama']",2,comedy drama,24,159,2.5649493574615367,2.5649493574615367
"In colonial Malaysia, British big game-hunter Otto Abbot and American trapper Harry Stanton clash over the ethics of catching versus killing animals and over Abbot's mistress, Anna.",anger,Rampage,Rampage,1,"['Thriller', 'Drama']",8.904761904761905,10.0,4.0,10.0,63,21,"['Thriller', 'Drama']",2,thriller drama,27,181,4.1588830833596715,3.091042453358316
"Rascha, the wild daughter of Costa, the Gypsy bear tamer, swears revenge on Jorga, her father's enemy, when he cuts off her braids (a sign of disgrace among the Gypsies). Jorga later ...                See full summary »",anger,Revenge,Revenge,1,"['Thriller', 'Drama', 'Romance', 'Crime']",5.0,5.0,2.0,9.0,39,13,"['Thriller', 'Drama', 'Romance', 'Crime']",4,thriller drama romance crime,37,220,3.6888794541139363,2.6390573296152584
A crazed man escapes from prison to kill his wife's lover.,anger,Rio,Rio,1,"['Animation', 'Adventure', 'Comedy', 'Family']",6.894736842105263,8.0,2.0,10.0,38,19,"['Animation', 'Adventure', 'Comedy', 'Family']",4,animation adventure comedy family,11,58,3.6635616461296463,2.995732273553991
"A domineering mother sets out to break up the romance and possible marriage of her daughter, Cecily Stoughton, with Ted Pyncheon by several contrived devices and bringing in other candidates more to her liking.",anger,Risky Business,Risky Business,1,"['Comedy', 'Romance']",7.588235294117647,8.0,4.0,10.0,17,17,"['Comedy', 'Romance']",2,comedy romance,34,210,2.8903717578961645,2.8903717578961645
Robin Hood decides to fight back as an outlaw when faced with the tyranny of the Sheriff of Nottingham.,anger,Robin Hood: Prince of Thieves,Robin Hood: Prince of Thieves,1,['Adventure'],6.333333333333333,7.0,2.0,10.0,15,15,['Adventure'],1,adventure,19,103,2.772588722239781,2.772588722239781
A hot tempered young boy gets into fight wherever he sees injustice around him. His life comes down crashing after he lock horns with a dangerous thug.,anger,Rocky,Rocky,1,['Drama'],5.785714285714286,5.0,2.0,9.0,14,14,['Drama'],1,drama,27,151,2.70805020110221,2.70805020110221
"Rocky is the story of a young man whose life changes in extraordinary circumstances beyond his control. Overnight, this ordinary guy turns into a deliverer of vengeance.",anger,Rocky,Rocky,1,['Drama'],5.785714285714286,5.0,2.0,9.0,14,14,['Drama'],1,drama,27,169,2.70805020110221,2.70805020110221
"Shankar a union leader looses his life in accident at work site while he was fighting with his boss Ratanlal for rights of workers,Ratanlal decides to agree on Shankar's demands after his ...                See full summary »",anger,Rocky,Rocky,1,['Drama'],5.785714285714286,5.0,2.0,9.0,14,14,['Drama'],1,drama,37,225,2.70805020110221,2.70805020110221
"Frustrated by the lack of intimacy in her relationship, a young schoolteacher goes through a series of intimidating and often violent sexual partners.",anger,Romance,Romance,1,"['Romance', 'Drama', 'Comedy']",4.5,4.5,4.0,5.0,6,2,"['Romance', 'Drama', 'Comedy']",3,romance drama comedy,23,150,1.9459101490553132,1.0986122886681098
"Two small-town Texas cops go undercover to catch a major drug dealer and are sucked into the drug culture, compromising their assignment.",anger,Rush,Rush,1,"['Crime', 'Drama']",6.7272727272727275,6.0,4.0,9.0,22,11,"['Crime', 'Drama']",2,crime drama,22,137,3.1354942159291497,2.4849066497880004
"As a young East Los Angeles Latino pursues his dream of becoming a great Salsa dancer, he is enraged to learn that his little sister is romantically involved with his best friend.",anger,Salsa,Salsa,1,"['Drama', 'Music', 'Romance']",5.0,5.0,4.0,6.0,2,2,"['Drama', 'Music', 'Romance']",3,drama music romance,32,179,1.0986122886681098,1.0986122886681098
A guy's life is turned around by an e-mail that includes the names of everyone he's had sex with--and ever will have sex with. His situation gets worse when he encounters a femme fatale (Ryder) who targets men guilty of sex crime.,anger,Sex and Death 101,Sex and Death 101,1,"['Comedy', 'Romance', 'Drama']",4.818181818181818,5.0,3.0,6.0,11,11,"['Comedy', 'Romance', 'Drama']",3,comedy romance drama,42,230,2.4849066497880004,2.4849066497880004
"On the day of her wedding to her sixth husband, a glamorous silver screen sex symbol is asked to intervene in a political dispute between nations, which leads to chaos.",anger,Sextette,Sextette,1,"['Comedy', 'Romance']",4.333333333333333,3.0,2.0,8.0,3,3,"['Comedy', 'Romance']",2,comedy romance,30,168,1.3862943611198906,1.3862943611198906
"A mean lord exiles fairytale creatures to the swamp of a grumpy ogre, who must go on a quest and rescue a princess for the lord in order to get his land back.",anger,Shrek,Shrek,1,"['Adventure', 'Animation', 'Comedy', 'Family', 'Fantasy']",9.222222222222221,10.0,8.0,10.0,9,9,"['Adventure', 'Animation', 'Comedy', 'Family', 'Fantasy']",5,adventure animation comedy family fantasy,33,158,2.302585092994046,2.302585092994046
"Goof and Hugo are flatmates in Amsterdam who have made a tidy sum from having sex with tourists, then robbing them. Their goal is to spend the money together on a world trip and their scam ...                See full summary »",anger,Siberia,Siberia,1,"['Drama', 'Crime', 'Romance', 'Foreign']",4.454545454545454,3.0,2.0,10.0,11,11,"['Drama', 'Crime', 'Romance', 'Foreign']",4,drama crime romance foreign,41,226,2.4849066497880004,2.4849066497880004
"When geeky Ethan discovers three fellow students scamming the examination system, he blackmails them to win over the college's most popular girl.",anger,Slackers,Slackers,1,"['Comedy', 'Romance']",5.5,6.0,3.0,7.0,4,4,"['Comedy', 'Romance']",2,comedy romance,22,145,1.6094379124341003,1.6094379124341003
Random people are taken for no apparent reason.,anger,Snatched,Snatched,1,"['Crime', 'Drama', 'Thriller']",5.222222222222222,7.0,2.0,8.0,18,9,"['Crime', 'Drama', 'Thriller']",3,crime drama thriller,8,47,2.9444389791664403,2.302585092994046
A computer hacker breaks into the computer system of the Seabourn Legend cruise liner and sets it speeding on a collision course into a gigantic oil tanker.,anger,Speed 2: Cruise Control,Speed 2: Cruise Control,1,"['Action', 'Adventure', 'Thriller']",3.652173913043478,2.0,1.0,10.0,23,23,"['Action', 'Adventure', 'Thriller']",3,action adventure thriller,27,156,3.1780538303479458,3.1780538303479458
She was used to him going to war for his country. Now she's going to war for him.,anger,Stay,Stay,1,"['Mystery', 'Thriller', 'Drama']",8.058823529411764,9.0,2.0,10.0,34,17,"['Mystery', 'Thriller', 'Drama']",3,mystery thriller drama,18,81,3.5553480614894135,2.8903717578961645
"A construction engineer with a heart of steel courts a social worker with a heart of gold, while fighting a protection racketeer that tries to derail the construction of the Golden Gate Bridge.",anger,Stranded,Stranded,1,"['Thriller', 'Drama', 'Science Fiction']",2.8260869565217392,2.0,1.0,8.0,115,23,"['Thriller', 'Drama', 'Science Fiction']",3,thriller drama science_fiction,33,193,4.7535901911063645,3.1780538303479458
"A lonely, obnoxious young millionaire pays a family to spend Christmas with him.",anger,Surviving Christmas,Surviving Christmas,1,"['Comedy', 'Romance']",6.066666666666666,7.0,2.0,10.0,15,15,"['Comedy', 'Romance']",2,comedy romance,13,80,2.772588722239781,2.772588722239781
What happens when you throw 2 guys who hate each other together? Add for good measure a beauty and a gangster and the trouble is no one can be trusted.,anger,Tashan,Tashan,1,"['Action', 'Comedy', 'Romance', 'Foreign']",4.25,3.0,1.0,10.0,24,24,"['Action', 'Comedy', 'Romance', 'Foreign']",4,action comedy romance foreign,30,151,3.2188758248682006,3.2188758248682006
"A young girl, after failing an exam, is forced by her father, a taxi-driver, to learn his profession. Soon she discovers that her father is not only a driver but also a member of a racist ...                See full summary »",anger,Taxi,Taxi,1,"['Action', 'Comedy', 'Crime']",4.826086956521739,4.0,1.0,10.0,69,23,"['Action', 'Comedy', 'Crime']",3,action comedy crime,41,225,4.248495242049359,3.1780538303479458
"Hamburg, mid 80s, ALEX is a cabby. The sound is hard, pubs are dark and loud, people constantly argue about anything and everything, people smoke all the time, and not just cigarettes. Alex...                See full summary »",anger,Taxi,Taxi,1,"['Action', 'Comedy', 'Crime']",4.826086956521739,4.0,1.0,10.0,69,23,"['Action', 'Comedy', 'Crime']",3,action comedy crime,37,226,4.248495242049359,3.1780538303479458
Independent cabbie Matt Nolan is primed to let his fists and handgun deliver payback after a big taxi firm uses intimidation and violence to squeeze out small-timers.,anger,Taxi,Taxi,1,"['Action', 'Comedy', 'Crime']",4.826086956521739,4.0,1.0,10.0,69,23,"['Action', 'Comedy', 'Crime']",3,action comedy crime,27,166,4.248495242049359,3.1780538303479458
"When talk-radio host Emma Lloyd advises one of her listeners to break up with her boyfriend, the jilted ex sets about getting his revenge.",anger,The Accidental Husband,The Accidental Husband,1,"['Comedy', 'Romance']",5.842105263157895,6.0,2.0,10.0,19,19,"['Comedy', 'Romance']",2,comedy romance,24,138,2.995732273553991,2.995732273553991
An architect engages in conflict with an activist who lives in a dangerous complex the architect designed.,anger,The Architect,The Architect,1,['Drama'],4.0,4.0,4.0,4.0,2,1,['Drama'],1,drama,17,106,1.0986122886681098,0.6931471805599453
Misadventures of a bogus flyer.,anger,The Aviator,The Aviator,1,"['Drama', 'Adventure', 'Romance']",6.25,6.0,2.0,10.0,40,20,"['Drama', 'Adventure', 'Romance']",3,drama adventure romance,5,31,3.713572066704308,3.044522437723423
A mistake made by the bride rejoins 4 old friends of disaster and a father in law! 5 guys go to Thassaloniki to tear everything down. A father in law gets in a hearse in order to kill a ...                See full summary »,anger,The Bachelor,The Bachelor,1,['Comedy'],3.7857142857142856,1.0,1.0,10.0,28,14,['Comedy'],1,comedy,44,223,3.367295829986474,2.70805020110221
"Two high school boys, reenacting historic battles, use learned strategy and team up for war on a school bully. One falls for the other's sister.",anger,The Battle of Shaker Heights,The Battle of Shaker Heights,1,"['Comedy', 'Drama', 'Romance']",4.0,4.0,4.0,4.0,4,4,"['Comedy', 'Drama', 'Romance']",3,comedy drama romance,25,144,1.6094379124341003,1.6094379124341003
Escaped convict Jack Hammond takes a woman hostage and sets off for the Mexican border with the police hot on his tail.,anger,The Chase,The Chase,1,"['Thriller', 'Drama', 'Crime']",6.166666666666667,7.0,3.0,7.0,18,6,"['Thriller', 'Drama', 'Crime']",3,thriller drama crime,22,119,2.9444389791664403,1.9459101490553132
"After greedy men have Edmond Dantes unjustly imprisoned for 20 years for innocently delivering a letter entrusted to him, he escapes to get his revenge on them.",anger,The Count of Monte Cristo,The Count of Monte Cristo,1,"['Action', 'Adventure', 'Drama', 'Thriller']",8.166666666666666,8.0,7.0,9.0,24,6,"['Action', 'Adventure', 'Drama', 'Thriller']",4,action adventure drama thriller,27,160,3.2188758248682006,1.9459101490553132
"A high school senior instigates a social pecking order revolution after finding out that she has been labeled the DUFF - Designated Ugly Fat Friend - by her prettier, more popular counterparts.",anger,The DUFF,The DUFF,1,"['Romance', 'Comedy']",6.095238095238095,6.0,2.0,10.0,21,21,"['Romance', 'Comedy']",2,romance comedy,32,193,3.091042453358316,3.091042453358316
"In 1952, during the Korean War, two American pilots become bitter enemies over the same woman but must shelf their personal feud when confronted by deadly Chinese MIG fighter jets in battle.",anger,The Hunters,The Hunters,1,"['Action', 'Drama', 'Romance', 'War']",4.541666666666667,3.0,1.0,10.0,144,24,"['Action', 'Drama', 'Romance', 'War']",4,action drama romance war,32,190,4.976733742420574,3.2188758248682006
"With a plan to exact revenge on a mythical shark that killed his partner, Oceanographer Steve Zissou (Bill Murray) rallies a crew that includes his estranged wife, a journalist, and a man who may or may not be his son.",anger,The Life Aquatic with Steve Zissou,The Life Aquatic with Steve Zissou,1,"['Adventure', 'Comedy', 'Drama']",6.666666666666667,7.0,3.0,9.0,6,6,"['Adventure', 'Comedy', 'Drama']",3,adventure comedy drama,40,218,1.9459101490553132,1.9459101490553132
A mad scientist changes his simple-minded handyman into a werewolf in order to prove his supposedly crazy scientific theories - and exact revenge.,anger,The Mad Monster,The Mad Monster,1,"['Horror', 'Drama', 'Romance']",4.857142857142857,4.0,2.0,9.0,21,21,"['Horror', 'Drama', 'Romance']",3,horror drama romance,23,146,3.091042453358316,3.091042453358316
"A young thief seeking revenge for his brother's death is trained by the once-great, aging Zorro, who is pursuing his own vengeance.",anger,The Mask of Zorro,The Mask of Zorro,1,"['Action', 'Adventure']",7.111111111111111,8.0,2.0,10.0,18,18,"['Action', 'Adventure']",2,action adventure,22,131,2.9444389791664403,2.9444389791664403
A scorned mistress makes a film for her ex-lover.,anger,The Other Woman,The Other Woman,1,['Drama'],9.523809523809524,10.0,8.0,10.0,42,21,['Drama'],1,drama,9,49,3.7612001156935624,3.091042453358316
"After discovering that her boyfriend is married, Carly meets the wife he's been betraying; when yet another affair is discovered, all three women team up to plot revenge on the three-timing S.O.B.",anger,The Other Woman,The Other Woman,1,['Drama'],9.523809523809524,10.0,8.0,10.0,42,21,['Drama'],1,drama,32,196,3.7612001156935624,3.091042453358316
A womanizer meets his match when he falls for a woman in debt to the mafia.,anger,The Pick-up Artist,The Pick-up Artist,1,"['Romance', 'Comedy', 'Crime', 'Drama']",5.090909090909091,6.0,3.0,6.0,11,11,"['Romance', 'Comedy', 'Crime', 'Drama']",4,romance comedy crime drama,16,75,2.4849066497880004,2.4849066497880004
"A corporate heir's mother pays for his disfigured girlfriend's plastic surgery, on one condition.",anger,The Promise,The Promise,1,"['Drama', 'Romance']",9.590909090909092,10.0,7.0,10.0,88,22,"['Drama', 'Romance']",2,drama romance,14,97,4.48863636973214,3.1354942159291497
"When his powerful crime czar boss kills the man he considered a mentor, a young gangster on the rise goes to war in order to get revenge.",anger,The Promise,The Promise,1,"['Drama', 'Romance']",9.590909090909092,10.0,7.0,10.0,88,22,"['Drama', 'Romance']",2,drama romance,27,137,4.48863636973214,3.1354942159291497
"When the 26-year-old Civics teacher, Kevin, openly voices his stance on marriage equality at school, he stirs up a storm. His being madly in love with an HIV positive man doesn't sit well ...                See full summary »",anger,The Teacher,The Teacher,1,"['Thriller', 'Crime']",4.6,5.0,4.0,5.0,5,5,"['Thriller', 'Crime']",2,thriller crime,38,225,1.791759469228055,1.791759469228055
D'Artagnan and his Musketeer comrades thwart the plans of Cardinal Richelieu to usurp King Louis XIII's power.,anger,The Three Musketeers,The Three Musketeers,1,"['Action', 'Adventure', 'Comedy']",7.3125,8.0,3.0,10.0,112,16,"['Action', 'Adventure', 'Comedy']",3,action adventure comedy,17,110,4.727387818712341,2.833213344056216
D'Artagnan sings and fronts for slapstick cowardly Ritz brothers posing as musketeers.,anger,The Three Musketeers,The Three Musketeers,1,"['Action', 'Adventure', 'Comedy']",7.3125,8.0,3.0,10.0,112,16,"['Action', 'Adventure', 'Comedy']",3,action adventure comedy,12,86,4.727387818712341,2.833213344056216
The hot-headed young D'Artagnan along with three former legendary but now down-on-their-luck Musketeers must unite and defeat a beautiful double agent and her villainous employer from seizing the French throne and engulfing Europe in war.,anger,The Three Musketeers,The Three Musketeers,1,"['Action', 'Adventure', 'Comedy']",7.3125,8.0,3.0,10.0,112,16,"['Action', 'Adventure', 'Comedy']",3,action adventure comedy,35,238,4.727387818712341,2.833213344056216
"The story revolves around an Emperor who does not know martial arts and an Empress who is skilled in swords fighting. They dislike each other and do not get along. One day, they find out ...                See full summary »",anger,The Trust,The Trust,1,"['Crime', 'Thriller']",6.733333333333333,7.0,4.0,9.0,15,15,"['Crime', 'Thriller']",2,crime thriller,40,224,2.772588722239781,2.772588722239781
An uptight television producer takes control of a morning show segment on modern relationships hosted by a misogynistic man.,anger,The Ugly Truth,The Ugly Truth,1,"['Comedy', 'Romance']",7.375,8.0,3.0,10.0,16,16,"['Comedy', 'Romance']",2,comedy romance,19,124,2.833213344056216,2.833213344056216
A criminal on the run hides in a circus and seeks to possess the daughter of the ringmaster at any cost.,anger,The Unknown,The Unknown,1,"['Drama', 'Horror', 'Romance']",5.333333333333333,5.5,2.0,9.0,18,18,"['Drama', 'Horror', 'Romance']",3,drama horror romance,21,104,2.9444389791664403,2.9444389791664403
"When his wife becomes the latest victim of a serial killer, Guru blurs the line between good and evil in his pursuit of revenge.",anger,The Villain,The Villain,1,"['Comedy', 'Western']",5.0,5.0,3.0,6.0,14,7,"['Comedy', 'Western']",2,comedy western,24,128,2.70805020110221,2.0794415416798357
"Young gypsy girl Mary, is seduced by the immoral Robert Crane and abandoned. She is exiled from the gypsies and, along with her mother Zenda, known as ""The Woman in Black,"" she vows revenge...                See full summary »",anger,The Woman in Black,The Woman in Black,1,"['Horror', 'Mystery']",6.421052631578948,7.0,2.0,10.0,38,19,"['Horror', 'Mystery']",2,horror mystery,38,226,3.6635616461296463,2.995732273553991
C.I.A. operatives wage an epic battle on each other when they discover they are dating the same woman.,anger,This Means War,This Means War,1,"['Action', 'Comedy', 'Romance']",6.8125,8.0,2.0,10.0,16,16,"['Action', 'Comedy', 'Romance']",3,action comedy romance,18,102,2.833213344056216,2.833213344056216
"A lawyer decides that she's used too much like a nanny by her boss, so she walks out on him.",anger,Two Weeks Notice,Two Weeks Notice,1,"['Comedy', 'Romance']",7.076923076923077,7.0,2.0,10.0,13,13,"['Comedy', 'Romance']",2,comedy romance,20,92,2.6390573296152584,2.6390573296152584
His family was his when they took it away--that's when his vendetta begins.,anger,Vendetta,Vendetta,1,"['Action', 'Thriller']",5.625,6.0,2.0,8.0,32,16,"['Action', 'Thriller']",2,action thriller,13,75,3.4965075614664802,2.833213344056216
"A frustrated teenage girl creates her perfect man in a virtual reality machine and in a freak accident, gives him life.",anger,Virtual Sexuality,Virtual Sexuality,1,['Comedy'],5.666666666666667,6.0,3.0,9.0,15,15,['Comedy'],1,comedy,21,119,2.772588722239781,2.772588722239781
A local sheriff is unjustly accused of murder in a small town and forced to flee. He gets rid of his enemies one by one and tries to prove his innocence.,anger,Wanted,Wanted,1,"['Action', 'Thriller', 'Crime']",7.944444444444445,8.0,2.0,10.0,54,18,"['Action', 'Thriller', 'Crime']",3,action thriller crime,31,153,4.007333185232471,2.9444389791664403
"A man screws up on a transcontinental level in a noble effort to win back ""the one.""",anger,We'll Never Have Paris,We'll Never Have Paris,1,"['Comedy', 'Romance']",5.454545454545454,6.0,3.0,8.0,11,11,"['Comedy', 'Romance']",2,comedy romance,17,84,2.4849066497880004,2.4849066497880004
"Running from her horrific abusive past, Sheila enlists her best friend and love interest Charlie into running from her demons, and head straight into a violent rampage through Northern ...                See full summary »",anger,White Heat,White Heat,1,"['Crime', 'Drama', 'Thriller']",8.0,9.0,5.0,9.0,10,10,"['Crime', 'Drama', 'Thriller']",3,crime drama thriller,34,222,2.3978952727983707,2.3978952727983707
A man becomes obsessed with vengeance when his soul mate marries another man.,anger,Wuthering Heights,Wuthering Heights,1,"['Drama', 'Romance']",4.0,4.0,4.0,4.0,8,2,"['Drama', 'Romance']",2,drama romance,13,77,2.1972245773362196,1.0986122886681098
"When a young woman realizes her brother is about to marry the girl who bullied her in high school, she sets out to expose the fiancée's true colors.",anger,You Again,You Again,1,"['Comedy', 'Romance']",5.9523809523809526,6.0,2.0,9.0,21,21,"['Comedy', 'Romance']",2,comedy romance,28,148,3.091042453358316,3.091042453358316
"The feature film directing debut of Spike Lee protege Lee Davis takes the viewer into the world of taxi drivers. Developed in the Sundance Laboratory, this film offers dove-tailing stories ...                See full summary »",anticipation,3 A.M.,3 A.M.,1,"['Crime', 'Drama']",8.0,8.0,7.0,9.0,2,2,"['Crime', 'Drama']",2,crime drama,35,226,1.0986122886681098,1.0986122886681098
"After so many years of dating in the late 1900's, Lily Chagsteen (Amara Overmyer) and Ben Chagsteen (Elias Peraza) get a letter from a ""mysterious"" woman in Paris, France stating that she ...                See full summary »",anticipation,37,37,1,['Drama'],2.0,2.0,2.0,2.0,1,1,['Drama'],1,drama,37,225,0.6931471805599453,0.6931471805599453
"Inspired by a true story, a comedy centered on a 27-year-old guy who learns of his cancer diagnosis and his subsequent struggle to beat the disease.",anticipation,50/50,50/50,1,"['Comedy', 'Drama']",6.944444444444445,8.0,2.0,10.0,18,18,"['Comedy', 'Drama']",2,comedy drama,26,148,2.9444389791664403,2.9444389791664403
"In London, intense sexual encounters take place between an American college student, named Lisa, and an English scientist, named Matt, between attending rock concerts.",anticipation,9 Songs,9 Songs,1,"['Drama', 'Music', 'Romance']",7.0,8.0,3.0,10.0,11,11,"['Drama', 'Music', 'Romance']",3,drama music romance,24,167,2.4849066497880004,2.4849066497880004
A look at how the intense relationship between Carl Jung and Sigmund Freud gives birth to psychoanalysis.,anticipation,A Dangerous Method,A Dangerous Method,1,"['Drama', 'Thriller']",5.777777777777778,6.0,3.0,9.0,18,18,"['Drama', 'Thriller']",2,drama thriller,17,105,2.9444389791664403,2.9444389791664403
"Inspired by the article ""A Kiss Before Dying"" by Pamela Colloff, published by Texas Monthly.",anticipation,A Kiss Before Dying,A Kiss Before Dying,1,"['Drama', 'Thriller', 'Crime', 'Mystery', 'Romance']",4.0,4.0,4.0,4.0,2,1,"['Drama', 'Thriller', 'Crime', 'Mystery', 'Romance']",5,drama thriller crime mystery romance,15,92,1.0986122886681098,0.6931471805599453
The Spanish interpretation of the 1973 classic.,anticipation,A Star Is Born,A Star Is Born,1,['Drama'],7.136363636363637,7.5,2.0,10.0,44,22,['Drama'],1,drama,7,47,3.8066624897703196,3.1354942159291497
An investigation of a college student's missing boyfriend becomes quite strange when she begins to see him periodically.,anticipation,Abandon,Abandon,1,"['Drama', 'Mystery', 'Thriller']",5.352941176470588,5.0,2.0,10.0,17,17,"['Drama', 'Mystery', 'Thriller']",3,drama mystery thriller,18,120,2.8903717578961645,2.8903717578961645
"In the summer of 1987, a college graduate takes a 'nowhere' job at his local amusement park, only to find it's the perfect course to get him prepared for the real world.",anticipation,Adventureland,Adventureland,1,['Comedy'],6.294117647058823,8.0,2.0,9.0,17,17,['Comedy'],1,comedy,32,169,2.8903717578961645,2.8903717578961645
"Vignettes about eight different couples at varying points in their relationships, each having conversations immediately after having sex.",anticipation,After Sex,After Sex,1,['Comedy'],6.0,6.0,6.0,6.0,1,1,['Comedy'],1,comedy,18,137,0.6931471805599453,0.6931471805599453
A government agent trains Cody Banks in the ways of covert operations that require younger participants.,anticipation,Agent Cody Banks,Agent Cody Banks,1,['Action'],5.238095238095238,5.0,2.0,10.0,21,21,['Action'],1,action,16,104,3.091042453358316,3.091042453358316
"Hady, a famous actor, is shortlisted for the role of the young pope in an international production. To prepare for the decisive casting, Hady chooses to hole up, away from his hectic life, ...                See full summary »",anticipation,All Roads Lead to Rome,All Roads Lead to Rome,1,"['Comedy', 'Romance']",5.125,5.0,2.0,10.0,8,8,"['Comedy', 'Romance']",2,comedy romance,38,226,2.1972245773362196,2.1972245773362196
"John Livingston is a rich mama's-boy, who owns a blooded dog named Paul. Paul meets Maggie Mutt, and Paul, being a pedigree canine and somewhat of a cad, lures trusting Maggie to the barn ...                See full summary »",anticipation,Almost Human,Almost Human,1,"['Horror', 'Science Fiction']",8.1,9.0,5.0,9.0,10,10,"['Horror', 'Science Fiction']",2,horror science_fiction,39,225,2.3978952727983707,2.3978952727983707
"American soldier, obviously very skilled in martial arts, single-handedly takes on mercenaries in the Philippines.",anticipation,American Ninja,American Ninja,1,"['Action', 'Adventure']",6.25,6.0,5.0,7.0,8,8,"['Action', 'Adventure']",2,action adventure,15,114,2.1972245773362196,2.1972245773362196
"In this sexy lesbian romp, Lola will lose her job and her girlfriend if she can't get to a crucial meeting on time. She's got just three chances to get it right.",anticipation,And Then Came Lola,And Then Came Lola,1,"['Comedy', 'Drama']",3.4,3.0,1.0,7.0,5,5,"['Comedy', 'Drama']",2,comedy drama,32,161,1.791759469228055,1.791759469228055
"The rise and fall of a young eccentric British writer, in the early 20th century.",anticipation,Angel,Angel,1,"['Comedy', 'Drama', 'Romance']",1.0,1.0,1.0,1.0,5,1,"['Comedy', 'Drama', 'Romance']",3,comedy drama romance,15,81,1.791759469228055,0.6931471805599453
"Un Ange follows the encounter of a prostitute, Fae, and a world-famous athlete, Thierry.",anticipation,Angel,Angel,1,"['Comedy', 'Drama', 'Romance']",1.0,1.0,1.0,1.0,5,1,"['Comedy', 'Drama', 'Romance']",3,comedy drama romance,14,88,1.791759469228055,0.6931471805599453
"Set against the backdrop of boxing at the Naval Academy, centers on a young man from the wrong side of the tracks whose dream of attending Annapolis becomes a reality.",anticipation,Annapolis,Annapolis,1,['Drama'],6.421052631578948,6.0,2.0,10.0,19,19,['Drama'],1,drama,30,167,2.995732273553991,2.995732273553991
"A late bloomer, 15-year-old Flo experiences his sexual awakening, relentlessly targeting his gorgeous classmate Leonie. Flos friends eagerly try to help him out. The only problem may be Leonies boyfriend.",anticipation,Ants in the Pants,Ants in the Pants,1,"['Comedy', 'Romance']",8.4,9.0,7.0,9.0,5,5,"['Comedy', 'Romance']",2,comedy romance,30,204,1.791759469228055,1.791759469228055
"To impress a foxy divorcee, ladies' man Nick offers to take her kids on an extended road trip, unaware of the torture he's in for.",anticipation,Are We There Yet?,Are We There Yet?,1,"['Adventure', 'Comedy', 'Family', 'Romance']",6.611111111111111,7.5,2.0,10.0,18,18,"['Adventure', 'Comedy', 'Family', 'Romance']",4,adventure comedy family romance,25,130,2.9444389791664403,2.9444389791664403
A Victorian Englishman bets that with the new steamships and railways he can circumnavigate the globe in eighty days.,anticipation,Around the World in 80 Days,Around the World in 80 Days,1,"['Action', 'Adventure', 'Comedy']",6.823529411764706,8.0,2.0,10.0,34,17,"['Action', 'Adventure', 'Comedy']",3,action adventure comedy,19,117,3.5553480614894135,2.8903717578961645
"A woman becomes very curious about one of her psychiatrist husband's inmates, a man who was found guilty in the murder and disfigurement of his former wife.",anticipation,Asylum,Asylum,1,"['Horror', 'Thriller', 'Mystery']",9.0,9.0,9.0,9.0,4,1,"['Horror', 'Thriller', 'Mystery']",3,horror thriller mystery,27,156,1.6094379124341003,0.6931471805599453
Three friends are asked to be bridesmaids at a wedding of a woman they used to ridicule back in high school.,anticipation,Bachelorette,Bachelorette,1,"['Comedy', 'Romance']",6.75,8.0,2.0,10.0,16,16,"['Comedy', 'Romance']",2,comedy romance,21,108,2.833213344056216,2.833213344056216
Four prostitutes join together to travel the Old West.,anticipation,Bad Girls,Bad Girls,1,"['Action', 'Adventure', 'Comedy', 'Drama', 'Western']",5.625,5.0,3.0,9.0,16,8,"['Action', 'Adventure', 'Comedy', 'Drama', 'Western']",5,action adventure comedy drama western,9,54,2.833213344056216,2.1972245773362196
"Hoping to impress a pretty girl he's after, a playboy poses as a newspaperman and goes after a big story.",anticipation,Badge of Honor,Badge of Honor,1,"['Drama', 'Crime', 'Thriller']",6.0,6.0,6.0,6.0,2,2,"['Drama', 'Crime', 'Thriller']",3,drama crime thriller,20,105,1.0986122886681098,1.0986122886681098
"Four ""actors"" go to a cabin in the woods for the weekend to write a movie script. They talk about a relationship movie or a paper bag over the head movie. It starts with an anonymous baghead and slowly escalates.",anticipation,Baghead,Baghead,1,"['Drama', 'Comedy', 'Horror']",4.0,4.0,4.0,4.0,2,2,"['Drama', 'Comedy', 'Horror']",3,drama comedy horror,40,212,1.0986122886681098,1.0986122886681098
The story is of a deaf-mute hitman and his partner who are based in Bangkok. He is friends with his partner's girlfriend who is a stripper at a local club. They go about their assassination...                See full summary »,anticipation,Bangkok Dangerous,Bangkok Dangerous,1,"['Thriller', 'Action', 'Crime', 'Drama']",5.315789473684211,6.0,2.0,9.0,38,19,"['Thriller', 'Action', 'Crime', 'Drama']",4,thriller action crime drama,39,226,3.6635616461296463,2.995732273553991
"A modern-day take on the ""Beauty and the Beast"" tale where a New York teen is transformed into a hideous monster in order to find true love.",anticipation,Beastly,Beastly,1,"['Drama', 'Fantasy', 'Romance']",5.545454545454546,5.5,2.0,10.0,22,22,"['Drama', 'Fantasy', 'Romance']",3,drama fantasy romance,27,140,3.1354942159291497,3.1354942159291497
"Ethan Wate longs to escape his small southern town. He meets a mysterious new girl, Lena Duchannes. Together, they uncover dark secrets about their respective families, their history, and their town.",anticipation,Beautiful Creatures,Beautiful Creatures,1,"['Comedy', 'Crime', 'Drama', 'Thriller']",7.133333333333334,7.0,4.0,10.0,30,15,"['Comedy', 'Crime', 'Drama', 'Thriller']",4,comedy crime drama thriller,31,199,3.4339872044851463,2.772588722239781
Detective tries to figure out who killed a man who predicted his own death.,anticipation,Before Midnight,Before Midnight,1,"['Romance', 'Drama']",6.636363636363637,6.0,3.0,9.0,11,11,"['Romance', 'Drama']",2,romance drama,14,75,2.4849066497880004,2.4849066497880004
"Thinking he can overshadow an unknown actress in the part, an egocentric actor unknowingly gets a witch cast in an upcoming television remake of the classic sitcom Bewitched (1964).",anticipation,Bewitched,Bewitched,1,"['Comedy', 'Fantasy', 'Romance']",3.608695652173913,1.0,1.0,10.0,46,23,"['Comedy', 'Fantasy', 'Romance']",3,comedy fantasy romance,29,181,3.8501476017100584,3.1780538303479458
A visitor to the Everglades swamps in Florida encounters and falls in love with an uneducated girl. But he finds competition for her affections from the unlikely and mysterious A. ...                See full summary »,anticipation,Big Daddy,Big Daddy,1,"['Comedy', 'Drama']",6.545454545454546,7.0,2.0,10.0,11,11,"['Comedy', 'Drama']",2,comedy drama,35,217,2.4849066497880004,2.4849066497880004
"A drama about the awakening of painter Margaret Keane, her phenomenal success in the 1950s, and the subsequent legal difficulties she had with her husband, who claimed credit for her works in the 1960s.",anticipation,Big Eyes,Big Eyes,1,['Drama'],6.7272727272727275,7.0,2.0,10.0,22,22,['Drama'],1,drama,34,202,3.1354942159291497,3.1354942159291497
"Two rock-'n-rolling teens, on the verge of failing their class, are approached by a time machine that helps them make the ultimate history presentation.",anticipation,Bill & Ted's Excellent Adventure,Bill & Ted's Excellent Adventure,1,"['Adventure', 'Comedy', 'Science Fiction']",6.928571428571429,7.5,2.0,10.0,14,14,"['Adventure', 'Comedy', 'Science Fiction']",3,adventure comedy science_fiction,24,152,2.70805020110221,2.70805020110221
Add a Plot,anticipation,Black Sheep,Adam and Eve | Aladdin | Albela | Anna | Anna Karenina | Beauty and the Beast | Black Sheep | Blind Date | Boys and Girls | Broken | Butterfly | Cake | Catch and Release | Chef | Chocolate | Darling | Date Night | Do Not Disturb | Festival | For the Birds | Forever | Get Over It | Happy New Year | Hero | High Life | Honeymoon | It Happened One Night | It's Complicated | Just Friends | Just a Kiss | Khushi | King's Ransom | Knockout | La La Land | Last Resort | Life | Life Is Beautiful | Love | Maggie | Maine Dil Tujhko Diya | Man of the House | Mark of the Devil | Midnight | Mirrors | Nostalgia | Obsession | Once Upon a Time | Perfume | Phoenix | Plastic | Queen | Revenge | Robin Hood | Romance | Scent of a Woman | School Spirit | Secrets & Lies | She's the One | Sleeping Beauty | Spy | Stalker | Stranded | Summer Love | Sunset | Superman | Supernova | Temptation | The Breaking Point | The Guest | The Knot | The List | The Lovers | The One | The Other Half | The Perfect Husband | The Perfect Man | The Raven | The Return | The Wedding Planner | True Love | Truth or Dare | Underground | Unforgettable | Valentine | Valentine's Day | Valiant | Vertigo | Wish You Were Here | You Again,89,['Comedy'],5.48852157943067,5.0,1.0,10.0,2178,1067,['Comedy'],1,comedy,3,10,7.68662133494462,6.97354301952014
"The relationship of a contemporary married couple, charting their evolution over a span of years by cross-cutting between time periods.",anticipation,Blue Valentine,Blue Valentine,1,"['Drama', 'Romance']",5.3076923076923075,6.0,2.0,9.0,13,13,"['Drama', 'Romance']",2,drama romance,20,135,2.6390573296152584,2.6390573296152584
"Set in the 1920s, a young woman sets out to lose her virginity. Her mission leads her to a Moroccan sheikh and a Spanish bullfighter.",anticipation,Bolero,Bolero,1,"['Drama', 'Romance']",4.65,3.5,1.0,10.0,20,20,"['Drama', 'Romance']",2,drama romance,25,133,3.044522437723423,3.044522437723423
"'Yesterday's tragedy is today's comedy.' Caffe 'Boomerang' is one of Belgrade's many cafes. Seemingly just a backdrop for our cast of crazy characters, but in reality much more than that. ...                See full summary »",anticipation,Boomerang,Boomerang,1,"['Comedy', 'Romance']",6.875,8.0,2.0,10.0,16,16,"['Comedy', 'Romance']",2,comedy romance,35,225,2.833213344056216,2.833213344056216
A champion high school cheerleading squad discovers its previous captain stole all their best routines from an inner-city school and must scramble to compete at this year's championships.,anticipation,Bring It On,Bring It On,1,['Comedy'],6.4375,7.0,2.0,10.0,16,16,['Comedy'],1,comedy,28,187,2.833213344056216,2.833213344056216
A small-town girl ventures to Los Angeles and finds her place in a neo-burlesque club run by a former dancer.,anticipation,Burlesque,Burlesque,1,"['Drama', 'Romance']",8.090909090909092,9.0,2.0,10.0,22,22,"['Drama', 'Romance']",2,drama romance,20,109,3.1354942159291497,3.1354942159291497
"The U.S. government, eager to protect the nation's avocado supplies, recruits feminist professor Margo Hunt to make contact with the Piranha Women, an all-female tribe who believe men are only good as a source of food.",anticipation,Cannibal Women in the Avocado Jungle of Death,Cannibal Women in the Avocado Jungle of Death,1,"['Horror', 'Comedy', 'Adventure']",6.0,7.0,2.0,9.0,15,15,"['Horror', 'Comedy', 'Adventure']",3,horror comedy adventure,36,218,2.772588722239781,2.772588722239781
An aspiring photographer develops an intimate relationship with an older woman in 1950s New York.,anticipation,Carol,Carol,1,"['Romance', 'Drama']",6.0,6.0,2.0,9.0,17,17,"['Romance', 'Drama']",2,romance drama,15,97,2.8903717578961645,2.8903717578961645
A food writer who has lied about being the perfect housewife must try to cover her deception when her boss and a returning war hero invite themselves to her home for a traditional family Christmas.,anticipation,Christmas in Connecticut,Christmas in Connecticut,1,"['Comedy', 'Romance']",5.166666666666667,5.0,4.0,6.0,6,6,"['Comedy', 'Romance']",2,comedy romance,35,197,1.9459101490553132,1.9459101490553132
An updated take on the classic tale of a mistreated step-daughter who dreams of marrying a prince.,anticipation,Cinderella,Cinderella,1,"['Family', 'Fantasy', 'Animation', 'Romance']",5.473684210526316,4.0,2.0,10.0,209,19,"['Family', 'Fantasy', 'Animation', 'Romance']",4,family fantasy animation romance,17,98,5.3471075307174685,2.995732273553991
"The story of James J. Braddock, a supposedly washed-up boxer who came back to challenge for the heavyweight championship of the world.",anticipation,Cinderella Man,Cinderella Man,1,"['Romance', 'Drama', 'History']",6.25,7.5,2.0,9.0,8,8,"['Romance', 'Drama', 'History']",3,romance drama history,22,134,2.1972245773362196,2.1972245773362196
A romantic drama about an old woman in her mid-60s who enters into an affair after 30 years of marriage.,anticipation,Cloud 9,Cloud 9,1,"['Drama', 'Romance']",5.0,5.0,5.0,5.0,3,1,"['Drama', 'Romance']",2,drama romance,20,104,1.3862943611198906,0.6931471805599453
"Shallow, rich and socially successful Cher is at the top of her Beverly Hills high school's pecking scale. Seeing herself as a matchmaker, Cher first coaxes two teachers into dating each other.",anticipation,Clueless,Clueless,1,"['Comedy', 'Drama', 'Romance']",6.8125,7.0,2.0,10.0,16,16,"['Comedy', 'Drama', 'Romance']",3,comedy drama romance,32,193,2.833213344056216,2.833213344056216
"The trials and tribulations of wealthy young Manhattanites and their sexual coming of age, a romantic comedy set at an Upper East Side preparatory school.",anticipation,Coming Soon,Coming Soon,1,"['Romance', 'Comedy']",6.375,6.0,3.0,9.0,16,8,"['Romance', 'Comedy']",2,romance comedy,25,154,2.833213344056216,2.1972245773362196
"An adaptation of the cult memoir of game show impresario Chuck Barris (Sam Rockwell), in which he purports to have been a C.I.A. hitman.",anticipation,Confessions of a Dangerous Mind,Confessions of a Dangerous Mind,1,"['Comedy', 'Crime', 'Drama', 'Romance', 'Thriller']",7.571428571428571,8.0,4.0,10.0,14,14,"['Comedy', 'Crime', 'Drama', 'Romance', 'Thriller']",5,comedy crime drama romance thriller,24,136,2.70805020110221,2.70805020110221
"Southern California's Hotel Coronado caters to, and is frequented by, members of the social upper-crust. Although she lives on the wrong side of the San Diego tracks, in a tent-city with ...                See full summary »",anticipation,Coronado,Coronado,1,"['Action', 'Adventure', 'Thriller']",4.818181818181818,6.0,2.0,7.0,11,11,"['Action', 'Adventure', 'Thriller']",3,action adventure thriller,36,224,2.4849066497880004,2.4849066497880004
A wannabe blues-guitar virtuoso seeks a long-lost song by legendary musician Roberto Johnson.,anticipation,Crossroads,Crossroads,1,"['Action', 'Adventure', 'Comedy', 'Drama', 'Family', 'Music', 'Romance']",3.1052631578947367,1.0,1.0,10.0,57,19,"['Action', 'Adventure', 'Comedy', 'Drama', 'Family', 'Music', 'Romance']",7,action adventure comedy drama family music romance,13,93,4.060443010546419,2.995732273553991
Two vicious step-siblings of an elite Manhattan prep school make a wager: to deflower the new headmaster's daughter before the start of term.,anticipation,Cruel Intentions,Cruel Intentions,1,"['Drama', 'Romance', 'Thriller']",8.0,9.5,3.0,10.0,8,8,"['Drama', 'Romance', 'Thriller']",3,drama romance thriller,23,141,2.1972245773362196,2.1972245773362196
"Plaid-skirted schoolgirls are groomed by a secret government agency to become the newest members of the elite national-defense group, D.E.B.S.",anticipation,D.E.B.S.,D.E.B.S.,1,['Action'],7.0,8.0,3.0,9.0,6,6,['Action'],1,action,20,142,1.9459101490553132,1.9459101490553132
"Phil, a part-time truck driver and singer who wears his pants far too high, meets a feisty platinum blonde who challenges him to a drag race through Griffith Park. When he is caught and ...                See full summary »",anticipation,Daddy-O,Daddy-O,1,[],4.2727272727272725,4.0,1.0,10.0,11,11,[],0,unknown_genre,39,223,2.4849066497880004,2.4849066497880004
"Spoof of romantic comedies which focuses on a man, his crush, his parents, and her father.",anticipation,Date Movie,Date Movie,1,['Comedy'],3.64,1.0,1.0,10.0,25,25,['Comedy'],1,comedy,16,90,3.258096538021482,3.258096538021482
Feminine and romantic melodrama that women are the main target audience. The story of four intersecting narratives are intertwined and linked together. Foojan released the designer has to ...                See full summary »,anticipation,Day and Night,Day and Night,1,['Drama'],3.5,3.5,1.0,6.0,2,2,['Drama'],1,drama,33,225,1.0986122886681098,1.0986122886681098
A funeral parlor employee looks to unravel a 10-year-old mystery.,anticipation,Dead Awake,Dead Awake,1,"['Thriller', 'Romance']",3.625,3.0,2.0,6.0,48,16,"['Thriller', 'Romance']",2,thriller romance,10,65,3.8918202981106265,2.833213344056216
A romantic drama about a soldier who falls for a conservative college student while he's home on leave.,anticipation,Dear John,Dear John,1,"['Drama', 'Romance', 'War']",7.190476190476191,8.0,2.0,10.0,21,21,"['Drama', 'Romance', 'War']",3,drama romance war,18,103,3.091042453358316,3.091042453358316
"John is a shipmaster on a very small transportation boat which regularly attends a very small harbour to buy food, actually from Anna's father. She is a waitress and has a young daughter. ...                See full summary »",anticipation,Dear John,Dear John,1,"['Drama', 'Romance', 'War']",7.190476190476191,8.0,2.0,10.0,21,21,"['Drama', 'Romance', 'War']",3,drama romance war,38,225,3.091042453358316,3.091042453358316
"How does fate work in love? This is main theme examined in this movie. When we begin, there are two storylines taking place, until the ""fated"" couples are paired...but are they really the ...                See full summary »",anticipation,Deja Vu,Deja Vu,1,['Drama'],6.894736842105263,8.0,2.0,10.0,19,19,['Drama'],1,drama,38,225,2.995732273553991,2.995732273553991
"The bedroom of an apartment in Paseo de la Castellana, Madrid. It is Sofia's bedroom, a deluxe escort. Her new client discovers the name that is tattoed on her leg 'Diana'... Is it your ...                See full summary »",anticipation,Diana,Diana,1,"['Drama', 'Romance']",5.714285714285714,6.0,2.0,9.0,14,14,"['Drama', 'Romance']",2,drama romance,39,223,2.70805020110221,2.70805020110221
"Wilcoxon, a Scotland Yard inspector, travels to New York to investigate the activities of an international band of jewel thieves.",anticipation,Dragnet,Dragnet,1,"['Action', 'Comedy', 'Crime']",6.235294117647059,7.0,2.0,10.0,17,17,"['Action', 'Comedy', 'Crime']",3,action comedy crime,20,129,2.8903717578961645,2.8903717578961645
A band director recruits a Harlem street drummer to play at a Southern university.,anticipation,Drumline,Drumline,1,"['Drama', 'Romance', 'Comedy', 'Music']",6.0,6.5,3.0,9.0,12,12,"['Drama', 'Romance', 'Comedy', 'Music']",4,drama romance comedy music,14,82,2.5649493574615367,2.5649493574615367
"When an assassin loses his memory, an unsuccessful actor exchanges identities with him.",anticipation,End Game,End Game,1,"['Action', 'Mystery', 'Thriller']",2.5,1.0,1.0,8.0,14,14,"['Action', 'Mystery', 'Thriller']",3,action mystery thriller,13,87,2.70805020110221,2.70805020110221
An insurance agent is sent by her employer to track down and help capture an art thief.,anticipation,Entrapment,Entrapment,1,"['Romance', 'Drama', 'Mystery']",4.944444444444445,5.0,2.0,10.0,18,18,"['Romance', 'Drama', 'Mystery']",3,romance drama mystery,17,87,2.9444389791664403,2.9444389791664403
Evidence is a 1929 Pre-Code crime drama film produced and distributed by the Warner Brothers. It is based on the 1914 Broadway play Evidence by J. duRocher MacPherson and L. duRocher ...                See full summary »,anticipation,Evidence,Evidence,1,"['Horror', 'Thriller', 'Mystery']",6.086956521739131,7.0,2.0,9.0,69,23,"['Horror', 'Thriller', 'Mystery']",3,horror thriller mystery,36,220,4.248495242049359,3.1780538303479458
"Elliot heads for the sexual fantasy island, Eden. He takes some photos of diamond smugglers. They and undercover cops want the photos and follow him to Eden.",anticipation,Exit to Eden,Exit to Eden,1,"['Thriller', 'Comedy', 'Crime', 'Romance']",6.4375,6.0,2.0,10.0,16,16,"['Thriller', 'Comedy', 'Crime', 'Romance']",4,thriller comedy crime romance,27,157,2.833213344056216,2.833213344056216
A janitor who claims he's seen a murder becomes romantically involved with the glamorous TV reporter covering the story.,anticipation,Eyewitness,Eyewitness,1,"['Action', 'Mystery', 'Thriller']",4.0,4.0,4.0,4.0,4,4,"['Action', 'Mystery', 'Thriller']",3,action mystery thriller,19,120,1.6094379124341003,1.6094379124341003
"In New York City, a young counterfeiter is introduced to the world of underground street fighting by a seasoned scam artist, who becomes his manager on the bare-knuckling brawling circuit.",anticipation,Fighting,Fighting,1,"['Action', 'Adventure', 'Crime', 'Drama', 'Thriller']",5.714285714285714,5.0,2.0,10.0,21,21,"['Action', 'Adventure', 'Crime', 'Drama', 'Thriller']",5,action adventure crime drama thriller,30,188,3.091042453358316,3.091042453358316
Plot unknown. Sequel to the 2017 film 'Call Me by Your Name.',anticipation,Find Me,Find Me,1,['Horror'],4.666666666666667,4.0,4.0,6.0,3,3,['Horror'],1,horror,12,61,1.3862943611198906,1.3862943611198906
The daughter of the U.S. President heads off to college where she falls for a graduate student with a secret.,anticipation,First Daughter,First Daughter,1,"['Comedy', 'Drama', 'Family', 'Romance']",7.823529411764706,10.0,2.0,10.0,34,17,"['Comedy', 'Drama', 'Family', 'Romance']",4,comedy drama family romance,20,109,3.5553480614894135,2.8903717578961645
A story about a young Chinese immigrant woman's life after placing a personal ad for marriage and marrying an older Chinese man to get into the States. Things get complicated when she meets...                See full summary »,anticipation,Forget Me Not,Forget Me Not,1,"['Drama', 'Horror', 'Romance']",5.125,5.5,4.0,6.0,16,8,"['Drama', 'Horror', 'Romance']",3,drama horror romance,37,226,2.833213344056216,2.1972245773362196
The brainless teenagers form Brain Drain are back and this time they will be going to the Veterinary Faculty at Harvard University.,anticipation,Fuga de cerebros 2,Fuga de cerebros 2,1,"['Action', 'Thriller', 'Science Fiction']",5.0,5.0,5.0,5.0,1,1,"['Action', 'Thriller', 'Science Fiction']",3,action thriller science_fiction,22,131,0.6931471805599453,0.6931471805599453
"What happens after Tanner is outed by his classmates and becomes the title ""gay best friend"" for three high school queen bees?",anticipation,G.B.F.,G.B.F.,1,['Comedy'],6.666666666666667,6.0,4.0,9.0,6,6,['Comedy'],1,comedy,22,126,1.9459101490553132,1.9459101490553132
"Gangster is an Indian (Bengali) film of romance thriller genre directed by Birsa Dasgupta with Yash Dasgupta and Mimi Chakraborty in the lead. A tale of love, passion, heartbreaks and ...                See full summary »",anticipation,Gangster,Gangster,1,"['Romance', 'Crime', 'Drama']",4.666666666666667,4.5,1.0,9.0,6,6,"['Romance', 'Crime', 'Drama']",3,romance crime drama,35,221,1.9459101490553132,1.9459101490553132
"Three actresses at various places on the Hollywood food chain navigate the minefield of love, aging, and ambition. Oh, and they're all played by men!",anticipation,Girls Will Be Girls,Girls Will Be Girls,1,['Comedy'],1.0,1.0,1.0,1.0,12,12,['Comedy'],1,comedy,25,149,2.5649493574615367,2.5649493574615367
"Gray and Sam are brother and sister, best friends, and flatmates in New York City, where she creates ad campaigns and he's a surgery intern. Their social life is too insular, so they head ...                See full summary »",anticipation,Gray Matters,Gray Matters,1,"['Comedy', 'Romance']",4.6,5.0,3.0,6.0,5,5,"['Comedy', 'Romance']",2,comedy romance,39,225,1.791759469228055,1.791759469228055
A British student at a 1960s American high school must prove himself to the leader of a girls' gang whose members can only date greasers.,anticipation,Grease 2,Grease 2,1,"['Comedy', 'Drama', 'Family', 'Music', 'Romance']",7.0,7.0,2.0,10.0,9,9,"['Comedy', 'Drama', 'Family', 'Music', 'Romance']",5,comedy drama family music romance,25,137,2.302585092994046,2.302585092994046
Modern-day New York City adaptation of Shakespeare's immortal story about Hamlet's plight to avenge his father's murder.,anticipation,Hamlet,Hamlet,1,['Drama'],1.0,1.0,1.0,1.0,3,1,['Drama'],1,drama,17,120,1.3862943611198906,0.6931471805599453
This Baltimore-set movie of interconnecting story arcs deals with the challenges of reading or misreading human behavior.,anticipation,He's Just Not That Into You,He's Just Not That Into You,1,"['Comedy', 'Romance', 'Drama']",6.0,7.0,2.0,10.0,19,19,"['Comedy', 'Romance', 'Drama']",3,comedy romance drama,17,121,2.995732273553991,2.995732273553991
"Phil has writer's block after 30 detective novels. In court for inspiration, he sees a cute Romanian murder suspect. He provides her alibi. She stays with him. Will he live to write another novel?",anticipation,Her Alibi,Her Alibi,1,"['Comedy', 'Crime', 'Mystery', 'Romance']",5.285714285714286,6.0,3.0,6.0,7,7,"['Comedy', 'Crime', 'Mystery', 'Romance']",4,comedy crime mystery romance,34,196,2.0794415416798357,2.0794415416798357
"When Kid's college money is stolen by a crooked music promoter, Play's solution is to stage the 'mutha' of all pajama parties. Starring Kid 'n Play and Martin Lawrence.",anticipation,House Party 2,House Party 2,1,['Comedy'],4.166666666666667,3.5,3.0,6.0,6,6,['Comedy'],1,comedy,29,168,1.9459101490553132,1.9459101490553132
"Based on the fascinating true-life story of Michael Glatze, a gay activist who becomes a Christian pastor after identifying as a heterosexual.",anticipation,I Am Michael,I Am Michael,1,['Drama'],4.0,4.0,4.0,4.0,3,3,['Drama'],1,drama,22,142,1.3862943611198906,1.3862943611198906
"A bored Italian socialite (Kim Basinger) abandons her jet-set lifestyle for the rigors and rewards of rural Kenya in this true story, based on the best-selling memoir by Kuki Gallmann. Directed by Hugh Hudson (Chariots of Fire).",anticipation,I Dreamed of Africa,I Dreamed of Africa,1,"['Romance', 'Drama', 'Adventure']",4.0,4.0,4.0,4.0,3,3,"['Romance', 'Drama', 'Adventure']",3,romance drama adventure,37,228,1.3862943611198906,1.3862943611198906
"A florist, who abides by a strict five-date limit with any man, finds herself wanting more with the new restaurateur in town.",anticipation,I Hate Valentine's Day,I Hate Valentine's Day,1,"['Comedy', 'Romance']",4.647058823529412,4.0,2.0,10.0,17,17,"['Comedy', 'Romance']",2,comedy romance,22,125,2.8903717578961645,2.8903717578961645
Teens in the 21s Century can be crazy and do things parents don't approve of. When two Ryan a 17 year old high school student meets Oscar they discover they are more than just friends but ...                See full summary »,anticipation,If I Stay,If I Stay,1,['Drama'],7.105263157894737,7.0,4.0,10.0,19,19,['Drama'],1,drama,41,225,2.995732273553991,2.995732273553991
Two NYC roommates have a pact to jump off Brooklyn Bridge if they haven't found life partners before she's 30. That's less than a month away.,anticipation,If Lucy Fell,If Lucy Fell,1,"['Comedy', 'Romance']",6.875,7.5,2.0,10.0,16,16,"['Comedy', 'Romance']",2,comedy romance,26,141,2.833213344056216,2.833213344056216
"A billionaire offers $1,000,000 to a young married couple for one night with the wife.",anticipation,Indecent Proposal,Indecent Proposal,1,['Drama'],7.944444444444445,8.0,5.0,10.0,18,18,['Drama'],1,drama,15,86,2.9444389791664403,2.9444389791664403
A beautiful gold digger matches wits with a shrewd Beverly Hills divorce lawyer who is increasingly attracted to her.,anticipation,Intolerable Cruelty,Intolerable Cruelty,1,"['Crime', 'Comedy', 'Romance']",6.4,6.5,3.0,10.0,10,10,"['Crime', 'Comedy', 'Romance']",3,crime comedy romance,19,117,2.3978952727983707,2.3978952727983707
It revolves around a winning lottery ticket of Rs100 crores in Jojo's lost coat which everyone is searching for.,anticipation,Jackpot,Jackpot,1,[],2.3333333333333335,2.0,1.0,4.0,9,3,[],0,unknown_genre,19,112,2.302585092994046,1.3862943611198906
An Edinburgh professor and assorted colleagues follow an explorer's trail down an extinct Icelandic volcano to the earth's center.,anticipation,Journey to the Center of the Earth,Journey to the Center of the Earth,1,"['Adventure', 'Fantasy', 'Family']",3.272727272727273,2.0,1.0,10.0,44,11,"['Adventure', 'Fantasy', 'Family']",3,adventure fantasy family,19,130,3.8066624897703196,2.4849066497880004
Julia Child's story of her start in the cooking profession is intertwined with blogger Julie Powell's 2002 challenge to cook all the recipes in Child's first book.,anticipation,Julie & Julia,Julie & Julia,1,"['Romance', 'Drama']",6.7894736842105265,7.0,2.0,9.0,19,19,"['Romance', 'Drama']",2,romance drama,27,163,2.995732273553991,2.995732273553991
"The life story of a girl named June from 16 years of her age until she turned 26, thereby giving an insight into those ten years of her life.",anticipation,June,June,1,"['Science Fiction', 'Horror']",4.538461538461538,5.0,2.0,7.0,13,13,"['Science Fiction', 'Horror']",2,science_fiction horror,29,141,2.6390573296152584,2.6390573296152584
"When a plane carrying the daughter of a millionaire crashes in an African jungle, two pilots set out to collect the reward. They discover that she has become the goddess of a primitive ...                See full summary »",anticipation,Jungle Goddess,Jungle Goddess,1,"['Romance', 'Action', 'Adventure', 'Crime']",2.375,2.0,1.0,5.0,8,8,"['Romance', 'Action', 'Adventure', 'Crime']",4,romance action adventure crime,38,222,2.1972245773362196,2.1972245773362196
"As part of a fertility research project, a male scientist agrees to carry a pregnancy in his own body.",anticipation,Junior,Junior,1,"['Comedy', 'Family', 'Romance']",6.05,7.0,1.0,10.0,60,20,"['Comedy', 'Family', 'Romance']",3,comedy family romance,19,102,4.110873864173311,3.044522437723423
A balloon seller with grand plans to win a scholarship clashes with a budding dancer and her circus troupe over a prime town-centre location.,anticipation,Just Like Heaven,Just Like Heaven,1,"['Comedy', 'Fantasy', 'Romance']",7.956521739130435,9.0,3.0,10.0,23,23,"['Comedy', 'Fantasy', 'Romance']",3,comedy fantasy romance,24,141,3.1780538303479458,3.1780538303479458
Adventurer Allan Quartermain leads an expedition into uncharted African territory in an attempt to locate an explorer who went missing during his search for the fabled diamond mines of King Solomon.,anticipation,King Solomon's Mines,King Solomon's Mines,1,"['Action', 'Adventure', 'Drama']",5.285714285714286,5.0,3.0,9.0,28,7,"['Action', 'Adventure', 'Drama']",3,action adventure drama,31,198,3.367295829986474,2.0794415416798357
"Anna Brady plans to travel to Dublin, Ireland to propose to her boyfriend Jeremy on February 29, leap day, because, according to Irish tradition, a man who receives a marriage proposal on a leap day must accept it.",anticipation,Leap Year,Leap Year,1,"['Romance', 'Comedy']",7.222222222222222,8.0,2.0,10.0,36,18,"['Romance', 'Comedy']",2,romance comedy,38,214,3.6109179126442243,2.9444389791664403
"In 1925, an enterprising pro football player convinces America's too-good-to-be-true college football hero to play for his team and keep the league from going under.",anticipation,Leatherheads,Leatherheads,1,"['Comedy', 'Romance', 'Drama']",5.6521739130434785,7.0,2.0,10.0,23,23,"['Comedy', 'Romance', 'Drama']",3,comedy romance drama,25,165,3.1780538303479458,3.1780538303479458
A musical centered on the romance between a wealthy slacker and an Arab law student.,anticipation,Leila,Leila,1,"['Family', 'Drama', 'Romance']",8.705882352941176,10.0,2.0,10.0,17,17,"['Family', 'Drama', 'Romance']",3,family drama romance,15,84,2.8903717578961645,2.8903717578961645
"Bobbie, a young actor living in Hollywood, succumbs to heroine through the love of a famous dead French poet, Arthur Rimbaud, while struggling to finish his script about his past. He meets ...                See full summary »",anticipation,Leila,Leila,1,"['Family', 'Drama', 'Romance']",8.705882352941176,10.0,2.0,10.0,17,17,"['Family', 'Drama', 'Romance']",3,family drama romance,37,226,2.8903717578961645,2.8903717578961645
A reverend puts an engaged couple through a grueling marriage preparation course to see if they are meant to be married in his church.,anticipation,License to Wed,License to Wed,1,['Comedy'],6.388888888888889,6.5,2.0,10.0,18,18,['Comedy'],1,comedy,24,134,2.9444389791664403,2.9444389791664403
A scientist tries to prove the existence of the Loch Ness monster.,anticipation,Loch Ness,Loch Ness,1,"['Drama', 'Family']",4.0,4.0,4.0,4.0,2,2,"['Drama', 'Family']",2,drama family,12,66,1.0986122886681098,1.0986122886681098
"Follows the lives of eight very different couples in dealing with their love lives in various loosely interrelated tales all set during a frantic month before Christmas in London, England.",anticipation,Love Actually,Love Actually,1,"['Comedy', 'Romance', 'Drama']",8.625,9.0,5.0,10.0,8,8,"['Comedy', 'Romance', 'Drama']",3,comedy romance drama,30,188,2.1972245773362196,2.1972245773362196
"A look at the relationship between a young blind samurai (Kimura) and his wife, who will make a sacrifice in order to defend her husband's honor.",anticipation,Love and Honor,Love and Honor,1,"['Drama', 'Foreign', 'Romance']",4.666666666666667,5.0,3.0,6.0,12,6,"['Drama', 'Foreign', 'Romance']",3,drama foreign romance,26,145,2.5649493574615367,1.9459101490553132
"Four boarding school boys, distracted by four enchanting exchange students, struggle to keep a vow of chastity in this new adaptation of Shakespeare's bawdy comedy.",anticipation,Love's Labour's Lost,Love's Labour's Lost,1,"['Comedy', 'Music', 'Romance']",4.0,4.0,4.0,4.0,2,2,"['Comedy', 'Music', 'Romance']",3,comedy music romance,25,164,1.0986122886681098,1.0986122886681098
A man revisits the previous significant girlfriends in his life in order to win over the girl of his dreams.,anticipation,Lucky 13,Lucky 13,1,"['Comedy', 'Romance']",5.0,5.0,4.0,6.0,3,3,"['Comedy', 'Romance']",2,comedy romance,20,108,1.3862943611198906,1.3862943611198906
"A semi-fictionalized account of the life of Mata Hari, an exotic dancer who was accused of spying for Germany during World War I.",anticipation,Mata Hari,Mata Hari,1,"['Drama', 'Action', 'Thriller', 'Romance']",3.0,3.0,2.0,4.0,3,3,"['Drama', 'Action', 'Thriller', 'Romance']",4,drama action thriller romance,23,129,1.3862943611198906,1.3862943611198906
"An English auctioneer proposes to the daughter of a Mafia kingpin, only to realize that certain ""favors"" would be asked of him.",anticipation,Mickey Blue Eyes,Mickey Blue Eyes,1,"['Comedy', 'Crime', 'Romance']",6.722222222222222,7.0,2.0,9.0,18,18,"['Comedy', 'Crime', 'Romance']",3,comedy crime romance,22,127,2.9444389791664403,2.9444389791664403
"A group of young boys befriend a prostitute named, V.",anticipation,Milk Money,Milk Money,1,"['Comedy', 'Romance']",5.0,5.0,4.0,6.0,3,3,"['Comedy', 'Romance']",2,comedy romance,10,53,1.3862943611198906,1.3862943611198906
"A librarian begins a passionate affair with a mysterious woman who walks into his library. When she suddenly disappears, he travels down to London to search for her, only to discover that ...                See full summary »",anticipation,Miranda,Miranda,1,"['Comedy', 'Drama', 'Romance', 'Thriller']",7.0,7.0,7.0,7.0,3,1,"['Comedy', 'Drama', 'Romance', 'Thriller']",4,comedy drama romance thriller,37,225,1.3862943611198906,0.6931471805599453
"Learning that her baby making days are numbered Georgina explores internet sperm donors, night clubbers and funeral-goers in a desperate attempt to beat the biological clock.",anticipation,Miss Conception,Miss Conception,1,"['Comedy', 'Romance']",5.111111111111111,6.0,2.0,8.0,9,9,"['Comedy', 'Romance']",2,comedy romance,26,174,2.302585092994046,2.302585092994046
Plot under wraps.,anticipation,Miss Conception,Miss Conception,1,"['Comedy', 'Romance']",5.111111111111111,6.0,2.0,8.0,9,9,"['Comedy', 'Romance']",2,comedy romance,3,17,2.302585092994046,2.302585092994046
An heiress begins to realize her attraction to one of her family's servants.,anticipation,Miss Julie,Miss Julie,1,['Drama'],4.0,4.0,4.0,4.0,4,2,['Drama'],1,drama,13,76,1.6094379124341003,1.0986122886681098
"Over the course of a midsummer night in Fermanagh in 1890, an unsettled daughter of the Anglo-Irish aristocracy encourages her father's valet to seduce her.",anticipation,Miss Julie,Miss Julie,1,['Drama'],4.0,4.0,4.0,4.0,4,2,['Drama'],1,drama,25,156,1.6094379124341003,1.0986122886681098
A story centered on a proper elementary school teacher who moonlights as a vigilante.,anticipation,Miss Meadows,Miss Meadows,1,['Drama'],6.285714285714286,5.5,4.0,9.0,14,14,['Drama'],1,drama,14,85,2.70805020110221,2.70805020110221
"Mr. Right is the story of a lady who is looking for the right person to settle down with, her sojourn made her to come across different kind of men with different intention.",anticipation,Mr. Right,Mr. Right,1,"['Action', 'Comedy', 'Romance']",4.333333333333333,3.0,2.0,8.0,9,3,"['Action', 'Comedy', 'Romance']",3,action comedy romance,33,173,2.302585092994046,1.3862943611198906
Tank faces the ultimate test of friendship when his best friend hires him to take his ex-girlfriend out on a lousy date in order to make her realize how great her former boyfriend is.,anticipation,My Best Friend's Girl,My Best Friend's Girl,1,"['Romance', 'Comedy']",7.0,8.0,2.0,10.0,16,16,"['Romance', 'Comedy']",2,romance comedy,34,183,2.833213344056216,2.833213344056216
"Vada Sultenfuss must go to LA to stay with her Uncle Phil to do some research on her mother's life, but finds much more.",anticipation,My Girl 2,My Girl 2,1,"['Comedy', 'Drama', 'Family', 'Romance']",6.111111111111111,6.0,4.0,9.0,9,9,"['Comedy', 'Drama', 'Family', 'Romance']",4,comedy drama family romance,24,120,2.302585092994046,2.302585092994046
A scatterbrained socialite hires a vagrant as a family butler - but there's more to Godfrey than meets the eye.,anticipation,My Man Godfrey,My Man Godfrey,1,"['Comedy', 'Romance']",6.294117647058823,7.0,3.0,9.0,34,17,"['Comedy', 'Romance']",2,comedy romance,20,111,3.5553480614894135,2.8903717578961645
"Teen detective Nancy Drew accompanies her father on a business trip to Los Angeles, where she happens upon clues to a murder mystery involving a movie star.",anticipation,Nancy Drew,Nancy Drew,1,"['Action', 'Adventure', 'Crime', 'Family', 'Mystery', 'Thriller']",7.583333333333333,7.0,6.0,9.0,24,12,"['Action', 'Adventure', 'Crime', 'Family', 'Mystery', 'Thriller']",6,action adventure crime family mystery thriller,27,156,3.2188758248682006,2.5649493574615367
A newspaper reporter enrolls in high school as part of research for a story.,anticipation,Never Been Kissed,Never Been Kissed,1,"['Romance', 'Comedy', 'Drama']",7.7,8.0,3.0,10.0,10,10,"['Romance', 'Comedy', 'Drama']",3,romance comedy drama,14,76,2.3978952727983707,2.3978952727983707
"One person's life leads to another in this web of tales about drugs, sex, gay life, aging and being HIV+. Each is played out in a series of steamy, telling monologues.",anticipation,Nine Lives,Nine Lives,1,"['Drama', 'Romance']",4.5,5.0,1.0,8.0,48,12,"['Drama', 'Romance']",2,drama romance,31,167,3.8918202981106265,2.5649493574615367
"When the available evidence in a murder case points to a young woman as the main suspect, her boyfriend, a police detective, arranges for a struggling songwriter who is playing piano in a ...                See full summary »",anticipation,No Escape,No Escape,1,"['Action', 'Drama', 'Science Fiction', 'Thriller']",7.3125,8.0,2.0,10.0,32,16,"['Action', 'Drama', 'Science Fiction', 'Thriller']",4,action drama science_fiction thriller,38,225,3.4965075614664802,2.833213344056216
"After accidentally receiving valuable information from a mobster at death's door, a bartender, along with the ex-Marine she's befriended, decides to step into the deal and fulfill the ...                See full summary »",anticipation,Nothing to Lose,Nothing to Lose,1,"['Action', 'Crime', 'Drama']",7.916666666666667,9.5,2.0,10.0,24,12,"['Action', 'Crime', 'Drama']",3,action crime drama,33,221,3.2188758248682006,2.5649493574615367
"A rich rocket scientist organizes an expedition to the moon, which they discover is inhabited by nude women.",anticipation,Nude on the Moon,Nude on the Moon,1,"['Comedy', 'Fantasy', 'Science Fiction']",5.2,5.0,2.0,9.0,5,5,"['Comedy', 'Fantasy', 'Science Fiction']",3,comedy fantasy science_fiction,18,108,1.791759469228055,1.791759469228055
Two men become entangled in a torrid love affair with the same woman. Pierre is Miriam's longtime lover. John is desperately searching for clues about his past when he and Miriam have a ...                See full summary »,anticipation,Obsession,Obsession,1,"['Drama', 'Thriller', 'Mystery']",4.0,4.0,4.0,4.0,3,1,"['Drama', 'Thriller', 'Mystery']",3,drama thriller mystery,38,223,1.3862943611198906,0.6931471805599453
"High-octane romance set in the recognizable - and sometimes gritty - world of Brighton's homegrown youth, as Boy Racer gangs uneasily coexist with the Indie scene.",anticipation,Octane,Octane,1,"['Mystery', 'Thriller', 'Horror']",5.5,6.5,2.0,9.0,16,16,"['Mystery', 'Thriller', 'Horror']",3,mystery thriller horror,26,163,2.833213344056216,2.833213344056216
"A shy advertising employee meets his dream girl on the El train, but doesn't remember to get her phone number, resulting in an all-out search for the mystery girl",anticipation,On the Line,On the Line,1,"['Comedy', 'Family', 'Romance']",6.888888888888889,8.0,2.0,10.0,9,9,"['Comedy', 'Family', 'Romance']",3,comedy family romance,29,162,2.302585092994046,2.302585092994046
"In Europe at the start of World War II, a woman notices that wherever her husband goes, the Nazis seem to follow. Meanwhile, a charming reporter is following them.",anticipation,Once Upon a Honeymoon,Once Upon a Honeymoon,1,"['Comedy', 'Romance', 'Mystery']",4.0,4.5,2.0,5.0,4,4,"['Comedy', 'Romance', 'Mystery']",3,comedy romance mystery,29,163,1.6094379124341003,1.6094379124341003
The story is about Urvil Raisingh and Celina who meet at an event and a memorable night later. Returning back home they continue with their lives. The memories of Celina haunt Urvil. What happens next forms the crux of the unfolding drama. One Night Stand explores the hypocritical world we live in. What is it that Urvil wants?,anticipation,One Night Stand,One Night Stand,1,['Drama'],6.142857142857143,7.0,2.0,8.0,7,7,['Drama'],1,drama,58,328,2.0794415416798357,2.0794415416798357
"A career bank robber breaks out of jail, and shares a moment of mutual attraction with a U.S. Marshal he has kidnapped.",anticipation,Out of Sight,Out of Sight,1,"['Romance', 'Comedy', 'Crime']",8.272727272727273,9.0,3.0,10.0,11,11,"['Romance', 'Comedy', 'Crime']",3,romance comedy crime,22,119,2.4849066497880004,2.4849066497880004
A British nurse visiting Scotland in 1945 stumbles upon a time portal that transports her to the 18th Century.,anticipation,Outlander,Outlander,1,"['Fantasy', 'Action', 'Science Fiction']",3.5555555555555554,3.0,2.0,9.0,9,9,"['Fantasy', 'Action', 'Science Fiction']",3,fantasy action science_fiction,19,110,2.302585092994046,2.302585092994046
"At a football match, an unscrupulous photographer, Michel Verdier, takes pictures of a celebrity couple. Magazine editors go with the photos even though the dominant figure in them is a ...                See full summary »",anticipation,Paparazzi,Paparazzi,1,"['Action', 'Drama', 'Thriller']",2.0,2.0,2.0,2.0,2,1,"['Action', 'Drama', 'Thriller']",3,action drama thriller,35,223,1.0986122886681098,0.6931471805599453
"Does love kill? Is it possible to find true love in a world of betrayals? Can a poet who describes love with a matchless vibrant passion find Mr. Right? Pink is a punkpoet. She's young, ...                See full summary »",anticipation,Pink,Pink,1,"['Thriller', 'Drama']",3.3333333333333335,1.0,1.0,8.0,3,3,"['Thriller', 'Drama']",2,thriller drama,40,223,1.3862943611198906,1.3862943611198906
"New York sportswriter Mack who spent years devising successful hook-up ""plays"" with best friend Adam and crew, unexpectedly falls for one of the targets and learns what it takes to go from simply scoring to playing for keeps.",anticipation,Players,Players,1,"['Crime', 'Thriller']",6.0,6.5,3.0,8.0,18,18,"['Crime', 'Thriller']",2,crime thriller,38,225,2.9444389791664403,2.9444389791664403
"A young writer becomes intrigued with a mysterious dark-haired woman who claims to be his long-lost sister, starting an unusual relationship with her and prompting a downward spiral involving his domineering mother and lovely fiancée.",anticipation,Pola X,Pola X,1,"['Drama', 'Romance']",4.0,4.0,4.0,4.0,2,2,"['Drama', 'Romance']",2,drama romance,35,234,1.0986122886681098,1.0986122886681098
A Russian's secret wife marries her cousin to give her baby a name.,anticipation,Possession,Possession,1,"['Drama', 'Horror']",4.444444444444445,4.0,3.0,6.0,27,9,"['Drama', 'Horror']",2,drama horror,13,67,3.332204510175204,2.302585092994046
A pair of literary sleuths unearth the amorous secret of two Victorian poets only to find themselves falling under a passionate spell.,anticipation,Possession,Possession,1,"['Drama', 'Horror']",4.444444444444445,4.0,3.0,6.0,27,9,"['Drama', 'Horror']",2,drama horror,22,134,3.332204510175204,2.302585092994046
Jane Austen's Pride and Prejudice Re-imagined with the Bing family in Jane Austen's England.,anticipation,Pride and Prejudice,Pride and Prejudice,1,"['Drama', 'Romance']",4.142857142857143,4.0,2.0,6.0,14,7,"['Drama', 'Romance']",2,drama romance,14,92,2.70805020110221,2.0794415416798357
"Austrian cabaret dancer Riza Rigi (Corrine Griffith) is not above a bit of petty thievery once in a while, and she steals to attract the attention of Nicholas Cathy (Ian Keith), a young ...                See full summary »",anticipation,Prisoners,Prisoners,1,"['Drama', 'Thriller', 'Crime']",6.333333333333333,8.0,2.0,9.0,15,15,"['Drama', 'Thriller', 'Crime']",3,drama thriller crime,38,223,2.772588722239781,2.772588722239781
"The New York-filmed production opens with a discourse on Communist infiltration into American colleges, and moves on to a series of dialogue exchanges in a night club, an apartment, a ...                See full summary »",anticipation,Project X,Project X,1,['Drama'],6.923076923076923,8.0,3.0,10.0,39,13,['Drama'],1,drama,35,221,3.6888794541139363,2.6390573296152584
"Bill Raymond, a hotshot newspaper reporter will all the trappings, is following a story about and looking for the leaders of an alien smuggling gang. Along the way he gets the aid of a ...                See full summary »",anticipation,Public Enemies,Public Enemies,1,"['History', 'Crime', 'Drama']",6.5,7.0,3.0,10.0,60,20,"['History', 'Crime', 'Drama']",3,history crime drama,39,222,4.110873864173311,3.044522437723423
"G-men track stolen Uranium-238 shipment using new radar technology; they also recruit the girlfriend of a gang member as an informant. Radar helps, but it takes an undercover blonde to ...                See full summary »",anticipation,Radar Secret Service,Radar Secret Service,1,"['Romance', 'Action', 'Adventure', 'Crime', 'Drama']",3.3,2.5,1.0,7.0,10,10,"['Romance', 'Action', 'Adventure', 'Crime', 'Drama']",5,romance action adventure crime drama,35,222,2.3978952727983707,2.3978952727983707
A girl from a small town heads to the big city of Los Angeles to spend the summer at a performing arts high school.,anticipation,Raise Your Voice,Raise Your Voice,1,"['Music', 'Drama', 'Romance']",7.1875,7.5,3.0,10.0,16,16,"['Music', 'Drama', 'Romance']",3,music drama romance,24,115,2.833213344056216,2.833213344056216
A self-conscious woman juggles adjusting to her new role as an aristocrat's wife and avoiding being intimidated by his first wife's spectral presence.,anticipation,Rebecca,Rebecca,1,"['Drama', 'Mystery']",5.181818181818182,5.0,2.0,9.0,11,11,"['Drama', 'Mystery']",2,drama mystery,23,150,2.4849066497880004,2.4849066497880004
"Grandma is babysitting her two grandkids. The girl wants to go out, but grandma asks them to hear a story first. The kids accept if they can change aspects of the story such as replacing the wolf with a werewolf. Is there a catch?",anticipation,Red Riding Hood,Red Riding Hood,1,"['Fantasy', 'Thriller', 'Horror']",5.7368421052631575,4.0,2.0,10.0,38,19,"['Fantasy', 'Thriller', 'Horror']",3,fantasy thriller horror,44,230,3.6635616461296463,2.995732273553991
"Joline, a cabaret singer in Paris, models for her lover, painter Paul Granville. Paul becomes famous for his paintings of Joline in the guise of famous women like Cleopatra and Salome. But ...                See full summary »",anticipation,Revelation,Revelation,1,"['Fantasy', 'Horror', 'Science Fiction', 'Foreign']",5.166666666666667,4.5,2.0,9.0,6,6,"['Fantasy', 'Horror', 'Science Fiction', 'Foreign']",4,fantasy horror science_fiction foreign,37,226,1.9459101490553132,1.9459101490553132
The Swashbuckling legend of Robin Hood unfolds in the 12th century when the mighty Normans ruled England with an iron fist.,anticipation,Robin Hood,Robin Hood,1,"['Animation', 'Family']",4.5,3.0,2.0,10.0,42,14,"['Animation', 'Family']",2,animation family,21,123,3.7612001156935624,2.70805020110221
The story of the legendary British outlaw portrayed with the characters as anthropomorphic animals.,anticipation,Robin Hood,Robin Hood,1,"['Animation', 'Family']",4.5,3.0,2.0,10.0,42,14,"['Animation', 'Family']",2,animation family,14,99,3.7612001156935624,2.70805020110221
An Irish model converts an atheist by posing for a church mural.,anticipation,Rock of Ages,Rock of Ages,1,"['Comedy', 'Drama', 'Music', 'Romance']",6.9375,8.0,2.0,10.0,16,16,"['Comedy', 'Drama', 'Music', 'Romance']",4,comedy drama music romance,12,64,2.833213344056216,2.833213344056216
"Rocky is a goon from Mumbai of India. He does anything for money undoubtedly. He is on a mission and constantly runs away from the Mumbai police. Rocky reaches Kashmir and meets Nandini, he...                See full summary »",anticipation,Rocky,Rocky,1,['Drama'],5.785714285714286,5.0,2.0,9.0,14,14,['Drama'],1,drama,38,226,2.70805020110221,2.70805020110221
This story is all about a guy who wants to marry a virgin girl.,anticipation,Romance,Romance,1,"['Romance', 'Drama', 'Comedy']",4.5,4.5,4.0,5.0,6,2,"['Romance', 'Drama', 'Comedy']",3,romance drama comedy,14,63,1.9459101490553132,1.0986122886681098
Based on the works of William Shakespeare. Based in modern-day London centering around gang life.,anticipation,Romeo + Juliet,Romeo + Juliet,1,"['Drama', 'Romance']",9.428571428571429,9.0,9.0,10.0,7,7,"['Drama', 'Romance']",2,drama romance,15,97,2.0794415416798357,2.0794415416798357
"Sarah Huttinger is a woman who learns that her family was the inspiration for the book and film ""The Graduate"" -- and that she just might be the offspring of the well-documented event.",anticipation,Rumor Has It...,Rumor Has It...,1,['Comedy'],5.411764705882353,5.0,2.0,9.0,17,17,['Comedy'],1,comedy,33,184,2.8903717578961645,2.8903717578961645
"RUN is a fast-paced, action/thriller, which centers on a street smart, 17-year-old named Daniel who practices Parkour and is both hero and thief.",anticipation,Run,Run,1,"['Action', 'Thriller', 'Drama']",1.0,1.0,1.0,1.0,3,1,"['Action', 'Thriller', 'Drama']",3,action thriller drama,23,145,1.3862943611198906,0.6931471805599453
"A playboy becomes interested in the daughter of his family's chauffeur, but it's his more serious brother who would be the better man for her.",anticipation,Sabrina,Sabrina,1,"['Comedy', 'Romance']",4.857142857142857,3.5,2.0,9.0,28,14,"['Comedy', 'Romance']",2,comedy romance,25,142,3.367295829986474,2.70805020110221
A Tale of Two Cities scenario contrasting Self-Sacrificial Love to Selfish Love set amidst the religions of the human-sacrificing Mayan and Aztec civilizations. A tale that tests the protective love between sisters AND their lovers.,anticipation,Sacrifice,Sacrifice,1,"['Drama', 'Action', 'History', 'Thriller']",7.0,7.0,7.0,7.0,3,1,"['Drama', 'Action', 'History', 'Thriller']",4,drama action history thriller,35,232,1.3862943611198906,0.6931471805599453
Three magazine employees head out on an assignment to interview a guy who placed a classified advertisement seeking a companion for time travel.,anticipation,Safety Not Guaranteed,Safety Not Guaranteed,1,"['Comedy', 'Romance', 'Science Fiction', 'Drama']",6.0,6.0,2.0,10.0,18,18,"['Comedy', 'Romance', 'Science Fiction', 'Drama']",4,comedy romance science_fiction drama,23,144,2.9444389791664403,2.9444389791664403
Justine Bateman rocks out as the leader of an all-girl band that struggles with men and drugs during a summer resort gig.,anticipation,Satisfaction,Satisfaction,1,"['Music', 'Comedy']",6.0,6.5,3.0,8.0,16,16,"['Music', 'Comedy']",2,music comedy,22,121,2.833213344056216,2.833213344056216
"Sex and love. Some seek it, some need it, some spurn it, and some pay for it, but we're all involved in it. Set on one afternoon on Hampstead Heath, London, this movie investigates the minutiae of seven couples. What makes us tick?",anticipation,Scenes of a Sexual Nature,Scenes of a Sexual Nature,1,"['Comedy', 'Drama', 'Romance']",4.0,4.0,4.0,4.0,2,2,"['Comedy', 'Drama', 'Romance']",3,comedy drama romance,43,231,1.0986122886681098,1.0986122886681098
Two young couples take a swing at handling their relationship problems through psychologist-prescribed partner-swapping.,anticipation,Sex and Breakfast,Sex and Breakfast,1,"['Comedy', 'Drama', 'Romance']",5.333333333333333,5.5,2.0,9.0,12,12,"['Comedy', 'Drama', 'Romance']",3,comedy drama romance,14,120,2.5649493574615367,2.5649493574615367
"A magical crab works wonders for a terrible chef's culinary skills, leading her towards the man of her dreams.",anticipation,Simply Irresistible,Simply Irresistible,1,['Comedy'],5.666666666666667,5.0,3.0,9.0,9,9,['Comedy'],1,comedy,19,110,2.302585092994046,2.302585092994046
"A contemporary update on the fairy tale, where the fabled princess explores her dreamworld while trying to find a way out of it.",anticipation,Sleeping Beauty,Sleeping Beauty,1,"['Fantasy', 'Animation', 'Romance', 'Family']",3.7777777777777777,3.5,1.0,10.0,72,18,"['Fantasy', 'Animation', 'Romance', 'Family']",4,fantasy animation romance family,23,128,4.290459441148391,2.9444389791664403
A futuristic version of the classic fairy tale.,anticipation,Sleeping Beauty,Sleeping Beauty,1,"['Fantasy', 'Animation', 'Romance', 'Family']",3.7777777777777777,3.5,1.0,10.0,72,18,"['Fantasy', 'Animation', 'Romance', 'Family']",4,fantasy animation romance family,8,47,4.290459441148391,2.9444389791664403
"A sexy, romantic and uncomfortably chilling story from first time director Marcelo Briem Stamm. Handsome middle class Manuel (Patrico Ramos), hurt by his previous relationship and bored ...                See full summary »",anticipation,Solo,Solo,1,"['Action', 'Adventure', 'Science Fiction', 'Thriller']",5.3125,4.5,1.0,10.0,48,16,"['Action', 'Adventure', 'Science Fiction', 'Thriller']",4,action adventure science_fiction thriller,32,223,3.8918202981106265,2.833213344056216
A drama about a Cambridge poetry professor who begins to re-evaluate his life of Byronic excess.,anticipation,Some Kind of Beautiful,Some Kind of Beautiful,1,['Comedy'],5.571428571428571,6.0,3.0,9.0,14,14,['Comedy'],1,comedy,16,96,2.70805020110221,2.70805020110221
"To achieve his dream of attending Harvard, a pampered teen poses as a young black man to receive a full scholarship.",anticipation,Soul Man,Soul Man,1,['Comedy'],5.6,5.0,3.0,9.0,10,10,['Comedy'],1,comedy,21,116,2.3978952727983707,2.3978952727983707
"Two pairs of best friends - Montel & Clyde and Brandy & Adina meet at the party, where Clyde makes Adina think he is very rich and gets her into bed the same evening. When Adina finds out ...                See full summary »",anticipation,Sprung,Sprung,1,"['Comedy', 'Romance']",5.5,5.5,5.0,6.0,4,4,"['Comedy', 'Romance']",2,comedy romance,43,225,1.6094379124341003,1.6094379124341003
"Carla de Hulvea is a rumba dancer who makes news by posing as a South-American heiress. She is doing fine with her hoax until she meets American Peter Jackson, a high-pressure promoter who ...                See full summary »",anticipation,Stardust,Stardust,1,"['Adventure', 'Fantasy', 'Romance', 'Family']",6.85,9.0,2.0,10.0,40,20,"['Adventure', 'Fantasy', 'Romance', 'Family']",4,adventure fantasy romance family,38,226,3.713572066704308,3.044522437723423
"When his brother is murdered, a street dancer moves to Georgia to work his way through college. He joins a fraternity's step dancing team for a competition. Will he also get an education and the girl?",anticipation,Stomp the Yard,Stomp the Yard,1,"['Drama', 'Music']",7.166666666666667,7.0,3.0,10.0,18,18,"['Drama', 'Music']",2,drama music,36,200,2.9444389791664403,2.9444389791664403
"After suffering humiliation by the crew Invincible, street dancer Ash (Hentschel) looks to gather the best dancers from around the world for a rematch.",anticipation,StreetDance 2,StreetDance 2,1,"['Drama', 'Romance']",5.166666666666667,5.0,3.0,9.0,6,6,"['Drama', 'Romance']",2,drama romance,24,151,1.9459101490553132,1.9459101490553132
"In order to win the Street Dance Championships, a dance crew is forced to work with ballet dancers from the Royal Dance School in exchange for rehearsal space.",anticipation,StreetDance 3D,StreetDance 3D,1,['Drama'],5.444444444444445,6.0,3.0,6.0,9,9,['Drama'],1,drama,28,159,2.302585092994046,2.302585092994046
"After graduating from high school, Shiro is clueless how to proceed with his education. For the moment, he takes a small job at a local gas station, to much displease of his parents. His ...                See full summary »",anticipation,Sugar & Spice,Sugar & Spice,1,"['Crime', 'Comedy']",5.166666666666667,5.5,3.0,7.0,6,6,"['Crime', 'Comedy']",2,crime comedy,39,224,1.9459101490553132,1.9459101490553132
A physicist who invents a time machine must travel back to the past to uncover the truth about his creation and the woman who is trying to steal it.,anticipation,Synchronicity,Synchronicity,1,"['Thriller', 'Mystery', 'Science Fiction']",5.333333333333333,6.0,3.0,9.0,9,9,"['Thriller', 'Mystery', 'Science Fiction']",3,thriller mystery science_fiction,29,148,2.302585092994046,2.302585092994046
"Katherine refuses to fall for playboy Drew Evan's tactical skills to seduce her, making him desire her more.",anticipation,Tangled,Tangled,1,"['Animation', 'Family']",8.590909090909092,10.0,2.0,10.0,44,22,"['Animation', 'Family']",2,animation family,18,108,3.8066624897703196,3.1354942159291497
"A famous author is suspected to be part of a murder, which eerily resembled the plot in one of her novels. A cop tries to figure out whether something sinister exists behind her charisma. An unofficial Indian adaptation of Basic Instinct (1992)",anticipation,Target,Target,1,[],2.642857142857143,1.0,1.0,8.0,42,14,[],0,unknown_genre,42,244,3.7612001156935624,2.70805020110221
"Two people attempt to get into a relationship, while exiting the multiple relationships they were each managing through their Blackberries before they met.",anticipation,Textuality,Textuality,1,"['Comedy', 'Romance']",6.333333333333333,7.0,2.0,8.0,6,6,"['Comedy', 'Romance']",2,comedy romance,23,155,1.9459101490553132,1.9459101490553132
An egomaniacal film star develops a relationship with a young dancer against the backdrop of Hollywood's silent era.,anticipation,The Artist,The Artist,1,"['Drama', 'Comedy', 'Romance']",6.285714285714286,6.0,4.0,9.0,14,7,"['Drama', 'Comedy', 'Romance']",3,drama comedy romance,18,116,2.70805020110221,2.0794415416798357
"Obie (Erica Marks) is second-in-command in the Vigils, an established student secret society at Trinity High School. Brother Leon (Adam McCort) enlists the Vigils' help, wishing to use ...                See full summary »",anticipation,The Assignment,The Assignment,1,"['Thriller', 'Action', 'Crime']",7.0,7.0,3.0,10.0,30,15,"['Thriller', 'Action', 'Crime']",3,thriller action crime,33,222,3.4339872044851463,2.772588722239781
Bio-pic of Babe Didrickson and her husband George.,anticipation,The Babe,The Babe,1,['Drama'],4.333333333333333,4.0,3.0,6.0,6,6,['Drama'],1,drama,8,50,1.9459101490553132,1.9459101490553132
"A bounty hunter learns that his next target is his ex-wife, a reporter working on a murder cover-up. Soon after their reunion, the always-at-odds duo find themselves on a run-for-their-lives adventure.",anticipation,The Bounty Hunter,The Bounty Hunter,1,['Action'],5.666666666666667,5.0,2.0,10.0,15,15,['Action'],1,action,31,201,2.772588722239781,2.772588722239781
Drama based on Russian writer Fyodor Dostoevsky's homonymous novel about the proud Karamazov family in 1870s Russia.,anticipation,The Brothers Karamazov,The Brothers Karamazov,1,['Drama'],1.0,1.0,1.0,1.0,3,3,['Drama'],1,drama,17,116,1.3862943611198906,1.3862943611198906
"The film tells the story of the Prussian family von Krauss living in the Puck area, as well as the love between the Kashubian boy Mateusz and the German aristocrat Marita and is set between...                See full summary »",anticipation,The Butler,The Butler,1,['Drama'],4.769230769230769,5.0,2.0,9.0,13,13,['Drama'],1,drama,39,226,2.6390573296152584,2.6390573296152584
"In the Northwest, a college student and his friend help two young women whose car has stalled on the road. The young men invite the girls to a party the friend is giving the following week....                See full summary »",anticipation,The Circle,The Circle,1,"['Drama', 'Foreign']",6.55,7.0,3.0,10.0,120,20,"['Drama', 'Foreign']",2,drama foreign,40,226,4.795790545596741,3.044522437723423
A look at the life of an aging insult comic named Jack Burke.,anticipation,The Comedian,The Comedian,1,[],4.125,4.5,3.0,5.0,16,8,[],0,unknown_genre,13,61,2.833213344056216,2.1972245773362196
"A widower is determined to get to the bottom of a potentially explosive secret involving his wife's murder, big business, and corporate corruption.",anticipation,The Constant Gardener,The Constant Gardener,1,"['Drama', 'Mystery', 'Thriller']",5.875,6.5,2.0,9.0,8,8,"['Drama', 'Mystery', 'Thriller']",3,drama mystery thriller,23,147,2.1972245773362196,2.1972245773362196
"When the spaceship Vertigo stops to explore a previously unknown planet, the crew finds an unrecognized dollop of protoplasm and takes it aboard ship to return it to earth for analysis. On ...                See full summary »",anticipation,The Creature Wasn't Nice,The Creature Wasn't Nice,1,"['Comedy', 'Horror']",4.5,2.0,1.0,10.0,16,16,"['Comedy', 'Horror']",2,comedy horror,37,226,2.833213344056216,2.833213344056216
"A Hollywood producer starts with his nephew's script on Disraeli, Jewish PM in 1800s UK, and ends filming in Cape Town with a black action star. Will a movie be made? Will he score Deidre/Meg Ryan?",anticipation,The Deal,The Deal,1,"['Thriller', 'Crime', 'Drama']",4.4,4.0,2.0,9.0,30,10,"['Thriller', 'Crime', 'Drama']",3,thriller crime drama,36,197,3.4339872044851463,2.3978952727983707
"Desperate for a good story, a sex-addicted journalist throws himself into the world of high-class escorts when he starts following a Stanford-educated prostitute.",anticipation,The Escort,The Escort,1,"['Thriller', 'Crime', 'Drama']",5.7,6.0,3.0,9.0,20,10,"['Thriller', 'Crime', 'Drama']",3,thriller crime drama,23,162,3.044522437723423,2.3978952727983707
"When Iraq war vet. Danny returns to London, he quickly discovers working as a cabbie isn't what he's looking for. An old friend friend persuades him to join an international drug smuggling ...                See full summary »",anticipation,The Fear,The Fear,1,"['Horror', 'Thriller']",4.538461538461538,4.0,2.0,9.0,13,13,"['Horror', 'Thriller']",2,horror thriller,37,226,2.6390573296152584,2.6390573296152584
"""The Formula"" is the story of Quinn and Graham, two engineering students who discover a mathematical formula to pick up women with ease. Quinn is a hopeless romantic who falls head over ...                See full summary »",anticipation,The Formula,The Formula,1,"['Thriller', 'Crime']",2.6666666666666665,1.0,1.0,6.0,6,3,"['Thriller', 'Crime']",2,thriller crime,37,223,1.9459101490553132,1.3862943611198906
"Russian author Fyodor Dostoyevsky (Sir Michael Gambon) must write a novel in twenty-seven days in a deal to pay off his gambling debts, and feverishly dictates the novel ""The Gambler"".",anticipation,The Gambler,The Gambler,1,[],7.0,8.0,3.0,10.0,84,21,[],0,unknown_genre,30,184,4.442651256490317,3.091042453358316
A G-man is sent to prison to befriend a suspected robbery ringleader and then helps him break out to gain his confidence.,anticipation,The Getaway,The Getaway,1,"['Drama', 'Action', 'Thriller']",6.5,7.5,2.0,9.0,8,4,"['Drama', 'Action', 'Thriller']",3,drama action thriller,22,121,2.1972245773362196,1.6094379124341003
A Jazz Age bootlegger learns the hard way about the wages of sin.,anticipation,The Great Gatsby,The Great Gatsby,1,"['Drama', 'Romance']",6.909090909090909,6.0,3.0,10.0,22,11,"['Drama', 'Romance']",2,drama romance,13,65,3.1354942159291497,2.4849066497880004
A young man leaves India to find fame and fortune in America where he unexpectedly becomes a sex guru.,anticipation,The Guru,The Guru,1,"['Comedy', 'Romance']",6.7272727272727275,7.0,3.0,9.0,11,11,"['Comedy', 'Romance']",2,comedy romance,19,102,2.4849066497880004,2.4849066497880004
"In a distant future scarce of water, space pirates get caught after stealing ice from a spaceship. They are sold to a princess looking for her dad. He might have found a planet abundant with water.",anticipation,The Ice Pirates,The Ice Pirates,1,"['Action', 'Science Fiction', 'Comedy']",5.285714285714286,4.0,3.0,9.0,7,7,"['Action', 'Science Fiction', 'Comedy']",3,action science_fiction comedy,36,197,2.0794415416798357,2.0794415416798357
"In turn-of-the-century Vienna, a magician uses his abilities to secure the love of a woman far above his social standing.",anticipation,The Illusionist,The Illusionist,1,"['Fantasy', 'Drama', 'Thriller', 'Romance']",7.7368421052631575,8.0,3.0,10.0,38,19,"['Fantasy', 'Drama', 'Thriller', 'Romance']",4,fantasy drama thriller romance,20,121,3.6635616461296463,2.995732273553991
An avid baker who aspires to open up her own bakery is offered a chance to make money by playing girlfriend to her friend's boss whose parents are coming into town for the weekend.,anticipation,The Intervention,The Intervention,1,"['Comedy', 'Drama']",4.0,4.0,4.0,4.0,2,2,"['Comedy', 'Drama']",2,comedy drama,34,180,1.0986122886681098,1.0986122886681098
"A comedy set in a world where no one has ever lied, until a writer seizes the opportunity for personal gain.",anticipation,The Invention of Lying,The Invention of Lying,1,"['Comedy', 'Romance', 'Fantasy']",6.764705882352941,7.0,3.0,10.0,17,17,"['Comedy', 'Romance', 'Fantasy']",3,comedy romance fantasy,21,108,2.8903717578961645,2.8903717578961645
"In this romantic drama featured at the Cannes Film Festival, a couple, Sophia and Daniel, finds their passionate romance taking a shocking turn when they visit the Bulgarian seaside. As ...                See full summary »",anticipation,The Island,The Island,1,"['Action', 'Adventure', 'Drama']",7.666666666666667,8.0,2.0,10.0,84,21,"['Action', 'Adventure', 'Drama']",3,action adventure drama,35,223,4.442651256490317,3.091042453358316
"A new film adaptation of Rodgers and Hammerstein's musical about the unconventional relationship that develops between the King of Siam and Anna Leonowens, a British schoolteacher whom the King brings to teach his many wives and children.",anticipation,The King and I,The King and I,1,"['Animation', 'Drama', 'Family']",7.545454545454546,8.0,2.0,10.0,22,11,"['Animation', 'Drama', 'Family']",3,animation drama family,37,238,3.1354942159291497,2.4849066497880004
A movie director-screenwriter finds a man to finance his latest project but soon discovers that the producer is actually an undercover FBI agent working on a mob sting operation.,anticipation,The Last Shot,The Last Shot,1,"['Action', 'Comedy']",4.0,4.0,4.0,4.0,1,1,"['Action', 'Comedy']",2,action comedy,29,178,0.6931471805599453,0.6931471805599453
"Tarzan, having acclimated to life in London, is called back to his former home in the jungle to investigate the activities at a mining encampment.",anticipation,The Legend of Tarzan,The Legend of Tarzan,1,"['Action', 'Adventure']",8.6,10.0,3.0,10.0,20,20,"['Action', 'Adventure']",2,action adventure,25,146,3.044522437723423,3.044522437723423
"Tired of the dating scene, an ad executive compiles a list of his perfect woman's attributes, and then sets out to find her.",anticipation,The List,The List,1,['Thriller'],6.041666666666667,8.5,1.0,10.0,24,24,['Thriller'],1,thriller,23,124,3.2188758248682006,3.2188758248682006
Every three hundred years a lobster would take the form of a human.,anticipation,The Lobster,The Lobster,1,"['Thriller', 'Comedy', 'Drama', 'Romance', 'Science Fiction']",6.2,6.5,3.0,9.0,10,10,"['Thriller', 'Comedy', 'Drama', 'Romance', 'Science Fiction']",5,thriller comedy drama romance science_fiction,13,67,2.3978952727983707,2.3978952727983707
A Marine travels to Louisiana after serving three tours in Iraq and searches for the unknown woman he believes was his good luck charm during the war.,anticipation,The Lucky One,The Lucky One,1,"['Drama', 'Romance']",5.947368421052632,6.0,2.0,10.0,19,19,"['Drama', 'Romance']",2,drama romance,27,150,2.995732273553991,2.995732273553991
"San Francisco private detective Sam Spade takes on a case that involves him with three eccentric criminals, a gorgeous liar and their quest for a priceless statuette, with the stakes rising after his partner is murdered.",anticipation,The Maltese Falcon,The Maltese Falcon,1,"['Mystery', 'Crime', 'Thriller']",4.846153846153846,5.0,3.0,8.0,26,13,"['Mystery', 'Crime', 'Thriller']",3,mystery crime thriller,36,220,3.295836866004329,2.6390573296152584
"Alexander Dumas' novel is updated with an eastern influence as D'Artagnan attempts to join the king's elite guards, the Royal Musketeers, and find the man who killed his parents.",anticipation,The Musketeer,The Musketeer,1,"['Action', 'Adventure', 'Drama']",5.526315789473684,6.0,2.0,10.0,19,19,"['Action', 'Adventure', 'Drama']",3,action adventure drama,29,178,2.995732273553991,2.995732273553991
A man fantasizes about his best friend's new girlfriend. He is willing to throw caution to the wind to fulfill his wildest dreams.,anticipation,The Other Woman,The Other Woman,1,['Drama'],9.523809523809524,10.0,8.0,10.0,42,21,['Drama'],1,drama,23,130,3.7612001156935624,3.091042453358316
Remake of 2004's The Phantom of the Opera Directed by Joel Schumacher.,anticipation,The Phantom of the Opera,The Phantom of the Opera,1,"['Drama', 'Horror']",7.4375,7.0,3.0,10.0,48,16,"['Drama', 'Horror']",2,drama horror,12,70,3.8918202981106265,2.833213344056216
"A United States Navy destroyer escort participates in a Navy ""invisibility"" experiment that inadvertently sends two sailors forty years into the future.",anticipation,The Philadelphia Experiment,The Philadelphia Experiment,1,['Science Fiction'],4.4,4.5,2.0,7.0,20,10,['Science Fiction'],1,science_fiction,22,152,3.044522437723423,2.3978952727983707
"The bumbling Inspector Clouseau travels to Rome to catch a notorious jewel thief known as ""The Phantom"" before he conducts his most daring heist yet: a princess' priceless diamond with one slight imperfection, known as ""The Pink Panther"".",anticipation,The Pink Panther,The Pink Panther,1,"['Comedy', 'Crime']",7.9,8.0,2.0,10.0,40,20,"['Comedy', 'Crime']",2,comedy crime,38,238,3.713572066704308,3.044522437723423
"Now settled in Genovia, Princess Mia faces a new revelation: she is being primed for an arranged marriage to an English suitor.",anticipation,The Princess Diaries 2: Royal Engagement,The Princess Diaries 2: Royal Engagement,1,"['Comedy', 'Drama', 'Family', 'Romance']",5.6,6.0,2.0,10.0,15,15,"['Comedy', 'Drama', 'Family', 'Romance']",4,comedy drama family romance,22,127,2.772588722239781,2.772588722239781
"A waitress, desperate to fulfill her dreams as a restaurant owner, is set on a journey to turn a frog prince back into a human being, but she has to face the same problem after she kisses him.",anticipation,The Princess and the Frog,The Princess and the Frog,1,"['Romance', 'Family', 'Animation', 'Music']",5.823529411764706,5.0,2.0,9.0,17,17,"['Romance', 'Family', 'Animation', 'Music']",4,romance family animation music,38,192,2.8903717578961645,2.8903717578961645
"When all the hard but crookedly planned attempts to succeed in life hilariously fails, Davis ventures to arranged marriage plan with one tag line - ""no dowry asked but get me a visa to ...                See full summary »",anticipation,The Proposal,The Proposal,1,"['Comedy', 'Romance', 'Drama']",2.6666666666666665,1.0,1.0,10.0,24,24,"['Comedy', 'Romance', 'Drama']",3,comedy romance drama,39,222,3.2188758248682006,3.2188758248682006
"John Douglas, a high-society playboy, is a cynic concerning the women of his social set, and has a pictured ideal of the girl of his dreams. Wising to avoid the upcoming social season, he ...                See full summary »",anticipation,The Quest,The Quest,1,"['Action', 'Adventure']",6.5,7.5,2.0,10.0,18,18,"['Action', 'Adventure']",2,action adventure,39,225,2.9444389791664403,2.9444389791664403
"A female gunfighter returns to a frontier town where a dueling tournament is being held, which she enters in an effort to avenge her father's death.",anticipation,The Quick and the Dead,The Quick and the Dead,1,"['Action', 'Western']",6.533333333333333,7.0,2.0,10.0,30,15,"['Action', 'Western']",2,action western,26,148,3.4339872044851463,2.772588722239781
Two small time crooks drive to a secluded cafe for a big 'score'.,anticipation,The Score,The Score,1,"['Action', 'Crime', 'Thriller']",7.5,7.0,5.0,10.0,14,14,"['Action', 'Crime', 'Thriller']",3,action crime thriller,13,65,2.70805020110221,2.70805020110221
"Natasha travels by bus to a sleepy little town. She needs to make it for one important meeting. She has been prey to the ritual of online-dating, where she met Andrey, whom she considers to be the One she was looking for.",anticipation,The Thaw,The Thaw,1,"['Horror', 'Science Fiction', 'Thriller']",4.833333333333333,5.0,3.0,6.0,12,12,"['Horror', 'Science Fiction', 'Thriller']",3,horror science_fiction thriller,42,221,2.5649493574615367,2.5649493574615367
A look at the relationship between the famous physicist Stephen Hawking and his wife.,anticipation,The Theory of Everything,The Theory of Everything,1,['Drama'],7.2,8.0,2.0,10.0,40,20,['Drama'],1,drama,14,85,3.713572066704308,3.044522437723423
A former detective and his wife team up to solve a murder case.,anticipation,The Thin Man,The Thin Man,1,"['Comedy', 'Crime', 'Mystery']",7.071428571428571,7.5,3.0,9.0,14,14,"['Comedy', 'Crime', 'Mystery']",3,comedy crime mystery,13,63,2.70805020110221,2.70805020110221
"A very rich and successful playboy amuses himself by stealing artwork, but may have met his match in a seductive detective.",anticipation,The Thomas Crown Affair,The Thomas Crown Affair,1,"['Drama', 'Crime', 'Romance']",8.166666666666666,9.0,2.0,10.0,36,18,"['Drama', 'Crime', 'Romance']",3,drama crime romance,21,123,3.6109179126442243,2.9444389791664403
"Feeling pressured to become more sexually experienced before she goes to college, Brandy Klark makes a list of things to accomplish before hitting campus in the fall.",anticipation,The To Do List,The To Do List,1,"['Comedy', 'Romance']",6.380952380952381,7.0,2.0,10.0,21,21,"['Comedy', 'Romance']",2,comedy romance,27,166,3.091042453358316,3.091042453358316
"In this Southern Gothic retelling of Sheridan Le Fanu's vampire story 'Carmilla,' a young drifter (Christen Orr) arrives in a rural town seeking the whereabouts of the mother she never knew...                See full summary »",anticipation,The Unwanted,The Unwanted,1,"['Drama', 'Horror', 'Mystery']",5.333333333333333,4.5,4.0,9.0,6,6,"['Drama', 'Horror', 'Mystery']",3,drama horror mystery,35,226,1.9459101490553132,1.9459101490553132
Twenty-four hours in the life of Pina and Adolfo. The story of a 36-year-old woman and the flashbacks that show the pair's lives and fills in some details of their other relationships.,anticipation,The Visit,The Visit,1,['Drama'],7.125,8.0,2.0,10.0,48,16,['Drama'],1,drama,32,184,3.8918202981106265,2.833213344056216
"Two very different couples are neighbours in the same apartment block. When they decide to sit down together and settle a few scores, secrets are uncovered and sparks begin to fly.",anticipation,The Visit,The Visit,1,['Drama'],7.125,8.0,2.0,10.0,48,16,['Drama'],1,drama,31,180,3.8918202981106265,2.833213344056216
Dress designer hired by ex-girlfriend to design her dress for her upcoming wedding to another guy.,anticipation,The Wedding Party,The Wedding Party,1,['Comedy'],5.5,5.5,5.0,6.0,8,4,['Comedy'],1,comedy,16,98,2.1972245773362196,1.6094379124341003
The romantic myth is exposed for Guy when he is plagued by memories of an old girlfriend on his wedding day.,anticipation,The Wedding Party,The Wedding Party,1,['Comedy'],5.5,5.5,5.0,6.0,8,4,['Comedy'],1,comedy,21,108,2.1972245773362196,1.6094379124341003
Four frames of simultaneous action that alternately follow a smitten lesbian lover as she obsesses over her partner's dalliances and the tense goings-on of a Hollywood film production company.,anticipation,Timecode,Timecode,1,['Drama'],3.8333333333333335,3.0,3.0,6.0,12,6,['Drama'],1,drama,29,192,2.5649493574615367,1.9459101490553132
Plot details are under wraps.,anticipation,True Love,True Love,1,"['Comedy', 'Romance']",5.0,5.0,5.0,5.0,1,1,"['Comedy', 'Romance']",2,comedy romance,5,29,0.6931471805599453,0.6931471805599453
"Passion, criminal instincts an traditions melt together in this film, that shakes our conception of crime.",anticipation,Under the Skin,Under the Skin,1,['Drama'],7.833333333333333,8.5,4.0,10.0,24,12,['Drama'],1,drama,16,106,3.2188758248682006,2.5649493574615367
A group of aspiring entertainers try to establish careers for themselves in LA.,anticipation,Undiscovered,Undiscovered,1,"['Comedy', 'Romance']",5.266666666666667,5.0,3.0,9.0,15,15,"['Comedy', 'Romance']",2,comedy romance,13,79,2.772588722239781,2.772588722239781
"In this society drama set in contemporary England, a noblewoman pretends to be an adulteress in order to protect her sister-in-law, who actually is.",anticipation,Unfaithful,Unfaithful,1,"['Thriller', 'Drama']",7.8,8.0,2.0,10.0,10,10,"['Thriller', 'Drama']",2,thriller drama,24,148,2.3978952727983707,2.3978952727983707
"Small town girl meets and falls for a playboy type on a train to New York. For him, the fling is over when they arrive, but she continues to carry a torch. She meets and marries his brother...                See full summary »",anticipation,Unfinished Business,Unfinished Business,1,['Comedy'],5.722222222222222,6.0,2.0,9.0,18,18,['Comedy'],1,comedy,42,226,2.9444389791664403,2.9444389791664403
Two female vampires in modern-day New York City are faced with daunting romantic possibilities.,anticipation,Vamps,Vamps,1,"['Comedy', 'Romance', 'Horror']",5.181818181818182,5.0,3.0,9.0,22,11,"['Comedy', 'Romance', 'Horror']",3,comedy romance horror,14,95,3.1354942159291497,2.4849066497880004
"Two New York City girls make a pact to lose their virginity during their first summer out of high school. When they both fall for the same street artist, the friends find their connection tested for the first time.",anticipation,Very Good Girls,Very Good Girls,1,['Drama'],4.705882352941177,4.0,3.0,7.0,17,17,['Drama'],1,drama,39,214,2.8903717578961645,2.8903717578961645
"Based on Terry McMillan's novel, this film follows four very different African-American women and their relationships with men.",anticipation,Waiting to Exhale,Waiting to Exhale,1,"['Comedy', 'Drama', 'Romance']",5.625,5.0,3.0,9.0,8,8,"['Comedy', 'Drama', 'Romance']",3,comedy drama romance,18,127,2.1972245773362196,2.1972245773362196
"WILL THE MAGIC OF AN ANCIENT CULTURE TRIUMPH OVER AN EVIL OF MODERN CIVILIZATION! March 10, 2002 LOS ANGELES TIMES THE WORLD Mexico Captures Tijuana Drug Lord Narcotics: The arrest, and the...                See full synopsis »",anticipation,Warrior,Warrior,1,"['Action', 'Drama']",4.75,4.0,2.0,9.0,12,12,"['Action', 'Drama']",2,action drama,36,227,2.5649493574615367,2.5649493574615367
"An adaptation of the 1957 musical, West Side Story explores forbidden love and the rivalry between the Jets and the Sharks, two teenage street gangs of different ethnic backgrounds.",anticipation,West Side Story,West Side Story,1,"['Crime', 'Drama', 'Music']",5.833333333333333,5.0,3.0,9.0,12,12,"['Crime', 'Drama', 'Music']",3,crime drama music,29,181,2.5649493574615367,2.5649493574615367
"An American teenager learns that her father is a wealthy British politician running for office. Although she is eager to find him, she realizes it could cause a scandal and cost him the election.",anticipation,What a Girl Wants,What a Girl Wants,1,['Comedy'],6.666666666666667,7.0,2.0,10.0,15,15,['Comedy'],1,comedy,34,195,2.772588722239781,2.772588722239781
The big-screen adaptation of Perry's stage play about the trials of marriage and what happens to one family when a sexy young temptress arrives on the scene.,anticipation,Why Did I Get Married?,Why Did I Get Married?,1,"['Comedy', 'Drama']",8.0,8.0,8.0,8.0,1,1,"['Comedy', 'Drama']",2,comedy drama,27,157,0.6931471805599453,0.6931471805599453
A female lawyer becomes mesmerized by a self-made millionaire during an encounter in Rio setting off a series of erotic encounters.,anticipation,Wild Orchid,Wild Orchid,1,"['Drama', 'Romance']",5.428571428571429,5.5,2.0,10.0,14,14,"['Drama', 'Romance']",2,drama romance,21,131,2.70805020110221,2.70805020110221
A chronicle of the political career of US President Woodrow Wilson.,anticipation,Wilson,Wilson,1,"['Romance', 'Drama', 'History', 'Music']",5.545454545454546,5.0,3.0,9.0,22,11,"['Romance', 'Drama', 'History', 'Music']",4,romance drama history music,11,67,3.1354942159291497,2.4849066497880004
A boy is trying to find out about his family history and stumbles upon a town of lycans.,anticipation,Wolves,Wolves,1,['Documentary'],5.285714285714286,6.0,3.0,9.0,42,14,['Documentary'],1,documentary,18,88,3.7612001156935624,2.70805020110221
"An edgy drama about a gay teen's tumultuous decent into drugs and anonymous sex, Wrecked smashes cinematic taboos while it spins its cautionary tale. Ryan is an earnest 18-year-old trying ...                See full summary »",anticipation,Wrecked,Wrecked,1,"['Thriller', 'Mystery']",5.444444444444445,6.0,3.0,7.0,9,9,"['Thriller', 'Mystery']",2,thriller mystery,35,225,2.302585092994046,2.302585092994046
"A man challenges himself to say ""yes"" to everything.",anticipation,Yes Man,Yes Man,1,['Comedy'],7.523809523809524,7.0,2.0,10.0,21,21,['Comedy'],1,comedy,9,52,3.091042453358316,3.091042453358316
Three friends decide to turn their fantasy vacation into reality after one of their friends gets engaged.,anticipation,Zindagi Na Milegi Dobara,Zindagi Na Milegi Dobara,1,"['Drama', 'Comedy', 'Romance']",7.0,8.0,2.0,9.0,8,8,"['Drama', 'Comedy', 'Romance']",3,drama comedy romance,17,105,2.1972245773362196,2.1972245773362196
"Santhosh and Nayana are both creative directors at an advertising agency.Nayana is straight forward and believes in hard work,Santhosh is just the opposite.What happens if these two contradicting personalities fall in love with each other?",anticipation,Zoom,Zoom,1,"['Family', 'Fantasy', 'Comedy']",6.2631578947368425,6.0,2.0,10.0,38,19,"['Family', 'Fantasy', 'Comedy']",3,family fantasy comedy,35,239,3.6635616461296463,2.995732273553991
"Matt spends the night with a girl in an elevator during power outage in a girls' college dorm. He never sees her. Waking up in the morning, panties are all that's left of her. How does he find her in a building with 100 girls?",disgust,100 Girls,100 Girls,1,"['Comedy', 'Drama', 'Romance']",5.083333333333333,4.0,2.0,10.0,12,12,"['Comedy', 'Drama', 'Romance']",3,comedy drama romance,45,226,2.5649493574615367,2.5649493574615367
A ruthless college student resorts to murder in an attempt to marry an heiress.,disgust,A Kiss Before Dying,A Kiss Before Dying,1,"['Drama', 'Thriller', 'Crime', 'Mystery', 'Romance']",4.0,4.0,4.0,4.0,2,1,"['Drama', 'Thriller', 'Crime', 'Mystery', 'Romance']",5,drama thriller crime mystery romance,14,79,1.0986122886681098,0.6931471805599453
"Meng Xiaoxian and Hebi were blissfully albeit secretly conducting a love affair while working as colleagues at the Yanhuang Bank when out of the blue, a newly issued workplace policy ...                See full summary »",disgust,ATM,ATM,1,"['Horror', 'Thriller']",5.5,6.0,2.0,10.0,20,20,"['Horror', 'Thriller']",2,horror thriller,35,220,3.044522437723423,3.044522437723423
"Paris, at night, a woman meets a man. Julie is beautiful, married, on rails. Guillaume is seductive, impulsive, free. They are clumsy and embarrassed, he does too much, she is scathing, ...                See full summary »",disgust,After,After,1,['Drama'],7.888888888888889,9.5,2.0,10.0,36,18,['Drama'],1,drama,36,223,3.6109179126442243,2.9444389791664403
"A movie star responds to a fake prostitution ad posted about a normal woman, the woman pretends to be a hooker in an attempt to seduce him.",disgust,Almost Married,Almost Married,1,['Comedy'],5.0,5.0,5.0,5.0,1,1,['Comedy'],1,comedy,27,139,0.6931471805599453,0.6931471805599453
"Early in World War II, Danish sea captain Andersen, delayed in a British port, tangles with German spies.",disgust,Blackout,Blackout,1,"['Thriller', 'Mystery']",5.125,5.0,2.0,9.0,80,16,"['Thriller', 'Mystery']",2,thriller mystery,18,105,4.394449154672439,2.833213344056216
A young professional woman (Simpson) unwittingly becomes the pawn of two business executives in their bid to oust the head of a mega-conglomerate.,disgust,Blonde Ambition,Blonde Ambition,1,"['Comedy', 'Romance']",4.428571428571429,4.0,1.0,10.0,21,21,"['Comedy', 'Romance']",2,comedy romance,23,146,3.091042453358316,3.091042453358316
"A young American who was raised by Mexican bandits, now must choose sides when his Mexican gang carries out violent murderous raids into U.S. border towns.",disgust,Blue,Blue,1,['Drama'],3.739130434782609,3.0,1.0,8.0,92,23,['Drama'],1,drama,26,155,4.532599493153256,3.1780538303479458
An archaeologist is accused of spying and teams up with a lawyer on an international adventure to clear her name.,disgust,Body of Evidence,Body of Evidence,1,"['Drama', 'Thriller', 'Romance']",6.35,7.0,2.0,10.0,20,20,"['Drama', 'Thriller', 'Romance']",3,drama thriller romance,20,113,3.044522437723423,3.044522437723423
"A gunfighter takes part in a scheme to bilk a wealthy cattle family out of half a million dollars by pretending to be their son, who was kidnapped as child.",disgust,Branded,Branded,1,['Western'],6.705882352941177,7.0,2.0,10.0,34,17,['Western'],1,western,30,156,3.5553480614894135,2.8903717578961645
A man heading towards Rameshwaram via Chennai express to immerse his late grandfather's ashes unwillingly gets caught amidst goons after helping their boss's daughter and them board the train.,disgust,Chennai Express,Chennai Express,1,"['Romance', 'Comedy', 'Action']",6.529411764705882,6.0,2.0,10.0,17,17,"['Romance', 'Comedy', 'Action']",3,romance comedy action,29,192,2.8903717578961645,2.8903717578961645
The relationships of two couples become complicated and deceitful when the man from one couple meets the woman of the other.,disgust,Closer,Closer,1,"['Drama', 'Romance']",7.5,8.0,4.0,9.0,6,6,"['Drama', 'Romance']",2,drama romance,21,124,1.9459101490553132,1.9459101490553132
"An average aquarium cleaner house-sits for a gigolo, only to be forced to become one himself.",disgust,Deuce Bigalow: Male Gigolo,Deuce Bigalow: Male Gigolo,1,['Comedy'],7.333333333333333,8.0,2.0,10.0,15,15,['Comedy'],1,comedy,16,93,2.772588722239781,2.772588722239781
A writer with a room for rent acquires a strange new roommate with a psychotic alter-ego that follows her wherever she goes.,disgust,Doppelganger,Doppelganger,1,"['Horror', 'Mystery', 'Thriller']",3.7142857142857144,3.5,2.0,7.0,28,14,"['Horror', 'Mystery', 'Thriller']",3,horror mystery thriller,22,124,3.367295829986474,2.70805020110221
Inept Canadian mountie Dudley Do-Right chases after villian Snidely Whiplash and woos girlfriend Nell Fenwick.,disgust,Dudley Do-Right,Dudley Do-Right,1,"['Comedy', 'Family', 'Romance']",4.45,3.5,1.0,10.0,20,20,"['Comedy', 'Family', 'Romance']",3,comedy family romance,15,110,3.044522437723423,3.044522437723423
"In order to evade the law, a ruthless don tries to kill his lookalike; a chef and tries to take his place.",disgust,Duplicate,Duplicate,1,"['Action', 'Comedy']",6.0,6.0,6.0,6.0,1,1,"['Action', 'Comedy']",2,action comedy,22,106,0.6931471805599453,0.6931471805599453
"The story of an uptown rat that gets flushed down the toilet from his penthouse apartment, ending in the sewers of London, where he has to learn a whole new and different way of life.",disgust,Flushed Away,Flushed Away,1,"['Adventure', 'Animation', 'Comedy', 'Family']",5.857142857142857,6.0,2.0,10.0,21,21,"['Adventure', 'Animation', 'Comedy', 'Family']",4,adventure animation comedy family,35,183,3.091042453358316,3.091042453358316
"In the waning months of World War II, a man and his wife are mistakenly identified as Jews by their anti-Semitic Brooklyn neighbors. Suddenly the victims of religious and racial persecution...                See full summary »",disgust,Focus,Focus,1,['Drama'],6.428571428571429,7.0,2.0,10.0,42,21,['Drama'],1,drama,35,226,3.7612001156935624,3.091042453358316
"Events of the film revolve in a comic framework, about the authoritarian and arrogant broadcaster Leqa (Yusra), who is only interested in her beauty and external appearance. After a while, ...                See full summary »",disgust,Game Over,Game Over,1,"['Crime', 'Drama', 'Thriller']",4.0,4.0,4.0,4.0,2,1,"['Crime', 'Drama', 'Thriller']",3,crime drama thriller,35,226,1.0986122886681098,0.6931471805599453
A young woman is attracted to a man despite her thinking she's seen him kill someone.,disgust,Head Over Heels,Head Over Heels,1,"['Comedy', 'Romance']",5.538461538461538,6.0,3.0,7.0,39,13,"['Comedy', 'Romance']",2,comedy romance,16,85,3.6888794541139363,2.6390573296152584
"Spoof of the casual sexual adventures of a one-time child actor in Hollywood. It also involves a bratty on-again, off-again lesbian character.",disgust,Heat,Heat,1,"['Action', 'Crime', 'Drama', 'Thriller']",5.75,5.0,4.0,9.0,12,4,"['Action', 'Crime', 'Drama', 'Thriller']",4,action crime drama thriller,22,142,2.5649493574615367,1.6094379124341003
'Hera Pheri' is the story of a con man Ronnie and a con woman Bonny who cheat people for money. But it's gradually revealed that Bonny wants money to build a mental asylum where mentally ...                See full summary »,disgust,Hera Pheri,Hera Pheri,1,['Comedy'],4.25,4.0,2.0,7.0,4,4,['Comedy'],1,comedy,40,224,1.6094379124341003,1.6094379124341003
"After his friend is imprisoned, a hitman kidnaps the daughter of the police commissioner by telling her that he is a police officer.",disgust,Hero,Hero,1,"['Drama', 'Comedy', 'Thriller', 'Mystery']",4.5,3.5,1.0,10.0,60,20,"['Drama', 'Comedy', 'Thriller', 'Mystery']",4,drama comedy thriller mystery,23,132,4.110873864173311,3.044522437723423
"Two straight, single Brooklyn firefighters pretend to be a gay couple in order to receive domestic partner benefits.",disgust,I Now Pronounce You Chuck & Larry,I Now Pronounce You Chuck & Larry,1,"['Comedy', 'Romance']",7.071428571428571,8.0,3.0,10.0,14,14,"['Comedy', 'Romance']",2,comedy romance,18,116,2.70805020110221,2.70805020110221
"Two young lovers rob their way across the southland, posting their exploits to social media and gaining fame and followers as a result.",disgust,Infamous,Infamous,1,['Drama'],5.333333333333333,5.5,2.0,9.0,18,18,['Drama'],1,drama,23,135,2.9444389791664403,2.9444389791664403
"A philandering architect masquerades as a cook in a colleague's home, in order to woo her.",disgust,Joker,Joker,1,"['Comedy', 'Foreign']",4.181818181818182,3.5,1.0,10.0,22,22,"['Comedy', 'Foreign']",2,comedy foreign,16,90,3.1354942159291497,3.1354942159291497
"Three teenagers leave Los Angeles and drive north to Alaska, wind up robbing a pipeline and taking one of the employees hostage.",disgust,Joyride,Joyride,1,"['Comedy', 'Drama', 'Thriller']",5.384615384615385,6.0,2.0,9.0,13,13,"['Comedy', 'Drama', 'Thriller']",3,comedy drama thriller,22,128,2.6390573296152584,2.6390573296152584
An English Duke from 1876 is inadvertedly dragged to modern day New York where he falls for a plucky advertising executive.,disgust,Kate & Leopold,Kate & Leopold,1,"['Comedy', 'Fantasy', 'Romance', 'Science Fiction']",6.571428571428571,7.0,2.0,10.0,14,14,"['Comedy', 'Fantasy', 'Romance', 'Science Fiction']",4,comedy fantasy romance science_fiction,21,123,2.70805020110221,2.70805020110221
A regular guy from America becomes king of England after a royal wipe-out puts him next in line.,disgust,King Ralph,King Ralph,1,"['Comedy', 'Family']",6.363636363636363,7.0,3.0,9.0,11,11,"['Comedy', 'Family']",2,comedy family,18,96,2.4849066497880004,2.4849066497880004
"For fun-loving party animal Ben Stone, the last thing he ever expected was for his one-night stand to show up on his doorstep eight weeks later to tell him she's pregnant with his child.",disgust,Knocked Up,Knocked Up,1,"['Comedy', 'Romance', 'Drama']",7.125,8.0,2.0,10.0,16,16,"['Comedy', 'Romance', 'Drama']",3,comedy romance drama,34,186,2.833213344056216,2.833213344056216
"A young woman pretends to be pregnant in order to avoid being fired from her job. When that gets her special treatment by everyone involved in her life, she tries to keep up the lie for nine months.",disgust,Labor Pains,Labor Pains,1,['Comedy'],7.2727272727272725,6.0,4.0,10.0,11,11,['Comedy'],1,comedy,38,198,2.4849066497880004,2.4849066497880004
Two scientists who are hopeless with the opposite sex experiment with a substance that makes them irresistible to anyone who hears them speak.,disgust,Love Potion No. 9,Love Potion No. 9,1,"['Comedy', 'Romance']",5.75,5.5,3.0,9.0,12,12,"['Comedy', 'Romance']",2,comedy romance,23,142,2.5649493574615367,2.5649493574615367
"In Paris, a demented surgeon's obsession with a British actress leads him to secretly replace her concert pianist husband's mangled hands with those of a guillotined murderer with a gift for knife-throwing.",disgust,Mad Love,Mad Love,1,"['Drama', 'Family', 'Romance']",4.5,4.5,3.0,6.0,20,4,"['Drama', 'Family', 'Romance']",3,drama family romance,32,206,3.044522437723423,1.6094379124341003
"The love story that transformed Juana, Queen of Spain, into Juana ""the Mad"". A story of passions, lies and jealousy with a political motive behind.",disgust,Mad Love,Mad Love,1,"['Drama', 'Family', 'Romance']",4.5,4.5,3.0,6.0,20,4,"['Drama', 'Family', 'Romance']",3,drama family romance,25,147,3.044522437723423,1.6094379124341003
A sleazy but affable guard dog trainer is blackmailed to steal a manuscript for a tell-all book from one of his clients.,disgust,Man Trouble,Man Trouble,1,"['Comedy', 'Romance']",5.083333333333333,5.0,2.0,9.0,12,12,"['Comedy', 'Romance']",2,comedy romance,22,120,2.5649493574615367,2.5649493574615367
"An American painter has an affair with a bar owner in a French village, and agrees to help murder her husband, who has escaped from a prison for the criminally insane.",disgust,Maniac,Maniac,1,['Horror'],4.0,3.5,1.0,10.0,32,16,['Horror'],1,horror,31,167,3.4965075614664802,2.833213344056216
"Triangle story: painter, his young male model, unscrupulous princess.",disgust,Michael,Michael,1,"['Comedy', 'Drama', 'Fantasy']",6.285714285714286,7.5,2.0,10.0,42,14,"['Comedy', 'Drama', 'Fantasy']",3,comedy drama fantasy,9,69,3.7612001156935624,2.70805020110221
"A U.S. actor gets a gig in South American Parador. When the dictator dies, he's forced to play him for real and gets his mistress. Can they change Parador?",disgust,Moon Over Parador,Moon Over Parador,1,"['Action', 'Comedy', 'Drama', 'Romance']",4.0,4.0,4.0,4.0,1,1,"['Action', 'Comedy', 'Drama', 'Romance']",4,action comedy drama romance,29,155,0.6931471805599453,0.6931471805599453
"A girl falls for the ""perfect"" guy, who happens to have a very fatal flaw: he's a hitman on the run from the crime cartels who employ him.",disgust,Mr. Right,Mr. Right,1,"['Action', 'Comedy', 'Romance']",4.333333333333333,3.0,2.0,8.0,9,3,"['Action', 'Comedy', 'Romance']",3,action comedy romance,28,138,2.302585092994046,1.3862943611198906
"The spoiled daughter of a rich American family hires as butler an Austrian vagrant she finds on a pier, without knowing that he illegally jumped ship.",disgust,My Man Godfrey,My Man Godfrey,1,"['Comedy', 'Romance']",6.294117647058823,7.0,3.0,9.0,34,17,"['Comedy', 'Romance']",2,comedy romance,26,150,3.5553480614894135,2.8903717578961645
Andy is looking for Mr. Right and Claire doesn't believe in monogamy.,disgust,No Strings Attached,No Strings Attached,1,"['Comedy', 'Romance']",5.4,5.0,2.0,10.0,15,15,"['Comedy', 'Romance']",2,comedy romance,12,69,2.772588722239781,2.772588722239781
A coverup and witchhunt occur after a politician accidentally kills his mistress.,disgust,No Way Out,No Way Out,1,"['Action', 'Drama', 'Thriller']",7.0,7.0,5.0,9.0,8,4,"['Action', 'Drama', 'Thriller']",3,action drama thriller,12,81,2.1972245773362196,1.6094379124341003
"A mild-mannered guy, who is married to a monstrous woman, meets the woman of his dreams, and schemes to find a way to be with her.",disgust,Norbit,Norbit,1,['Comedy'],5.391304347826087,7.0,1.0,10.0,23,23,['Comedy'],1,comedy,26,130,3.1780538303479458,3.1780538303479458
A clown's daughter refuses to marry a comedian to please her adoptive parents.,disgust,Once Upon a Time,Once Upon a Time,1,[],6.444444444444445,8.0,2.0,9.0,18,9,[],0,unknown_genre,13,78,2.9444389791664403,2.302585092994046
An escaped con goes after a drug-dealing killer.,disgust,Payback,Payback,1,"['Drama', 'Action', 'Thriller', 'Crime']",6.545454545454546,8.0,2.0,9.0,11,11,"['Drama', 'Action', 'Thriller', 'Crime']",4,drama action thriller crime,8,48,2.4849066497880004,2.4849066497880004
"A trio of University students (Oberon, Titania and Puck, disguised as TV cable guys), secretly install cameras and microphones, big brother style, into a suburban house. Spying on the ...                See full summary »",disgust,Picture This,Picture This,1,['Comedy'],5.2,5.0,4.0,6.0,5,5,['Comedy'],1,comedy,34,221,1.791759469228055,1.791759469228055
"A retired US Navy pilot comes to Mexico, where he falls in love with the wife of a powerful businessman. The consequences will be cruel and unforeseen.",disgust,Revenge,Revenge,1,"['Thriller', 'Drama', 'Romance', 'Crime']",5.0,5.0,2.0,9.0,39,13,"['Thriller', 'Drama', 'Romance', 'Crime']",4,thriller drama romance crime,27,151,3.6888794541139363,2.6390573296152584
"A spoof of Robin Hood in general, and Robin Hood: Prince of Thieves (1991) in particular.",disgust,Robin Hood: Men in Tights,Robin Hood: Men in Tights,1,['Comedy'],7.153846153846154,8.0,2.0,10.0,13,13,['Comedy'],1,comedy,16,89,2.6390573296152584,2.6390573296152584
"A pilot is the only hope to stop the mutiny of a spacecraft by its security crew, who plot to sell the crew of the ship into slavery.",disgust,Space Mutiny,Space Mutiny,1,"['Romance', 'Adventure', 'Science Fiction']",4.2272727272727275,1.0,1.0,10.0,22,22,"['Romance', 'Adventure', 'Science Fiction']",3,romance adventure science_fiction,28,133,3.1354942159291497,3.1354942159291497
A sex comedy centered on a serial womanizer and his jilted lover.,disgust,Spread,Spread,1,['Comedy'],5.333333333333333,5.0,2.0,10.0,21,21,['Comedy'],1,comedy,12,65,3.091042453358316,3.091042453358316
"The title character, a popular NASCAR driver, clashes with the fried-chicken mogul that sponsors his racing team.",disgust,Stroker Ace,Stroker Ace,1,"['Action', 'Comedy']",5.444444444444445,6.0,2.0,8.0,9,9,"['Action', 'Comedy']",2,action comedy,17,113,2.302585092994046,2.302585092994046
Tamara is overweight and unpopular at school. She and her fiend take a bet they will make a. Play for the first and second boy to enter the classroom . But how can podgy Tamara net her man ...                See full summary »,disgust,Tamara,Tamara,1,"['Fantasy', 'Horror', 'Thriller']",5.7,5.0,3.0,9.0,10,10,"['Fantasy', 'Horror', 'Thriller']",3,fantasy horror thriller,43,226,2.3978952727983707,2.3978952727983707
"A New York City cosmetologist, mistakenly thought to be a science teacher, is offered a job to teach the children of an Eastern European dictator.",disgust,The Beautician and the Beast,The Beautician and the Beast,1,"['Comedy', 'Romance']",5.2,5.0,4.0,6.0,5,5,"['Comedy', 'Romance']",2,comedy romance,25,146,1.791759469228055,1.791759469228055
"A former Secret Service agent takes on the job of bodyguard to an R&B singer, whose lifestyle is most unlike a President's.",disgust,The Bodyguard,The Bodyguard,1,"['Thriller', 'Action', 'Drama', 'Music', 'Romance']",5.384615384615385,5.0,2.0,10.0,52,13,"['Thriller', 'Action', 'Drama', 'Music', 'Romance']",5,thriller action drama music romance,22,123,3.970291913552122,2.6390573296152584
"Amidst betrayal, a by-the-book contractor takes on the role of protecting a beautiful, yet not-so-easy-to-get-along with famous influencer. The same woman he was hired to kill.",disgust,The Bodyguard,The Bodyguard,1,"['Thriller', 'Action', 'Drama', 'Music', 'Romance']",5.384615384615385,5.0,2.0,10.0,52,13,"['Thriller', 'Action', 'Drama', 'Music', 'Romance']",5,thriller action drama music romance,26,176,3.970291913552122,2.6390573296152584
"In a bid to keep their luxurious condo from their significant other, a couple's break-up proceeds to get uglier and nastier by the moment.",disgust,The Break-Up,The Break-Up,1,"['Romance', 'Comedy']",6.117647058823529,7.0,3.0,10.0,17,17,"['Romance', 'Comedy']",2,romance comedy,24,138,2.8903717578961645,2.8903717578961645
"A successful computer engineer meets a stripper in a cafe. He offers her $10,000 and she offers three days and nights of no penetration in Vegas.",disgust,The Center of the World,The Center of the World,1,"['Drama', 'Romance']",4.0,4.0,4.0,4.0,1,1,"['Drama', 'Romance']",2,drama romance,26,145,0.6931471805599453,0.6931471805599453
A bored young woman in a sleepy community called Spearfish starts receiving photographs of brutally murdered young women. Are they real or staged? The culprit is either a serial killer or some creep with a sick sense of humour.,disgust,The Girl in the Photographs,The Girl in the Photographs,1,"['Crime', 'Horror', 'Thriller']",4.6875,5.0,2.0,8.0,16,16,"['Crime', 'Horror', 'Thriller']",3,crime horror thriller,39,227,2.833213344056216,2.833213344056216
A Mafia boss trains his mentally impaired son as his successor.,disgust,The Last Godfather,The Last Godfather,1,"['Action', 'Comedy', 'Thriller']",6.875,7.0,5.0,8.0,8,8,"['Action', 'Comedy', 'Thriller']",3,action comedy thriller,11,63,2.1972245773362196,2.1972245773362196
A Nordic revolutionary's plans to murder the president go awry when he falls in love with the man's daughter.,disgust,The Last Summer,The Last Summer,1,[],5.0,4.0,3.0,9.0,5,5,[],0,unknown_genre,19,109,1.791759469228055,1.791759469228055
"The wife of a rubber plantation administrator shoots a man to death and claims it was self-defense, but a letter in her own hand may prove her undoing.",disgust,The Letter,The Letter,1,"['Crime', 'Drama', 'Romance']",6.9,8.0,1.0,10.0,20,10,"['Crime', 'Drama', 'Romance']",3,crime drama romance,28,151,3.044522437723423,2.3978952727983707
A State Department employee finds an egg-shaped device with a green fluid inside that makes the person who drinks it invisible. He finds himself being chased by foreign agents who want the substance.,disgust,The Man Who Wasn't There,The Man Who Wasn't There,1,"['Crime', 'Drama']",6.8,8.0,2.0,9.0,20,10,"['Crime', 'Drama']",2,crime drama,33,199,3.044522437723423,2.3978952727983707
"A man tries to transport an ancient gun called The Mexican, believed to carry a curse, back across the border, while his girlfriend pressures him to give up his criminal ways.",disgust,The Mexican,The Mexican,1,"['Action', 'Comedy', 'Crime', 'Romance']",6.722222222222222,7.0,2.0,10.0,18,18,"['Action', 'Comedy', 'Crime', 'Romance']",4,action comedy crime romance,31,175,2.9444389791664403,2.9444389791664403
A young soprano becomes the obsession of a disfigured and murderous musical genius who lives beneath the Paris Opéra House.,disgust,The Phantom of the Opera,The Phantom of the Opera,1,"['Drama', 'Horror']",7.4375,7.0,3.0,10.0,48,16,"['Drama', 'Horror']",2,drama horror,20,123,3.8918202981106265,2.833213344056216
A man is employed to tutor the children of an aristocratic family and has an affair with the lady of the house.,disgust,The Swan,The Swan,1,"['Comedy', 'Drama', 'History', 'Romance']",6.0,6.0,6.0,6.0,1,1,"['Comedy', 'Drama', 'History', 'Romance']",4,comedy drama history romance,22,111,0.6931471805599453,0.6931471805599453
"Cardinal Richelieu, engaged in intrigue at the court of Louis XIII, attempts to rule by threatening the queen, who is secretly in love with the Duke of Buckingham. From Gascony comes ...                See full summary »",disgust,The Three Musketeers,The Three Musketeers,1,"['Action', 'Adventure', 'Comedy']",7.3125,8.0,3.0,10.0,112,16,"['Action', 'Adventure', 'Comedy']",3,action adventure comedy,36,220,4.727387818712341,2.833213344056216
A model discovers a retired judge is keen on invading people's privacy.,disgust,Three Colors: Red,Three Colors: Red,1,"['Drama', 'Mystery', 'Romance']",7.0,7.5,4.0,9.0,8,8,"['Drama', 'Mystery', 'Romance']",3,drama mystery romance,12,71,2.1972245773362196,2.1972245773362196
"A World War II Hollywood propaganda film detailing the dark underside of Nazism and the Third Reich set between two brothers, Kurt and Erik Franken, who are SS officers in the Nazi party. ...                See full summary »",disgust,Underground,Underground,1,"['War', 'Drama', 'Comedy']",4.266666666666667,4.0,1.0,10.0,45,15,"['War', 'Drama', 'Comedy']",3,war drama comedy,38,225,3.828641396489095,2.772588722239781
"A wealthy couple, unsatisfied in the bedroom, hire a virile young man as a groundskeeper. Affairs, deception, and murder ensue.",disgust,Vipers,Vipers,1,"['Action', 'Horror', 'Thriller', 'Science Fiction']",5.142857142857143,5.0,3.0,8.0,7,7,"['Action', 'Horror', 'Thriller', 'Science Fiction']",4,action horror thriller science_fiction,20,127,2.0794415416798357,2.0794415416798357
"Two high-school nerds use a computer program to literally create the perfect woman, who promptly turns their lives upside-down.",disgust,Weird Science,Weird Science,1,"['Comedy', 'Romance', 'Fantasy']",7.111111111111111,7.5,2.0,10.0,18,18,"['Comedy', 'Romance', 'Fantasy']",3,comedy romance fantasy,19,127,2.9444389791664403,2.9444389791664403
"Plantation owner William Hawkes (David Newell) doesn't approve of the fact that most of the white men on the island have married, or are living with native girls. He doesn't approve of ...                See full summary »",disgust,White Heat,White Heat,1,"['Crime', 'Drama', 'Thriller']",8.0,9.0,5.0,9.0,10,10,"['Crime', 'Drama', 'Thriller']",3,crime drama thriller,37,222,2.3978952727983707,2.3978952727983707
"Two con artistes and car thieves, Vicky (Ajay Devgan) and Sakshi (Preity Zintar) run afoul of Bhanwarlal (Deep Dhillon) and his mob, when they accidentally kill his brother. Bhanwarlal and ...                See full summary »",disgust,Yeh Raaste Hain Pyaar Ke,Yeh Raaste Hain Pyaar Ke,1,[],3.0,3.0,2.0,4.0,3,3,[],0,unknown_genre,35,226,1.3862943611198906,1.3862943611198906
"""Altitude 3,200"" (aka ""Youth in Revolt"") asks the question and provides the premise of what would happen if a group of young people----poor, rich, discontented, bored--- were given an ...                See full summary »",disgust,Youth in Revolt,Youth in Revolt,1,"['Drama', 'Comedy', 'Romance']",6.875,7.0,2.0,10.0,24,24,"['Drama', 'Comedy', 'Romance']",3,drama comedy romance,34,221,3.2188758248682006,3.2188758248682006
"Three college friends hit the biggest party of the year, where a mysterious phenomenon disrupts the night, quickly descending into a chaos that challenges their friendships - and whether they can stay alive.",fear,+1,+1,1,"['Thriller', 'Science Fiction']",5.6875,5.0,3.0,9.0,16,16,"['Thriller', 'Science Fiction']",2,thriller science_fiction,33,207,2.833213344056216,2.833213344056216
"A man's life is derailed when an ominous pattern of events repeats itself in exactly the same manner every day, ending at precisely 2:22 p.m.",fear,2:22,2:22,1,['Thriller'],4.722222222222222,3.5,2.0,9.0,36,18,['Thriller'],1,thriller,25,141,3.6109179126442243,2.9444389791664403
A Princeton admissions officer who is up for a major promotion takes a professional risk after she meets a college-bound alternative school kid who just might be the son she gave up years ago in a secret adoption.,fear,Admission,Admission,1,"['Comedy', 'Drama', 'Romance']",6.277777777777778,6.0,4.0,10.0,18,18,"['Comedy', 'Drama', 'Romance']",3,comedy drama romance,38,213,2.9444389791664403,2.9444389791664403
"When a scientists daughter is kidnapped, American Ninja (David Bradley), attempts to find her, but this time he teams up with a youngster he has trained in the ways of the ninja.",fear,American Ninja 5,American Ninja 5,1,"['Action', 'Thriller']",3.4782608695652173,2.0,1.0,10.0,23,23,"['Action', 'Thriller']",2,action thriller,32,178,3.1780538303479458,3.1780538303479458
"An opportunistic businessman tries to pass off a mysterious impostor as the Grand Duchess Anastasia, and she is so convincing that even the biggest skeptics believe her.",fear,Anastasia,Anastasia,1,"['Animation', 'Family']",5.5,6.0,2.0,9.0,20,10,"['Animation', 'Family']",2,animation family,27,169,3.044522437723423,2.3978952727983707
"During the 1860s Tucson, a pioneer woman struggles to succeed in the freight and cattle business while at risk at the hands of corrupt and violent local businessmen and rampaging Indians.",fear,Arizona,Arizona,1,['Western'],3.8,4.0,3.0,5.0,5,5,['Western'],1,western,31,187,1.791759469228055,1.791759469228055
"In order to win a bet, British gentleman Phileas Fogg attempts to circle the globe in eighty days, along with his French servant, Passepartout. Fogg is wrongly suspected of having robbed the Bank of England and faces the risk of arrest.",fear,Around the World in 80 Days,Around the World in 80 Days,1,"['Action', 'Adventure', 'Comedy']",6.823529411764706,8.0,2.0,10.0,34,17,"['Action', 'Adventure', 'Comedy']",3,action adventure comedy,41,236,3.5553480614894135,2.8903717578961645
"Fleeing persecution and torture in northern Iraq, three young Kurds, Mahmoud, Rezghar and Saman, smuggle themselves into Britain aboard a freight train. Arriving in London they register for...                See full summary »",fear,Asylum,Asylum,1,"['Horror', 'Thriller', 'Mystery']",9.0,9.0,9.0,9.0,4,1,"['Horror', 'Thriller', 'Mystery']",3,horror thriller mystery,32,226,1.6094379124341003,0.6931471805599453
"Growing up in Mumbai, Surya is in awe of a powerful local gangster and helps out his gang. Soon, he enters into a life of crime where there is no turning back.",fear,Baaghi,Baaghi,1,"['Action', 'Romance', 'Thriller']",4.9,5.0,3.0,6.0,10,10,"['Action', 'Romance', 'Thriller']",3,action romance thriller,32,159,2.3978952727983707,2.3978952727983707
"A young bank receptionist gets mixed up with Rajveer Nanda, a man who has a mysterious background.",fear,Bang Bang,Bang Bang,1,"['Comedy', 'Fantasy']",7.428571428571429,9.0,2.0,10.0,21,21,"['Comedy', 'Fantasy']",2,comedy fantasy,17,98,3.091042453358316,3.091042453358316
A dark twist on the morality tale of forbidden love between beautiful Belle and the feared forest Beast. As villagers are being brutally murdered and the Beast is hunted down as the one ...                See full summary »,fear,Beauty and the Beast,Beauty and the Beast,1,"['Romance', 'Family', 'Animation', 'Fantasy', 'Music']",2.764705882352941,2.0,1.0,8.0,136,17,"['Romance', 'Family', 'Animation', 'Fantasy', 'Music']",5,romance family animation fantasy music,38,223,4.919980925828125,2.8903717578961645
"Curse turns a handsome prince into a werewolf at night. A princess tries to help him, while his enemies plot to take his throne.",fear,Beauty and the Beast,Beauty and the Beast,1,"['Romance', 'Family', 'Animation', 'Fantasy', 'Music']",2.764705882352941,2.0,1.0,8.0,136,17,"['Romance', 'Family', 'Animation', 'Fantasy', 'Music']",5,romance family animation fantasy music,24,128,4.919980925828125,2.8903717578961645
"In this gothic rendition of the classic fairy tale, a merchant's youngest daughter is held prisoner by a mysterious winged beast.",fear,Beauty and the Beast,Beauty and the Beast,1,"['Romance', 'Family', 'Animation', 'Fantasy', 'Music']",2.764705882352941,2.0,1.0,8.0,136,17,"['Romance', 'Family', 'Animation', 'Fantasy', 'Music']",5,romance family animation fantasy music,21,129,4.919980925828125,2.8903717578961645
Henry and Dianne fear that settling down means giving up on their dreams. It will take the universe conspiring to keep them apart for them to realize just how much they need each other.,fear,Between Us,Between Us,1,['Drama'],4.0,4.0,4.0,4.0,2,1,['Drama'],1,drama,34,185,1.0986122886681098,0.6931471805599453
A British East India Trading Company assassin seeks to redeem his past by thwarting a plot against a young nation's hope for freedom.,fear,Beyond the Mask,Beyond the Mask,1,['Action'],5.666666666666667,5.5,2.0,9.0,12,12,['Action'],1,action,23,133,2.5649493574615367,2.5649493574615367
"After wishing to be made big, a teenage boy wakes the next morning to find himself mysteriously in the body of an adult.",fear,Big,Big,1,"['Fantasy', 'Drama', 'Comedy', 'Romance', 'Family']",6.0,6.0,2.0,9.0,15,15,"['Fantasy', 'Drama', 'Comedy', 'Romance', 'Family']",5,fantasy drama comedy romance family,23,120,2.772588722239781,2.772588722239781
"An ancient African prince, turned into a vampire by Dracula himself, finds himself in modern Los Angeles.",fear,Blacula,Blacula,1,"['Horror', 'Thriller']",4.0,4.0,4.0,4.0,1,1,"['Horror', 'Thriller']",2,horror thriller,17,105,0.6931471805599453,0.6931471805599453
The illegal relationship of the wife of the prosecutor of a provincial town turns into a nightmare.,fear,Blind Date,Blind Date,1,"['Comedy', 'Romance']",7.2105263157894735,7.0,3.0,10.0,95,19,"['Comedy', 'Romance']",2,comedy romance,17,99,4.564348191467836,2.995732273553991
Juan is a young Spanish man whose dream is to become one of the famous toreros. When he was caught making an illegal (and in fact for the real torero life endangering) night bullfight with ...                See full summary »,fear,Blood and Sand,Blood and Sand,1,"['Drama', 'Romance']",5.5,5.5,5.0,6.0,4,2,"['Drama', 'Romance']",2,drama romance,40,226,1.6094379124341003,1.0986122886681098
"When her father is murdered, a pharmaceutical heiress becomes the next target of an unknown killer amid the international jet set.",fear,Bloodline,Bloodline,1,['Horror'],5.636363636363637,5.0,3.0,9.0,22,11,['Horror'],1,horror,21,130,3.1354942159291497,2.4849066497880004
A mysterious young man suffering a rare blood disease that colors his skin blue meets a young woman who looks beyond his unusual appearance as she struggles with dark secrets of her own.,fear,Blue,Blue,1,['Drama'],3.739130434782609,3.0,1.0,8.0,92,23,['Drama'],1,drama,33,186,4.532599493153256,3.1780538303479458
"It is the story of five bounty hunters who chase fugitives for money in China, Hong Kong, Korea and Thailand.",fear,Bounty Hunters,Bounty Hunters,1,"['Action', 'Comedy', 'Thriller', 'Romance']",6.0,6.0,3.0,9.0,4,2,"['Action', 'Comedy', 'Thriller', 'Romance']",4,action comedy thriller romance,20,109,1.6094379124341003,1.0986122886681098
"A young New York socialite becomes interested in a young man who has moved into her apartment building, but her past threatens to get in the way.",fear,Breakfast at Tiffany's,Breakfast at Tiffany's,1,"['Comedy', 'Drama', 'Romance']",5.846153846153846,7.0,2.0,9.0,13,13,"['Comedy', 'Drama', 'Romance']",3,comedy drama romance,27,145,2.6390573296152584,2.6390573296152584
"Competition between the maid of honor and a bridesmaid, over who is the bride's best friend, threatens to upend the life of an out-of-work pastry chef.",fear,Bridesmaids,Bridesmaids,1,"['Comedy', 'Romance']",6.9375,8.0,2.0,10.0,16,16,"['Comedy', 'Romance']",2,comedy romance,26,151,2.833213344056216,2.833213344056216
"After running away from her marriage, a woman enters a dangerous agreement with an unfamiliar man to save her father's company and her reputation. The tables soon turn when she kidnaps the ...                See full summary »",fear,Broken,Broken,1,"['Horror', 'Thriller']",6.6,6.0,4.0,9.0,15,5,"['Horror', 'Thriller']",2,horror thriller,37,226,2.772588722239781,1.791759469228055
Plot unknown.,fear,Christmas Eve,Christmas Eve,1,"['Comedy', 'Drama']",5.916666666666667,7.0,2.0,9.0,24,12,"['Comedy', 'Drama']",2,comedy drama,2,13,3.2188758248682006,2.5649493574615367
"United by dire circumstances, four unlikely allies from a Philadelphia prep school - the hacker, the slacker, the athlete, and the perfect student - band together to attempt the impossible: steal from the U.S. Mint.",fear,Coin Heist,Coin Heist,1,"['Family', 'Crime']",5.642857142857143,6.0,2.0,9.0,14,14,"['Family', 'Crime']",2,family crime,35,215,2.70805020110221,2.70805020110221
"A color-blind psychiatrist is stalked by an unknown killer after taking over his murdered friend's therapy group, all of whom have a connection to a mysterious young woman that he begins having intense sexual encounters with.",fear,Color of Night,Color of Night,1,"['Drama', 'Mystery', 'Romance', 'Thriller']",6.388888888888889,7.0,2.0,10.0,18,18,"['Drama', 'Mystery', 'Romance', 'Thriller']",4,drama mystery romance thriller,36,225,2.9444389791664403,2.9444389791664403
"After a fight with her boyfriend, a successful female erotic novelist on a book tour of Europe joins her ex and his female friend, with whom she falls madly in love, for a party at a castle owned by a dangerous cult.",fear,Compulsion,Compulsion,1,"['Crime', 'Drama']",6.066666666666666,6.0,2.0,9.0,30,15,"['Crime', 'Drama']",2,crime drama,42,216,3.4339872044851463,2.772588722239781
"As Susan Hamilton sleeps, she dreams that she is another person in an alternative reality. As her greatest fears come to life, she is pursued by the notorious serial killer known as the Night Stalker.",fear,Dark Corners,Dark Corners,1,"['Horror', 'Thriller']",7.0,7.0,4.0,9.0,15,15,"['Horror', 'Thriller']",2,horror thriller,35,200,2.772588722239781,2.772588722239781
"In New York City, a case of mistaken identity turns a bored married couple's attempt at a glamorous and romantic evening into something more thrilling and dangerous.",fear,Date Night,Date Night,1,['Comedy'],6.0625,6.0,2.0,8.0,16,16,['Comedy'],1,comedy,27,165,2.833213344056216,2.833213344056216
"As a copycat killer named after movie villain Cinderhella stalks the student body at Grizzly Lake High School, a group of co-eds band together to survive while serving detention.",fear,Detention,Detention,1,"['Action', 'Thriller']",3.5,2.5,1.0,7.0,12,6,"['Action', 'Thriller']",2,action thriller,29,178,2.5649493574615367,1.9459101490553132
"When American couple Janet (Doris Day) and Mike (Rod Taylor) move to England for his business, she soon fears he's having an affair with his attractive secretary and decides to get back at him by pretending she has been unfaithful.",fear,Do Not Disturb,Do Not Disturb,1,['Thriller'],5.461538461538462,6.0,2.0,9.0,39,13,['Thriller'],1,thriller,40,231,3.6888794541139363,2.6390573296152584
"When singer Guy Lambert goes on tour in Europe, he is pursued by two beautiful women, bumbling jewel thieves, and a mysterious killer.",fear,Double Trouble,Double Trouble,1,"['Comedy', 'Music', 'Romance']",5.5,5.0,3.0,9.0,12,4,"['Comedy', 'Music', 'Romance']",3,comedy music romance,23,134,2.5649493574615367,1.6094379124341003
"In 1913, the charming, seductive and sinister vampire Count Dracula travels to England in search of an immortal bride.",fear,Dracula,Dracula,1,"['Romance', 'Horror']",8.6,9.0,7.0,9.0,15,5,"['Romance', 'Horror']",2,romance horror,19,118,2.772588722239781,1.791759469228055
The centuries old vampire Count Dracula comes to England to seduce his barrister Jonathan Harker's fiancée Mina Murray and inflict havoc in the foreign land.,fear,Dracula,Dracula,1,"['Romance', 'Horror']",8.6,9.0,7.0,9.0,15,5,"['Romance', 'Horror']",2,romance horror,25,157,2.772588722239781,1.791759469228055
Asia Argento stars in horror legend Dario Argento's sexy spin on the classic tale about the sharp-toothed count who craves human blood.,fear,Dracula 3D,Dracula 3D,1,"['Horror', 'Romance', 'Thriller']",4.173913043478261,4.0,1.0,10.0,23,23,"['Horror', 'Romance', 'Thriller']",3,horror romance thriller,22,135,3.1780538303479458,3.1780538303479458
"A journey in a heated and paranoid America with a man in search of a lost love, a woman lost in desire for revenge and a twenty-year-old diary about the yearning to waste oneself in destruction.",fear,Ecstasy,Ecstasy,1,"['Romance', 'Comedy', 'Crime']",4.5,4.5,4.0,5.0,2,2,"['Romance', 'Comedy', 'Crime']",3,romance comedy crime,36,194,1.0986122886681098,1.0986122886681098
"A horror-thriller centered on a woman living with ""face-blindness"" after surviving a serial killer's attack. As she lives with her condition, one in which facial features change each time she loses sight of them, the killer closes in.",fear,Faces in the Crowd,Faces in the Crowd,1,"['Thriller', 'Mystery', 'Crime', 'Drama']",5.384615384615385,5.0,2.0,9.0,13,13,"['Thriller', 'Mystery', 'Crime', 'Drama']",4,thriller mystery crime drama,38,234,2.6390573296152584,2.6390573296152584
The friendship between two tramp boat owners is threatened by the arrival of a beautiful and seductive passenger.,fear,Fire Down Below,Fire Down Below,1,"['Action', 'Adventure', 'Crime', 'Thriller']",7.0,7.0,7.0,7.0,10,5,"['Action', 'Adventure', 'Crime', 'Thriller']",4,action adventure crime thriller,18,113,2.3978952727983707,1.791759469228055
Four young adults get into trouble in the woods by pulling pranks until they realize they are putting an alien creature at risk with all of the attention they bring.,fear,Fishing Naked,Fishing Naked,1,['Comedy'],7.625,8.0,2.0,9.0,8,8,['Comedy'],1,comedy,30,165,2.1972245773362196,2.1972245773362196
"After a young man is murdered, his spirit stays behind to warn his lover of impending danger, with the help of a reluctant psychic.",fear,Ghost,Ghost,1,"['Fantasy', 'Drama', 'Thriller', 'Mystery', 'Romance']",6.9411764705882355,7.0,2.0,10.0,68,17,"['Fantasy', 'Drama', 'Thriller', 'Mystery', 'Romance']",5,fantasy drama thriller mystery romance,24,131,4.23410650459726,2.8903717578961645
Larry Gigli is assigned by a crime boss to kidnap the brother of a prominent district attorney. A beautiful woman known only as Ricki is sent to stay with him to make sure he doesn't mess up the job.,fear,Gigli,Gigli,1,['Drama'],5.260869565217392,6.0,1.0,10.0,23,23,['Drama'],1,drama,39,199,3.1780538303479458,3.1780538303479458
"The lives of Calcutta's most powerful Gunday, Bikram and Bala, changes when Nandita enters it. Then a counter-force takes charge and a thriller unfolds.",fear,Gunday,Gunday,1,"['Action', 'Crime', 'Drama']",2.857142857142857,1.0,1.0,10.0,21,21,"['Action', 'Crime', 'Drama']",3,action crime drama,24,152,3.091042453358316,3.091042453358316
"Rachel Carlson, a successful novelist moves to a small Scottish village to move on with her life after the death of her son. Strange things start to happen when she is haunted by ghosts and real life terror.",fear,Half Light,Half Light,1,"['Mystery', 'Thriller', 'Drama', 'Horror']",7.1,7.0,3.0,9.0,10,10,"['Mystery', 'Thriller', 'Drama', 'Horror']",4,mystery thriller drama horror,38,207,2.3978952727983707,2.3978952727983707
"Mumble's son, Erik, is struggling to realize his talents in the Emperor Penguin world. Meanwhile, Mumble and his family and friends discover a new threat their home -- one that will take everyone working together to save them.",fear,Happy Feet Two,Happy Feet Two,1,"['Animation', 'Comedy', 'Family']",6.631578947368421,7.0,2.0,10.0,19,19,"['Animation', 'Comedy', 'Family']",3,animation comedy family,38,226,2.995732273553991,2.995732273553991
"The story of two brothers of different orientation and fate. The drama takes place in an atmosphere of tension and fear, during the conflict of Yugoslav Communist Party with the Stalinism, ...                See full summary »",fear,Happy New Year,Happy New Year,1,"['Comedy', 'Crime', 'Romance']",8.7,10.0,3.0,10.0,60,20,"['Comedy', 'Crime', 'Romance']",3,comedy crime romance,36,226,4.110873864173311,3.044522437723423
"A potentially violent screenwriter is a murder suspect until his lovely neighbor clears him. However, she soon starts to have her doubts.",fear,In a Lonely Place,In a Lonely Place,1,"['Drama', 'Mystery', 'Thriller']",6.6,8.0,2.0,9.0,15,15,"['Drama', 'Mystery', 'Thriller']",3,drama mystery thriller,22,137,2.772588722239781,2.772588722239781
Yemi's relationships always end in bad faith due to her fear of commitment and expressing her love.,fear,It's Complicated,It's Complicated,1,"['Comedy', 'Romance']",7.5625,8.0,2.0,10.0,16,16,"['Comedy', 'Romance']",2,comedy romance,17,99,2.833213344056216,2.833213344056216
Diane's feelings for Jack -- the girl she met over the summer -- begin to manifest themselves in terrifying ways when she learns that her friend will soon be moving away.,fear,Jack & Diane,Jack & Diane,1,"['Drama', 'Horror', 'Romance']",4.4,3.5,2.0,9.0,10,10,"['Drama', 'Horror', 'Romance']",3,drama horror romance,31,170,2.3978952727983707,2.3978952727983707
"Convinced she's dying, a pretty high school senior sets out to lose her virginity before it's too late, and encounters a boy from her school on the same mission.",fear,Joy of Sex,Joy of Sex,1,"['Comedy', 'Romance']",5.0,5.0,2.0,8.0,10,10,"['Comedy', 'Romance']",2,comedy romance,29,161,2.3978952727983707,2.3978952727983707
An American computer wiz who works at a New York bank is suddenly thrust into the world of international espionage after she inadvertently receives a coded message from a British spy.,fear,Jumpin' Jack Flash,Jumpin' Jack Flash,1,"['Romance', 'Comedy', 'Thriller']",5.166666666666667,5.5,3.0,7.0,12,12,"['Romance', 'Comedy', 'Thriller']",3,romance comedy thriller,31,183,2.5649493574615367,2.5649493574615367
"A sexually ""undeclared"" college freshman's clairvoyant/prophetic dreams are the first sign that something very strange is going on involving his classmates -- with him at the center.",fear,Kaboom,Kaboom,1,"['Science Fiction', 'Comedy', 'Mystery']",6.2,6.0,3.0,9.0,10,10,"['Science Fiction', 'Comedy', 'Mystery']",3,science_fiction comedy mystery,27,182,2.3978952727983707,2.3978952727983707
"A singer/dancer, while on tour, starts hallucinating and having visions of having been there before.",fear,Karzzzz,Karzzzz,1,"['Action', 'Drama', 'Romance', 'Thriller']",4.842105263157895,5.0,1.0,10.0,19,19,"['Action', 'Drama', 'Romance', 'Thriller']",4,action drama romance thriller,15,100,2.995732273553991,2.995732273553991
A woman faces deadly consequences for abandoning her loving relationship with her boyfriend to pursue exciting sexual scenarios with a mysterious celebrity mountaineer.,fear,Killing Me Softly,Killing Me Softly,1,"['Drama', 'Thriller', 'Mystery', 'Romance']",5.222222222222222,5.0,3.0,7.0,9,9,"['Drama', 'Thriller', 'Mystery', 'Romance']",4,drama thriller mystery romance,23,168,2.302585092994046,2.302585092994046
White hunter Allan Quartermain and his enigmatic guide help a young Irish woman locate her missing father in unexplored Darkest Africa.,fear,King Solomon's Mines,King Solomon's Mines,1,"['Action', 'Adventure', 'Drama']",5.285714285714286,5.0,3.0,9.0,28,7,"['Action', 'Adventure', 'Drama']",3,action adventure drama,21,135,3.367295829986474,2.0794415416798357
"Sarah and Ryan were a great couple. They had their fun together, but the man's fear of commitment pushed the woman away. Yet the situation between them isn't over because Sarah is pregnant ...                See full summary »",fear,Labor Pains,Labor Pains,1,['Comedy'],7.2727272727272725,6.0,4.0,10.0,11,11,['Comedy'],1,comedy,38,226,2.4849066497880004,2.4849066497880004
A young boy and an older woman develop a dangerous relationship.,fear,Lavender,Lavender,1,"['Drama', 'Thriller']",5.111111111111111,5.0,4.0,6.0,9,9,"['Drama', 'Thriller']",2,drama thriller,11,64,2.302585092994046,2.302585092994046
"A couple attempts a high-risk, high-stakes jewelry heist at a department store.",fear,Locked Down,Locked Down,1,"['Action', 'Drama', 'Thriller']",5.555555555555555,5.0,2.0,9.0,9,9,"['Action', 'Drama', 'Thriller']",3,action drama thriller,12,79,2.302585092994046,2.302585092994046
"A journalist battles unknown forces that have taken over her town, causing everyone to become obsessed with finding, and becoming, her one true love.",fear,Love Happens,Love Happens,1,"['Drama', 'Romance']",5.2105263157894735,5.0,2.0,10.0,19,19,"['Drama', 'Romance']",2,drama romance,24,149,2.995732273553991,2.995732273553991
"In a chain of unfortunate events, a 17-year-old schoolgirl narrowly escapes a possible rapist, is caught up in a terror attack, and drinks contaminated water that poisons her.",fear,Lucky: No Time for Love,Lucky: No Time for Love,1,"['Drama', 'Foreign', 'Romance']",6.1,6.5,2.0,8.0,10,10,"['Drama', 'Foreign', 'Romance']",3,drama foreign romance,28,175,2.3978952727983707,2.3978952727983707
"Agents of an oil tycoon vanish while exploring a swamp marked for drilling. The local sheriff investigates and faces a Seminole legend come to life: Man-Thing, a shambling swamp-monster whose touch burns those who feel fear.",fear,Man-Thing,Man-Thing,1,"['Action', 'Horror', 'Science Fiction']",4.625,5.0,1.0,10.0,24,24,"['Action', 'Horror', 'Science Fiction']",3,action horror science_fiction,36,224,3.2188758248682006,3.2188758248682006
"In the beautiful and dangerous Amazon rainforest, dissimilar people must make their choices between business, science, and love.",fear,Medicine Man,Medicine Man,1,['Adventure'],7.7368421052631575,8.0,3.0,10.0,19,19,['Adventure'],1,adventure,18,128,2.995732273553991,2.995732273553991
"Male nurse Greg Focker meets his girlfriend's parents before proposing, but her suspicious father is every date's worst nightmare.",fear,Meet the Parents,Meet the Parents,1,"['Comedy', 'Romance']",8.333333333333334,8.0,7.0,10.0,9,9,"['Comedy', 'Romance']",2,comedy romance,19,130,2.302585092994046,2.302585092994046
"On a desert planet, warlord Jared-Syn is trying to convince a tribe of mutants that he's their messiah and gain unlimited power hidden in a crystal. Ranger Dogen and explorer Dhyana, who's father was murdered by Syn, must stop him.",fear,Metalstorm: The Destruction of Jared-Syn,Metalstorm: The Destruction of Jared-Syn,1,"['Fantasy', 'Science Fiction']",3.5,3.0,1.0,8.0,22,22,"['Fantasy', 'Science Fiction']",2,fantasy science_fiction,40,231,3.1354942159291497,3.1354942159291497
"The foreman of a jury asks questions that send a woman to the electric chair for a murder committed in the heat of passion. On the night of the execution, his actions come back to haunt him.",fear,Midnight,Midnight,1,"['Comedy', 'Romance']",7.2727272727272725,9.0,2.0,9.0,44,11,"['Comedy', 'Romance']",2,comedy romance,37,190,3.8066624897703196,2.4849066497880004
"Sheltered since childhood, 17-year-old girl lives with a life-threatening sensitivity to sunlight. Her world opens up after dark when she ventures out to play her guitar for random ...                See full summary »",fear,Midnight Sun,Midnight Sun,1,"['Family', 'Adventure']",9.0,9.0,9.0,9.0,2,1,"['Family', 'Adventure']",2,family adventure,33,218,1.0986122886681098,0.6931471805599453
"While on a trip to Paris with his fiancée's family, a nostalgic screenwriter finds himself mysteriously going back to the 1920s every day at midnight.",fear,Midnight in Paris,Midnight in Paris,1,"['Fantasy', 'Comedy', 'Romance']",6.8125,8.0,2.0,10.0,16,16,"['Fantasy', 'Comedy', 'Romance']",3,fantasy comedy romance,25,150,2.833213344056216,2.833213344056216
An F.B.I. Agent must go undercover in the Miss United States beauty pageant to prevent a group from bombing the event.,fear,Miss Congeniality,Miss Congeniality,1,"['Comedy', 'Crime', 'Action']",7.631578947368421,7.0,5.0,10.0,19,19,"['Comedy', 'Crime', 'Action']",3,comedy crime action,21,118,2.995732273553991,2.995732273553991
"A paralyzed gay bicycle racer risks home, relationships and personal health to reenter the fray as a paraplegic racer.",fear,Morgan,Morgan,1,['Drama'],6.217391304347826,7.0,2.0,9.0,46,23,['Drama'],1,drama,19,118,3.8501476017100584,3.1780538303479458
"Nervous about finally getting married, a guy is forced to relive the same nerve-wracking hours over and over again until he gets things right on his wedding day.",fear,Naked,Naked,1,"['Comedy', 'Drama']",4.818181818181818,4.0,3.0,9.0,33,11,"['Comedy', 'Drama']",2,comedy drama,28,161,3.5263605246161616,2.4849066497880004
High school students throw a Halloween party in a mansion haunted by a young demon.,fear,Night of the Demons 2,Night of the Demons 2,1,"['Comedy', 'Horror']",4.0,4.0,4.0,4.0,2,2,"['Comedy', 'Horror']",2,comedy horror,15,83,1.0986122886681098,1.0986122886681098
"An assassination attempt if made on the life of Paul I, the infant King of Veseria, by Stefan, a henchman of Pavlovitch, the Regent, who wishes to take over the kingdom. Paul's bodyguard, ...                See full summary »",fear,One Day,One Day,1,"['Drama', 'Romance']",7.1,8.5,2.0,10.0,20,20,"['Drama', 'Romance']",2,drama romance,38,225,3.044522437723423,3.044522437723423
Two strangers try to solve a mystery that revolves around both of their tragic pasts. At the heart of the mystery lies a mystic board with an ability to kill.,fear,Ouija,Ouija,1,['Horror'],4.56,4.0,1.0,10.0,25,25,['Horror'],1,horror,30,158,3.258096538021482,3.258096538021482
"A boy and a girl wander through the streets of a city in China during lockdown, in search of entertainment and freedom.",fear,Out of This World,Out of This World,1,"['Romance', 'Comedy', 'Music']",2.0,2.0,2.0,2.0,2,2,"['Romance', 'Comedy', 'Music']",3,romance comedy music,22,119,1.0986122886681098,1.0986122886681098
"A private eye escapes his past to run a gas station in a small town, but his past catches up with him. Now he must return to the big city world of danger, corruption, double crosses, and duplicitous dames.",fear,Out of the Past,Out of the Past,1,"['Drama', 'Mystery', 'Thriller']",6.846153846153846,8.0,2.0,9.0,13,13,"['Drama', 'Mystery', 'Thriller']",3,drama mystery thriller,39,205,2.6390573296152584,2.6390573296152584
"A collage of human fates, where all shown characters are suffering from panic attacks. Stories like a policeman who is willing to come out or a young business woman who achieved her life goals too early.",fear,Panic,Panic,1,"['Comedy', 'Crime', 'Drama']",4.333333333333333,3.0,2.0,8.0,6,3,"['Comedy', 'Crime', 'Drama']",3,comedy crime drama,36,203,1.9459101490553132,1.3862943611198906
"After their caravan is attacked and their respective families butchered by Arab marauders, teenagers David and Sarah flee across the desert. But the desert is filled with danger from the elements, animals and the appetite of the Jackal.",fear,Paradise,Paradise,1,"['Romance', 'Adventure']",5.2727272727272725,6.0,2.0,9.0,55,11,"['Romance', 'Adventure']",2,romance adventure,38,236,4.02535169073515,2.4849066497880004
"In the near future, a climate refugee - imprisoned in an arctic detention center - pursues a forbidden relationship with a guard in hopes of executing a daring escape.",fear,Paradise,Paradise,1,"['Romance', 'Adventure']",5.2727272727272725,6.0,2.0,9.0,55,11,"['Romance', 'Adventure']",2,romance adventure,29,167,4.02535169073515,2.4849066497880004
"After his wife is killed in a hit-and-run accident by a mysterious Hooded Man, DYLAN BRANDT, a Theoretical Physicist, builds a Quantum Suicide Machine to jump through parallel universes to ...                See full summary »",fear,Paradox,Paradox,1,"['Science Fiction', 'Thriller']",5.416666666666667,5.5,2.0,9.0,24,12,"['Science Fiction', 'Thriller']",2,science_fiction thriller,35,226,3.2188758248682006,2.5649493574615367
A grief counselor working with a group of plane-crash survivors finds herself at the root of a mystery when her clients begin to disappear.,fear,Passengers,Passengers,1,"['Drama', 'Mystery', 'Thriller', 'Romance']",6.666666666666667,7.0,2.0,10.0,36,18,"['Drama', 'Mystery', 'Thriller', 'Romance']",4,drama mystery thriller romance,24,139,3.6109179126442243,2.9444389791664403
A tale of war and romance mixed in with history. The story follows two lifelong friends and a beautiful nurse who are caught up in the horror of an infamous Sunday morning in 1941.,fear,Pearl Harbor,Pearl Harbor,1,"['History', 'Romance', 'War']",5.6923076923076925,5.0,2.0,10.0,13,13,"['History', 'Romance', 'War']",3,history romance war,34,180,2.6390573296152584,2.6390573296152584
"Through a series of horrific murders, the occult, biblical prophecy and sex clash in a melee of gore and mystery, with psychiatrists, attorneys, homicide detectives and rock stars all being suspects.",fear,Polycarp,Polycarp,1,"['History', 'Drama']",3.0,3.0,2.0,4.0,2,2,"['History', 'Drama']",2,history drama,31,199,1.0986122886681098,1.0986122886681098
"CBI officer Akram seeks to nab three terrorists, Ali, Abbas and Laila, who have held 213 tourists as hostage in Elphinstone Jail. For this, he seeks help from Rachit, a former associate of the trio.",fear,Qayamat: City Under Threat,Qayamat: City Under Threat,1,[],6.5,7.0,3.0,9.0,4,4,[],0,unknown_genre,35,198,1.6094379124341003,1.6094379124341003
A romantic thriller about a construction worker in hiding for killing his foreman who hides in the mansion where his girlfriend works as a maid.,fear,Rage,Rage,1,"['Thriller', 'Drama']",6.0,6.0,2.0,10.0,90,18,"['Thriller', 'Drama']",2,thriller drama,25,144,4.51085950651685,2.9444389791664403
"Burton Meredith, A young, U.S. government chemist discovers a formula for a deadly gas. But Wo Fang, the evil leader of the Chinatown underground sets out to steal the secret, using very ...                See full summary »",fear,Ransom,Ransom,1,"['Action', 'Thriller']",7.333333333333333,8.0,3.0,10.0,36,18,"['Action', 'Thriller']",2,action thriller,37,224,3.6109179126442243,2.9444389791664403
A man's wife is kidnapped and he must race to save her from a deadly criminal he once put in jail.,fear,Revenge,Revenge,1,"['Thriller', 'Drama', 'Romance', 'Crime']",5.0,5.0,2.0,9.0,39,13,"['Thriller', 'Drama', 'Romance', 'Crime']",4,thriller drama romance crime,21,98,3.6888794541139363,2.6390573296152584
"Ashley, a fierce friend to Mandy, takes the phrase ""hurt my friend and I'll kill you"" to the extreme. As the bodies stack up, her mistakes haunt her as Mandy tries to dig up old wounds.",fear,Ride or Die,Ride or Die,1,"['Action', 'Comedy', 'Thriller', 'Crime', 'Music', 'Romance']",4.25,4.0,1.0,8.0,4,4,"['Action', 'Comedy', 'Thriller', 'Crime', 'Music', 'Romance']",6,action comedy thriller crime music romance,36,185,1.6094379124341003,1.6094379124341003
A young woman finds herself on the receiving end of a terrifying curse that threatens to take her life in 7 days.,fear,Rings,Rings,1,"['Horror', 'Thriller']",3.75,2.5,1.0,8.0,48,24,"['Horror', 'Thriller']",2,horror thriller,22,113,3.8918202981106265,3.2188758248682006
"A Chicago teenager is looking for fun at home while his parents are away, but the situation quickly gets out of hand.",fear,Risky Business,Risky Business,1,"['Comedy', 'Romance']",7.588235294117647,8.0,4.0,10.0,17,17,"['Comedy', 'Romance']",2,comedy romance,22,117,2.8903717578961645,2.8903717578961645
Radio commentator Dan Clifford takes desperate chances to save the life of a young girl who has been kidnapped.,fear,Risky Business,Risky Business,1,"['Comedy', 'Romance']",7.588235294117647,8.0,4.0,10.0,17,17,"['Comedy', 'Romance']",2,comedy romance,19,111,2.8903717578961645,2.8903717578961645
"A mousy romance novelist sets off for Colombia to ransom her kidnapped sister, and soon finds herself in the middle of a dangerous adventure hunting for treasure with a mercenary rogue.",fear,Romancing the Stone,Romancing the Stone,1,"['Action', 'Adventure', 'Comedy', 'Romance']",8.238095238095237,8.0,5.0,10.0,21,21,"['Action', 'Adventure', 'Comedy', 'Romance']",4,action adventure comedy romance,31,185,3.091042453358316,3.091042453358316
"A young woman with a mysterious past lands in Southport, North Carolina where her bond with a widower forces her to confront the dark secret that haunts her.",fear,Safe Haven,Safe Haven,1,['Romance'],5.647058823529412,6.0,2.0,9.0,17,17,['Romance'],1,romance,28,157,2.8903717578961645,2.8903717578961645
"As an asteroid nears Earth, a man finds himself alone after his wife leaves in a panic. He decides to take a road trip to reunite with his high school sweetheart. Accompanying him is a neighbor who inadvertently puts a wrench in his plan.",fear,Seeking a Friend for the End of the World,Seeking a Friend for the End of the World,1,"['Comedy', 'Drama', 'Romance', 'Science Fiction']",7.333333333333333,9.0,2.0,10.0,15,15,"['Comedy', 'Drama', 'Romance', 'Science Fiction']",4,comedy drama romance science_fiction,44,238,2.772588722239781,2.772588722239781
Rumpelstiltskin tricks a mid-life crisis burdened Shrek into allowing himself to be erased from existence and cast in a dark alternate timeline where Rumpelstiltskin rules supreme.,fear,Shrek Forever After,Shrek Forever After,1,"['Comedy', 'Adventure', 'Fantasy', 'Animation', 'Family']",6.739130434782608,7.0,4.0,10.0,23,23,"['Comedy', 'Adventure', 'Fantasy', 'Animation', 'Family']",5,comedy adventure fantasy animation family,26,180,3.1780538303479458,3.1780538303479458
A government agent infiltrates a gang of Chinese immigrant smugglers and pursues their ringleader throughout the heart of the Southwestern desert.,fear,Sky High,Sky High,1,"['Adventure', 'Comedy', 'Family']",8.142857142857142,8.0,5.0,10.0,42,21,"['Adventure', 'Comedy', 'Family']",3,adventure comedy family,21,146,3.7612001156935624,3.091042453358316
"The near future. Like tomorrow. In a world marked by closed borders, corporate warriors, and a global computer network, three strangers risk their lives to connect, break through the barriers of technology, and unseal their fates.",fear,Sleep Dealer,Sleep Dealer,1,"['Drama', 'Science Fiction', 'Thriller']",4.666666666666667,5.0,3.0,6.0,3,3,"['Drama', 'Science Fiction', 'Thriller']",3,drama science_fiction thriller,36,230,1.3862943611198906,1.3862943611198906
"A haunting portrait of Lucy, a young university student drawn into a mysterious hidden world of unspoken desires.",fear,Sleeping Beauty,Sleeping Beauty,1,"['Fantasy', 'Animation', 'Romance', 'Family']",3.7777777777777777,3.5,1.0,10.0,72,18,"['Fantasy', 'Animation', 'Romance', 'Family']",4,fantasy animation romance family,18,113,4.290459441148391,2.9444389791664403
"Exiled into the dangerous forest by her wicked stepmother, a princess is rescued by seven dwarf miners who make her part of their household.",fear,Snow White and the Seven Dwarfs,Snow White and the Seven Dwarfs,1,"['Fantasy', 'Animation', 'Family']",6.214285714285714,6.0,3.0,9.0,14,14,"['Fantasy', 'Animation', 'Family']",3,fantasy animation family,24,140,2.70805020110221,2.70805020110221
"After two male musicians witness a mob hit, they flee the state in an all-female band disguised as women, but further complications set in.",fear,Some Like It Hot,Some Like It Hot,1,"['Comedy', 'Romance']",3.857142857142857,4.0,2.0,8.0,7,7,"['Comedy', 'Romance']",2,comedy romance,24,139,2.0794415416798357,2.0794415416798357
"A young woman raised in the US returns to her birth country in Eastern Europe after a devastating tragedy. Questioning her sanity and her sexuality, she starts believing she possesses supernatural powers.",fear,Sorceress,Sorceress,1,"['Action', 'Adventure', 'Fantasy']",4.222222222222222,4.0,2.0,8.0,18,9,"['Action', 'Adventure', 'Fantasy']",3,action adventure fantasy,32,204,2.9444389791664403,2.302585092994046
"Strong emotions - fear and panic, self-search and isolation, love and sex, self-denial and self-discovery - a ride on an emotional roller coaster while trying to find one's way into life.",fear,Steel,Steel,1,"['Science Fiction', 'Action', 'Adventure']",5.238095238095238,6.0,1.0,10.0,63,21,"['Science Fiction', 'Action', 'Adventure']",3,science_fiction action adventure,31,187,4.1588830833596715,3.091042453358316
"A trader and his daughter set off in search of the fabled graveyard of the elephants in deepest Africa, only to encounter a wild man raised by apes.",fear,Tarzan the Ape Man,Tarzan the Ape Man,1,"['Action', 'Adventure']",5.380952380952381,5.0,1.0,10.0,21,21,"['Action', 'Adventure']",2,action adventure,28,148,3.091042453358316,3.091042453358316
An ordinary high school student discovers that his family has an unusual pedigree when he finds himself turning into a werewolf.,fear,Teen Wolf,Teen Wolf,1,"['Comedy', 'Fantasy', 'Romance']",6.0,7.0,2.0,9.0,18,18,"['Comedy', 'Fantasy', 'Romance']",3,comedy fantasy romance,21,128,2.9444389791664403,2.9444389791664403
"Jenny, a young American woman, moves to Paris and gets involved with Jack, who is seemingly the man of her dreams. However, he has a lot to hide and Jenny quickly gets entangled his dangerous lifestyle.",fear,Tempo,Tempo,1,"['Romance', 'Crime', 'Thriller']",4.5,4.5,4.0,5.0,4,4,"['Romance', 'Crime', 'Thriller']",3,romance crime thriller,36,202,1.6094379124341003,1.6094379124341003
"Dramatic and epic tales of people finding out that they've been lied to their entire lives, until now.",fear,The Awakening,The Awakening,1,['Horror'],4.454545454545454,5.0,2.0,6.0,22,11,['Horror'],1,horror,18,102,3.1354942159291497,2.4849066497880004
A crucified body dated back to the first century A.D is uncovered at an ancient cave in Jerusalem. Trouble ensues as word spreads.,fear,The Body,The Body,1,"['Drama', 'Mystery', 'Romance', 'Thriller']",6.0,6.0,6.0,6.0,4,1,"['Drama', 'Mystery', 'Romance', 'Thriller']",4,drama mystery romance thriller,23,130,1.6094379124341003,0.6931471805599453
Psychological thriller. Geography teacher smuggles a case of heroin for a friend.,fear,The Cave,The Cave,1,"['Action', 'Adventure', 'Horror', 'Thriller']",5.631578947368421,6.0,2.0,8.0,19,19,"['Action', 'Adventure', 'Horror', 'Thriller']",4,action adventure horror thriller,12,81,2.995732273553991,2.995732273553991
Chuck Scott gets a job as chauffeur to tough guy Eddie Roman; but Chuck's involvement with Eddie's fearful wife becomes a nightmare.,fear,The Chase,The Chase,1,"['Thriller', 'Drama', 'Crime']",6.166666666666667,7.0,3.0,7.0,18,6,"['Thriller', 'Drama', 'Crime']",3,thriller drama crime,22,132,2.9444389791664403,1.9459101490553132
"A trucker framed for murder breaks out of jail, takes a young woman hostage, and enters her sports car in cross-border road race hoping to get to Mexico before the police catch him.",fear,The Fast and the Furious,The Fast and the Furious,1,"['Action', 'Crime', 'Thriller']",8.666666666666666,9.0,5.0,10.0,36,18,"['Action', 'Crime', 'Thriller']",3,action crime thriller,33,181,3.6109179126442243,2.9444389791664403
"While in post-war Berlin to cover the Potsdam Conference, an American military journalist is drawn into a murder investigation that involves his former mistress and his driver.",fear,The Good German,The Good German,1,"['War', 'Crime', 'Drama', 'Mystery', 'Romance', 'Thriller']",5.954545454545454,6.0,2.0,10.0,22,22,"['War', 'Crime', 'Drama', 'Mystery', 'Romance', 'Thriller']",6,war crime drama mystery romance thriller,27,176,3.1354942159291497,3.1354942159291497
"A woman is hired as a handmaiden to a Japanese heiress, but secretly she is involved in a plot to defraud her.",fear,The Handmaiden,The Handmaiden,1,"['Thriller', 'Drama', 'Romance']",5.875,6.0,3.0,9.0,16,16,"['Thriller', 'Drama', 'Romance']",3,thriller drama romance,22,110,2.833213344056216,2.833213344056216
"When an unseen enemy threatens mankind by taking over their bodies and erasing their memories, Melanie Stryder risks everything to protect the people she cares about.",fear,The Host,The Host,1,"['Horror', 'Drama', 'Science Fiction']",7.857142857142857,9.0,2.0,10.0,42,21,"['Horror', 'Drama', 'Science Fiction']",3,horror drama science_fiction,26,166,3.7612001156935624,3.091042453358316
"Catherine meets, marries and moves in with widower Nick. Strange things start happening to her in his apartment. Is she just imagining it or. . .",fear,The Intruder,The Intruder,1,['Drama'],7.375,9.0,4.0,9.0,24,8,['Drama'],1,drama,26,145,3.2188758248682006,2.1972245773362196
A shipwrecked survivor discovers a remote island owned by a crazed scientist who is carrying out sinister experiments on the island's inhabitants.,fear,The Island of Dr. Moreau,The Island of Dr. Moreau,1,"['Fantasy', 'Horror', 'Science Fiction']",6.933333333333334,7.0,2.0,10.0,30,15,"['Fantasy', 'Horror', 'Science Fiction']",3,fantasy horror science_fiction,22,146,3.4339872044851463,2.772588722239781
"Despite trying to keep his swashbuckling to a minimum, a threat to California's pending statehood causes the adventure-loving Don Alejandro de la Vega and his wife, Elena, to take action.",fear,The Legend of Zorro,The Legend of Zorro,1,"['Action', 'Adventure']",7.35,7.5,3.0,10.0,20,20,"['Action', 'Adventure']",2,action adventure,30,187,3.044522437723423,3.044522437723423
"A lovely dame with dangerous lies employs the services of a private detective, who is quickly caught up in the mystery and intrigue of a statuette known as the Maltese Falcon.",fear,The Maltese Falcon,The Maltese Falcon,1,"['Mystery', 'Crime', 'Thriller']",4.846153846153846,5.0,3.0,8.0,26,13,"['Mystery', 'Crime', 'Thriller']",3,mystery crime thriller,31,175,3.295836866004329,2.6390573296152584
"A man who killed the son of the owner of the land they worked on for hanging on his wife, bury him in the barn. From this moment on, a spiritually tense process begins for the man and his wife.",fear,The Mirror,The Mirror,1,['Drama'],5.142857142857143,5.0,3.0,9.0,14,7,['Drama'],1,drama,40,193,2.70805020110221,2.0794415416798357
"When her mother disappears, Clary Fray learns that she descends from a line of warriors who protect our world from demons. She joins forces with others like her and heads into a dangerous alternate New York called the Shadow World.",fear,The Mortal Instruments: City of Bones,The Mortal Instruments: City of Bones,1,"['Action', 'Adventure', 'Drama', 'Mystery', 'Romance', 'Fantasy']",7.0,8.0,2.0,10.0,17,17,"['Action', 'Adventure', 'Drama', 'Mystery', 'Romance', 'Fantasy']",6,action adventure drama mystery romance fantasy,40,231,2.8903717578961645,2.8903717578961645
A martial artist must defeat a plan by ninjas to create a worldwide training camp for terrorists.,fear,The Octagon,The Octagon,1,"['Adventure', 'Action', 'Thriller']",4.0,4.0,4.0,4.0,2,2,"['Adventure', 'Action', 'Thriller']",3,adventure action thriller,17,97,1.0986122886681098,1.0986122886681098
The crew of a large ship sail the high seas encountering other pirates from other ships. The boy from the ship ends up having to save his girlfriend who is kidnapped by a bunch of other pirates.,fear,The Pirate Movie,The Pirate Movie,1,"['Action', 'Comedy', 'Drama', 'Family', 'Music', 'Romance']",4.0,4.0,4.0,4.0,1,1,"['Action', 'Comedy', 'Drama', 'Family', 'Music', 'Romance']",6,action comedy drama family music romance,37,194,0.6931471805599453,0.6931471805599453
"Horror film set in 1492 Toledo, Spain, depicting the cruel deeds of a monk named Torquemada, Grand Inquisitor of the Spanish Inquisition.",fear,The Pit and the Pendulum,The Pit and the Pendulum,1,"['Fantasy', 'Horror', 'Drama']",4.5,4.5,2.0,7.0,6,2,"['Fantasy', 'Horror', 'Drama']",3,fantasy horror drama,22,137,1.9459101490553132,1.0986122886681098
"Thousands of years ago, aliens visited Earth and fathered the Pumaman, a man-god with supernatural powers entrusted by a gold mask with the ability to control people's minds, which in present-day London, falls upon the wrong hands.",fear,The Pumaman,The Pumaman,1,"['Science Fiction', 'Action']",3.7222222222222223,3.0,1.0,10.0,18,18,"['Science Fiction', 'Action']",2,science_fiction action,37,231,2.9444389791664403,2.9444389791664403
"Simon Templar (The Saint), is a thief for hire, whose latest job to steal the secret process for cold fusion puts him at odds with a traitor bent on toppling the Russian government, as well as the woman who holds its secret.",fear,The Saint,The Saint,1,"['Thriller', 'Action', 'Romance', 'Science Fiction', 'Adventure']",6.235294117647059,6.0,2.0,10.0,34,17,"['Thriller', 'Action', 'Romance', 'Science Fiction', 'Adventure']",5,thriller action romance science_fiction adventure,42,224,3.5553480614894135,2.8903717578961645
A mysterious hypnotist reverts his beautiful assistant back into the form of a prehistoric sea monster that she was in a past life.,fear,The She-Creature,The She-Creature,1,"['Romance', 'Fantasy', 'Horror']",3.3,2.0,1.0,8.0,20,20,"['Romance', 'Fantasy', 'Horror']",3,romance fantasy horror,23,131,3.044522437723423,3.044522437723423
"A young boy becomes an apprentice for a mysterious sorcerer, working at the sorcerer's strange and sinister mill where secretive black magic is being taught and performed at a very heavy price.",fear,The Sorcerer's Apprentice,The Sorcerer's Apprentice,1,"['Fantasy', 'Adventure', 'Action', 'Comedy', 'Drama']",6.521739130434782,7.0,3.0,10.0,46,23,"['Fantasy', 'Adventure', 'Action', 'Comedy', 'Drama']",5,fantasy adventure action comedy drama,32,193,3.8501476017100584,3.1780538303479458
A mysterious black box spells danger to a con man and female detective.,fear,The Squeeze,The Squeeze,1,"['Crime', 'Action', 'Comedy']",5.333333333333333,5.0,5.0,6.0,9,3,"['Crime', 'Action', 'Comedy']",3,crime action comedy,13,71,2.302585092994046,1.3862943611198906
A young woman finds a stranger unconscious on the road in the middle of nowhere. When he wakes up he has no memory. He could be anyone. Now she finds herself inexorably drawn towards this mysterious stranger and increasingly afraid of him.,fear,The Stranger,The Stranger,1,"['Crime', 'Drama', 'Mystery', 'Thriller']",4.857142857142857,5.0,3.0,7.0,35,7,"['Crime', 'Drama', 'Mystery', 'Thriller']",4,crime drama mystery thriller,42,239,3.58351893845611,2.0794415416798357
A time traveling city under attack by cyborg robots in 4039 travels back in time sending two troopers in advance to the Australian desert year 1988 to prepare for its arrival. The enemy tracks them.,fear,The Time Guardian,The Time Guardian,1,['Science Fiction'],4.5,4.5,4.0,5.0,2,2,['Science Fiction'],1,science_fiction,35,198,1.0986122886681098,1.0986122886681098
A man's vision for a utopian society is disillusioned when travelling forward into time reveals a dark and dangerous society.,fear,The Time Machine,The Time Machine,1,"['Thriller', 'Adventure', 'Fantasy', 'Science Fiction', 'Romance']",8.25,8.0,5.0,10.0,16,8,"['Thriller', 'Adventure', 'Fantasy', 'Science Fiction', 'Romance']",5,thriller adventure fantasy science_fiction romance,20,125,2.833213344056216,2.1972245773362196
"The Quileutes close in on expecting parents Edward and Bella, whose unborn child poses a threat to the Wolf Pack and the towns people of Forks.",fear,The Twilight Saga: Breaking Dawn - Part 1,The Twilight Saga: Breaking Dawn - Part 1,1,"['Adventure', 'Fantasy', 'Romance']",6.565217391304348,10.0,1.0,10.0,23,23,"['Adventure', 'Fantasy', 'Romance']",3,adventure fantasy romance,26,143,3.1780538303479458,3.1780538303479458
"The body of an unknown beautiful woman is fished out of the river and leaves the policemen wondering what drove the girl to such a grisly fate. The film then flashes back to months before, ...                See full summary »",fear,The Unknown,The Unknown,1,"['Drama', 'Horror', 'Romance']",5.333333333333333,5.5,2.0,9.0,18,18,"['Drama', 'Horror', 'Romance']",3,drama horror romance,40,226,2.9444389791664403,2.9444389791664403
"A group of male friends become obsessed with five mysterious sisters who are sheltered by their strict, religious parents in suburban Detroit in the mid 1970s.",fear,The Virgin Suicides,The Virgin Suicides,1,"['Drama', 'Romance']",5.777777777777778,7.0,3.0,9.0,9,9,"['Drama', 'Romance']",2,drama romance,26,159,2.302585092994046,2.302585092994046
"In a small town in Arizona, a mysterious man/spirit descends from the sky and manifests in a sports car and targets a local violent road-racing gang of motor heads, headed by a ruthless bully who'll do anything to get what he wants.",fear,The Wraith,The Wraith,1,"['Romance', 'Science Fiction', 'Horror', 'Action', 'Crime']",6.3,6.5,3.0,9.0,10,10,"['Romance', 'Science Fiction', 'Horror', 'Action', 'Crime']",5,romance science_fiction horror action crime,42,232,2.3978952727983707,2.3978952727983707
"The descendant of Elizabeth Bathory is abducted by a cult of blood-drinking, self-proclaimed supermen who want her to join them.",fear,Thirst,Thirst,1,"['Drama', 'Horror', 'Thriller']",4.0,4.0,4.0,4.0,5,1,"['Drama', 'Horror', 'Thriller']",3,drama horror thriller,20,128,1.791759469228055,0.6931471805599453
"Two best friends are confused about their feelings. A famous gay couple receives a threatening anonymous letter. A young guy falls in love with his tenant, but he already has a boyfriend.",fear,Timeline,Timeline,1,"['Action', 'Adventure', 'Science Fiction']",5.0625,5.0,2.0,10.0,16,16,"['Action', 'Adventure', 'Science Fiction']",3,action adventure science_fiction,32,187,2.833213344056216,2.833213344056216
Two best friends witness a murder and embark on a series of adventures in order to prove the innocence of the man wrongly accused of the crime.,fear,Tom and Huck,Tom and Huck,1,"['Action', 'Adventure', 'Drama', 'Family']",5.555555555555555,5.0,4.0,9.0,9,9,"['Action', 'Adventure', 'Drama', 'Family']",4,action adventure drama family,27,143,2.302585092994046,2.302585092994046
"Having thought that monogamy was never possible, a commitment-phobic career woman may have to face her fears when she meets a good guy.",fear,Trainwreck,Trainwreck,1,['Comedy'],6.842105263157895,7.0,3.0,10.0,19,19,['Comedy'],1,comedy,23,135,2.995732273553991,2.995732273553991
"Six students get caught up in a game of Truth or Dare, daring each other into graveyards and haunted areas of Honolulu.",fear,Truth or Dare,Truth or Dare,1,"['Horror', 'Thriller', 'Mystery']",6.0,6.0,2.0,10.0,19,19,"['Horror', 'Thriller', 'Mystery']",3,horror thriller mystery,22,119,2.995732273553991,2.995732273553991
"A ship docks in Brooklyn with all its crew dead, but someone gets off and the killing continues on land. A Caribbean vampire is searching for a specific woman, half-human half-vampire. Rita is the detective investigating the many killings.",fear,Vampire in Brooklyn,Vampire in Brooklyn,1,"['Comedy', 'Horror', 'Romance']",7.636363636363637,8.0,2.0,10.0,11,11,"['Comedy', 'Horror', 'Romance']",3,comedy horror romance,39,239,2.4849066497880004,2.4849066497880004
A young Spanish woman who has recently moved to Berlin finds her flirtation with a local guy turn potentially deadly as their night out with his friends reveals a dangerous secret.,fear,Victoria,Victoria,1,"['Drama', 'Romance', 'Thriller']",6.05,6.5,2.0,9.0,20,20,"['Drama', 'Romance', 'Thriller']",3,drama romance thriller,31,180,3.044522437723423,3.044522437723423
A horror tale centered on Vlad the Impaler's years as a young prince.,fear,Vlad,Vlad,1,"['Thriller', 'Horror', 'Science Fiction']",6.5,7.0,1.0,10.0,24,24,"['Thriller', 'Horror', 'Science Fiction']",3,thriller horror science_fiction,13,69,3.2188758248682006,3.2188758248682006
"Harry and Sally have known each other for years, and are very good friends, but they fear sex would ruin the friendship.",fear,When Harry Met Sally...,When Harry Met Sally...,1,"['Comedy', 'Romance', 'Drama']",5.928571428571429,5.5,2.0,9.0,14,14,"['Comedy', 'Romance', 'Drama']",3,comedy romance drama,22,120,2.70805020110221,2.70805020110221
"A road movie that begins when a man tries to rob a bank and the bank's clerk, a yuppie, pretends the thief has kidnapped him to help him run away. While they're running away, they meet a girl who becomes part of the team.",fear,Wild Horses,Wild Horses,1,"['Action', 'Drama', 'Foreign']",4.277777777777778,4.0,2.0,8.0,36,18,"['Action', 'Drama', 'Foreign']",3,action drama foreign,44,221,3.6109179126442243,2.9444389791664403
"An auto mechanic falls for an attorney way out of his league. Things go off the rails as anxiety, fear of losing her and financial pressure drive him into a world of crime, chaos and ice. Will he lose his job, partner and unborn child?",fear,Wolf,Wolf,1,['Fantasy'],2.5,2.5,2.0,3.0,8,2,['Fantasy'],1,fantasy,45,235,2.1972245773362196,1.0986122886681098
"An engaged professional man meets a captivating woman on Facebook, though their virtual relationship soon turns into a dark, deadly reality.",fear,XOXO,XOXO,1,"['Music', 'Drama']",4.4,4.0,3.0,6.0,5,5,"['Music', 'Drama']",2,music drama,21,140,1.791759469228055,1.791759469228055
Two teenage yoga enthusiasts must do battle with an evil presence that is threatening to rise from its underground lair and endanger their major party plans.,fear,Yoga Hosers,Yoga Hosers,1,"['Comedy', 'Fantasy', 'Horror', 'Thriller']",6.928571428571429,7.0,2.0,10.0,14,14,"['Comedy', 'Fantasy', 'Horror', 'Thriller']",4,comedy fantasy horror thriller,26,157,2.70805020110221,2.70805020110221
A one-night stand turns into a nightmare for a high-school student when a young woman's obsession grows dangerous.,fear,You Get Me,You Get Me,1,"['Thriller', 'Romance', 'Drama']",5.85,7.0,2.0,10.0,20,20,"['Thriller', 'Romance', 'Drama']",3,thriller romance drama,18,114,3.044522437723423,3.044522437723423
"Two teenage girls, Janie who is American and Lana who is Russian, fall in love after meeting at a t.A.T.u concert and are swept into a dangerous world of obsession, drug abuse and murder.",fear,You and I,You and I,1,"['Drama', 'Horror', 'Comedy', 'Romance', 'Foreign']",6.0,6.0,5.0,7.0,6,3,"['Drama', 'Horror', 'Comedy', 'Romance', 'Foreign']",5,drama horror comedy romance foreign,34,187,1.9459101490553132,1.3862943611198906
"Derek and Hansel are lured into modelling again, in Rome, where they find themselves the target of a sinister conspiracy.",fear,Zoolander 2,Zoolander 2,1,['Comedy'],4.08,3.0,1.0,10.0,25,25,['Comedy'],1,comedy,20,121,3.258096538021482,3.258096538021482
"A screwball sex comedy following two couples and their 10 rules to a happy, healthy, open relationship.",joy,10 Rules for Sleeping Around,10 Rules for Sleeping Around,1,"['Comedy', 'Romance']",7.0,8.0,3.0,10.0,3,3,"['Comedy', 'Romance']",2,comedy romance,17,103,1.3862943611198906,1.3862943611198906
"Mac a faded boxer and former contender for the world champion title is now a door to door salesman, He makes just enough money to raise his little daughter Sofia, A young filmmaker challenge him to make a come back and fight for the title.",joy,12 Rounds,12 Rounds,1,"['Action', 'Adventure', 'Drama', 'Thriller']",5.681818181818182,6.0,2.0,8.0,22,22,"['Action', 'Adventure', 'Drama', 'Thriller']",4,action adventure drama thriller,45,239,3.1354942159291497,3.1354942159291497
"A girl makes a wish on her thirteenth birthday, and wakes up the next day as a thirty-year-old woman.",joy,13 Going on 30,13 Going on 30,1,"['Comedy', 'Fantasy', 'Romance']",6.0,6.0,2.0,10.0,17,17,"['Comedy', 'Fantasy', 'Romance']",3,comedy fantasy romance,19,101,2.8903717578961645,2.8903717578961645
"Director Rob Williams (Long-Term Relationship, Back Soon) serves up a shaken and stirred cocktail of sexual intrigue, humor and drama in his latest about an unlikely group of friends and ...                See full summary »",joy,3-Day Weekend,3-Day Weekend,1,['Drama'],4.0,4.0,4.0,4.0,2,2,['Drama'],1,drama,35,224,1.0986122886681098,1.0986122886681098
"Routinely exploited by her wicked stepmother, the downtrodden Samantha Montgomery is excited about the prospect of meeting her Internet beau at the school's Halloween dance.",joy,A Cinderella Story,A Cinderella Story,1,['Comedy'],8.25,9.5,3.0,10.0,12,12,['Comedy'],1,comedy,25,173,2.5649493574615367,2.5649493574615367
Greg Kinnear plays a carriage-shy husband in a romantic comedy about a couple trying to conceive a child.,joy,A Smile Like Yours,A Smile Like Yours,1,"['Comedy', 'Romance']",5.0,5.0,3.0,7.0,6,6,"['Comedy', 'Romance']",2,comedy romance,18,105,1.9459101490553132,1.9459101490553132
"A has-been rock star falls in love with a young, up-and-coming songstress.",joy,A Star Is Born,A Star Is Born,1,['Drama'],7.136363636363637,7.5,2.0,10.0,44,22,['Drama'],1,drama,12,74,3.8066624897703196,3.1354942159291497
"The daughter of a rich criminal industrial tycoon falls in love with a college boy. The tycoon, what a surprise, objects...",joy,Aap Mujhe Achche Lagne Lage,Aap Mujhe Achche Lagne Lage,1,"['Action', 'Foreign']",4.5,3.5,1.0,10.0,6,6,"['Action', 'Foreign']",2,action foreign,21,123,1.9459101490553132,1.9459101490553132
"On the day of her High School Prom, Quinn Casey embarks on a larger than life adventure giving new meaning to the phrase, ""A Night You'll Never Forget.""",joy,About Time,About Time,1,"['Comedy', 'Drama', 'Science Fiction']",7.571428571428571,8.0,2.0,10.0,14,14,"['Comedy', 'Drama', 'Science Fiction']",3,comedy drama science_fiction,28,152,2.70805020110221,2.70805020110221
"The magical Mole Antonelliana (the cavernous Museum of Cinema in Turin, Italy) is the setting for a very unlikely love story. One fateful evening the museum's timid night watchman, comes to...                See full summary »",joy,After Midnight,After Midnight,1,"['Thriller', 'Horror']",4.5,4.5,2.0,7.0,8,4,"['Thriller', 'Horror']",2,thriller horror,35,226,2.1972245773362196,1.6094379124341003
"A woman goes on the hunt for her dream man, armed with her wild imagination, her passion for Masala-films, and her ultra-sensitive sense of smell.",joy,Aiyyaa,Aiyyaa,1,"['Romance', 'Comedy']",6.636363636363637,7.0,3.0,9.0,11,11,"['Romance', 'Comedy']",2,romance comedy,25,146,2.4849066497880004,2.4849066497880004
"The film revolves around Akira, who is reminiscing his life, his trysts with love and how he turned out to be the responsible man that his businessman father he eventually wanted to be.",joy,Akira,Akira,1,"['Science Fiction', 'Animation']",5.928571428571429,6.5,2.0,9.0,14,14,"['Science Fiction', 'Animation']",2,science_fiction animation,33,185,2.70805020110221,2.70805020110221
"Tony (Govinda), a tour guide, falls in love with one of his clients, Sonia (Aishwarya Rai), and tries to woo her. However, Sonia does not reciprocate his feelings since she is in love with another man.",joy,Albela,Albela,1,[],5.0,5.0,4.0,6.0,2,2,[],0,unknown_genre,36,201,1.0986122886681098,1.0986122886681098
"Convinced that a CCN cameraman is her true love, an eccentric crossword puzzler trails him as he travels all over the country, hoping to convince him that they belong together.",joy,All About Steve,All About Steve,1,['Comedy'],6.041666666666667,7.0,1.0,10.0,24,24,['Comedy'],1,comedy,30,176,3.2188758248682006,3.2188758248682006
"ALMOST FAMOUS is a contemporary and relevant teen drama which faithfully describes the world of teenagers today, their language, relationship and the deep impact of social networks like ...                See full summary »",joy,Almost Famous,Almost Famous,1,"['Drama', 'Music']",8.090909090909092,9.0,2.0,10.0,11,11,"['Drama', 'Music']",2,drama music,33,223,2.4849066497880004,2.4849066497880004
"Science Madman has privately developed a highly developed humanoid robot with sympathetic nerves to satisfy his own desires. Unexpectedly, the robot developed its autonomous consciousness. It exchanged the skin of the beautiful woman",joy,Almost Human,Almost Human,1,"['Horror', 'Science Fiction']",8.1,9.0,5.0,9.0,10,10,"['Horror', 'Science Fiction']",2,horror science_fiction,33,233,2.3978952727983707,2.3978952727983707
"Wealthy young American Carrington O'Connell is traveling Europe with a ""social advisor"" to become more polished and sophisticated. While stopping at an inn in Switzerland, he is entranced ...                See full summary »",joy,Almost Married,Almost Married,1,['Comedy'],5.0,5.0,5.0,5.0,1,1,['Comedy'],1,comedy,33,225,0.6931471805599453,0.6931471805599453
A celebrated military contractor returns to the site of his greatest career triumphs and reconnects with a long-ago love while unexpectedly falling for the hard-charging Air Force watchdog assigned to him.,joy,Aloha,Aloha,1,"['Drama', 'Comedy', 'Romance']",6.904761904761905,8.0,2.0,10.0,21,21,"['Drama', 'Comedy', 'Romance']",3,drama comedy romance,31,205,3.091042453358316,3.091042453358316
"Alter Ego: a successful Greek rock group, with a potential that surpasses the limits of the local music industry and hundreds of thousands of fans getting wild at every concert and public ...                See full summary »",joy,Alter Ego,Alter Ego,1,"['Drama', 'Romance']",3.0,2.5,2.0,5.0,4,4,"['Drama', 'Romance']",2,drama romance,37,225,1.6094379124341003,1.6094379124341003
A man is shocked when the antique idol that he is trying to smuggle out of the country suddenly comes to life.,joy,Angel,Angel,1,"['Comedy', 'Drama', 'Romance']",1.0,1.0,1.0,1.0,5,1,"['Comedy', 'Drama', 'Romance']",3,comedy drama romance,22,110,1.791759469228055,0.6931471805599453
The funny misadventures of a dating duo of movie stunt professionals in France.,joy,Animal,Animal,1,"['Thriller', 'Science Fiction']",6.434782608695652,6.0,2.0,10.0,46,23,"['Thriller', 'Science Fiction']",2,thriller science_fiction,13,79,3.8501476017100584,3.1780538303479458
"The story of young ballerina Anna, as she becomes a professional dancer and is ready to leave Munich and move across the Atlantic to New York.",joy,Anna,Anna,1,"['Drama', 'Romance', 'Music', 'Family']",4.2,4.0,2.0,7.0,10,5,"['Drama', 'Romance', 'Music', 'Family']",4,drama romance music family,26,142,2.3978952727983707,1.791759469228055
"In late-19th-century Russian high society, St. Petersburg aristocrat Anna Karenina enters into a life-changing affair with the dashing Count Alexei Vronsky.",joy,Anna Karenina,Anna Karenina,1,"['Drama', 'Romance']",6.066666666666666,7.0,2.0,10.0,15,15,"['Drama', 'Romance']",2,drama romance,21,156,2.772588722239781,2.772588722239781
"Andy, Nico, Jarod and Griff reunite in Fort Lauderdale for Spring Break and participate in a contest called ""Gays Gone Wild"" to determine who can attain the most ""buttlove"" over the course of the vacation.",joy,Another Gay Sequel: Gays Gone Wild!,Another Gay Sequel: Gays Gone Wild!,1,['Comedy'],4.5,2.5,1.0,10.0,22,22,['Comedy'],1,comedy,35,205,3.1354942159291497,3.1354942159291497
Two teenage girls discover a mermaid in their beach club's swimming pool.,joy,Aquamarine,Aquamarine,1,"['Fantasy', 'Romance', 'Family', 'Comedy']",8.5,9.5,4.0,10.0,20,20,"['Fantasy', 'Romance', 'Family', 'Comedy']",4,fantasy romance family comedy,12,73,3.044522437723423,3.044522437723423
"Mexican beauty Camilla Lopez (Salma Hayek) hopes to rise above her station by marrying a wealthy American. That is complicated by meeting Arturo Bandini (Colin Farrell), a first-generation Italian hoping to land a writing career and a blue-eyed blonde on his arm.",joy,Ask the Dust,Ask the Dust,1,"['Drama', 'Romance']",5.5,5.5,3.0,9.0,8,8,"['Drama', 'Romance']",2,drama romance,42,263,2.1972245773362196,2.1972245773362196
The lead actress of a romantic teen idol movie falls in love with Taiwan's top male heartthrob.,joy,Bad Girls,Bad Girls,1,"['Action', 'Adventure', 'Comedy', 'Drama', 'Western']",5.625,5.0,3.0,9.0,16,8,"['Action', 'Adventure', 'Comedy', 'Drama', 'Western']",5,action adventure comedy drama western,17,95,2.833213344056216,2.1972245773362196
A charismatic womanizer receives his comeuppance after his penis mysteriously leaves his body and takes human form.,joy,Bad Johnson,Bad Johnson,1,"['Fantasy', 'Comedy']",7.45,7.0,4.0,10.0,20,20,"['Fantasy', 'Comedy']",2,fantasy comedy,17,115,3.044522437723423,3.044522437723423
"Pledging to keep herself from being the oldest and the only woman in her entire family never to wed, Montana embarks on a thirty-day, thirty-thousand-mile expedition to charm a potential suitor into becoming her fiancé.",joy,Baggage Claim,Baggage Claim,1,['Comedy'],5.583333333333333,5.0,3.0,9.0,12,12,['Comedy'],1,comedy,35,219,2.5649493574615367,2.5649493574615367
Live-action remake of Disney's animated classic 'Bambi'.,joy,Bambi,Bambi,1,"['Animation', 'Drama', 'Family']",5.333333333333333,5.0,2.0,9.0,15,15,"['Animation', 'Drama', 'Family']",3,animation drama family,7,56,2.772588722239781,2.772588722239781
"A beautiful young woman takes her father's place as the prisoner of a mysterious beast, who wishes to marry her.",joy,Beauty and the Beast,Beauty and the Beast,1,"['Romance', 'Family', 'Animation', 'Fantasy', 'Music']",2.764705882352941,2.0,1.0,8.0,136,17,"['Romance', 'Family', 'Animation', 'Fantasy', 'Music']",5,romance family animation fantasy music,20,112,4.919980925828125,2.8903717578961645
An unexpected romance blooms after the the youngest daughter of a merchant who has fallen on hard times offers herself to the mysterious beast to which her father has become indebted.,joy,Beauty and the Beast,Beauty and the Beast,1,"['Romance', 'Family', 'Animation', 'Fantasy', 'Music']",2.764705882352941,2.0,1.0,8.0,136,17,"['Romance', 'Family', 'Animation', 'Fantasy', 'Music']",5,romance family animation fantasy music,31,183,4.919980925828125,2.8903717578961645
A hotel handyman's life changes when the lavish bedtime stories he tells his niece and nephew start to magically come true.,joy,Bedtime Stories,Bedtime Stories,1,"['Fantasy', 'Comedy', 'Family', 'Romance']",7.2,7.0,2.0,10.0,20,20,"['Fantasy', 'Comedy', 'Family', 'Romance']",4,fantasy comedy family romance,21,123,3.044522437723423,3.044522437723423
We meet Jesse and Celine nine years on in Greece. Almost two decades have passed since their first meeting on that train bound for Vienna.,joy,Before Midnight,Before Midnight,1,"['Romance', 'Drama']",6.636363636363637,6.0,3.0,9.0,11,11,"['Romance', 'Drama']",2,romance drama,25,138,2.4849066497880004,2.4849066497880004
"Nine years after Jesse and Celine first met, they encounter each other again on the French leg of Jesse's book tour.",joy,Before Sunset,Before Sunset,1,"['Drama', 'Romance']",6.5,6.5,5.0,8.0,2,2,"['Drama', 'Romance']",2,drama romance,21,116,1.0986122886681098,1.0986122886681098
"A chance encounter between a down-and-out music-business executive and a young singer-songwriter, new to Manhattan, turns into a promising collaboration between the two talents.",joy,Begin Again,Begin Again,1,"['Comedy', 'Music', 'Romance', 'Drama']",6.25,6.0,2.0,9.0,16,16,"['Comedy', 'Music', 'Romance', 'Drama']",4,comedy music romance drama,24,177,2.833213344056216,2.833213344056216
Teenager Rick Stevens has a crush on Nina Pennington. They form a friendship and take a rock'n'roll journey together while Nina deals with her overbearing boyfriend Kevin.,joy,Behaving Badly,Behaving Badly,1,['Comedy'],6.363636363636363,6.0,2.0,10.0,11,11,['Comedy'],1,comedy,27,171,2.4849066497880004,2.4849066497880004
"Larry Winthrop, the pampered son of an aristocratic Boston family, is loved by his wife, Eleanor, but she wants him to prove himself to her as a man. She accompanies him when he is called ...                See full summary »",joy,Big Game,Big Game,1,"['Action', 'Drama', 'Thriller']",6.0,7.0,2.0,10.0,38,19,"['Action', 'Drama', 'Thriller']",3,action drama thriller,40,225,3.6635616461296463,2.995732273553991
"Pee-wee Herman is now a small-town farmer with a fiancée, but when a traveling circus comes to town, he finds himself falling for the trapeze artist.",joy,Big Top Pee-wee,Big Top Pee-wee,1,"['Comedy', 'Family']",4.777777777777778,4.0,3.0,9.0,9,9,"['Comedy', 'Family']",2,comedy family,26,149,2.302585092994046,2.302585092994046
A French teenager gets a job at the burlesque club Bizarre in New York.,joy,Bizarre,Bizarre,1,"['Drama', 'Romance']",5.0,5.0,5.0,5.0,1,1,"['Drama', 'Romance']",2,drama romance,14,71,0.6931471805599453,0.6931471805599453
"As a hard-core surfer girl prepares for a big competition, she finds herself falling for a football player.",joy,Blue Crush,Blue Crush,1,['Adventure'],7.5,7.5,5.0,10.0,14,14,['Adventure'],1,adventure,18,107,2.70805020110221,2.70805020110221
The daughter of a wealthy nobleman secretly falls in love with her bodyguard.,joy,Bodyguard,Bodyguard,1,"['Drama', 'Action', 'Comedy', 'Romance']",7.7368421052631575,8.0,3.0,10.0,19,19,"['Drama', 'Action', 'Comedy', 'Romance']",4,drama action comedy romance,13,77,2.995732273553991,2.995732273553991
A struggling young jazz dancer meets up with two break-dancers. Together they become the sensation of the street crowds.,joy,Breakin',Breakin',1,['Music'],5.0,5.0,5.0,5.0,2,2,['Music'],1,music,19,120,1.0986122886681098,1.0986122886681098
"She's Kathy, a comix cartoonist; he's David, teaching English to new immigrants. It's New York City, with 29 shopping days left until Christmas, and they're in love. Or are they? Their ...                See full summary »",joy,Breathing Room,Breathing Room,1,"['Romance', 'Comedy']",4.583333333333333,4.0,2.0,9.0,24,12,"['Romance', 'Comedy']",2,romance comedy,36,222,3.2188758248682006,2.5649493574615367
"After finding love, Bridget Jones questions if she really has everything she'd ever dreamed of having.",joy,Bridget Jones: The Edge of Reason,Bridget Jones: The Edge of Reason,1,"['Comedy', 'Romance']",6.363636363636363,7.0,2.0,10.0,11,11,"['Comedy', 'Romance']",2,comedy romance,16,102,2.4849066497880004,2.4849066497880004
Bubble Boy's been in a bubble all his life due to no immune system. A cute blonde girl befriends BB. Her boyfriend proposes and BB decides to travel across USA to Niagara Falls to stop the wedding.,joy,Bubble Boy,Bubble Boy,1,"['Adventure', 'Comedy', 'Drama', 'Romance']",9.333333333333334,10.0,6.0,10.0,12,12,"['Adventure', 'Comedy', 'Drama', 'Romance']",4,adventure comedy drama romance,37,197,2.5649493574615367,2.5649493574615367
"In 1980s Italy, romance blossoms between a seventeen-year-old student and the older man hired as his father's research assistant.",joy,Call Me by Your Name,Call Me by Your Name,1,"['Romance', 'Drama']",3.3,3.0,2.0,8.0,10,10,"['Romance', 'Drama']",2,romance drama,19,129,2.3978952727983707,2.3978952727983707
A twisted honeymoon adventure about a young couple on their way to Niagara Falls.,joy,Camille,Camille,1,"['Drama', 'Romance']",4.0,4.0,4.0,4.0,2,1,"['Drama', 'Romance']",2,drama romance,14,81,1.0986122886681098,0.6931471805599453
"Camille is a courtesan in Paris. She falls deeply in love with a young man of promise, Armand Duval. When Armand's father begs her not to ruin his hope of a career and position by marrying ...                See full summary »",joy,Camille,Camille,1,"['Drama', 'Romance']",4.0,4.0,4.0,4.0,2,1,"['Drama', 'Romance']",2,drama romance,41,226,1.0986122886681098,0.6931471805599453
"Camille is a courtesan in Paris. She falls deeply in love with a young man of promise, Armand Duval. When Armand's father begs her not to ruin his hopes of a career and position by marrying...                See full summary »",joy,Camille,Camille,1,"['Drama', 'Romance']",4.0,4.0,4.0,4.0,2,1,"['Drama', 'Romance']",2,drama romance,40,226,1.0986122886681098,0.6931471805599453
"Holden and Banky are comic book artists. Everything's going good for them until they meet Alyssa, also a comic book artist. Holden falls for her, but his hopes are crushed when he finds out she's a lesbian.",joy,Chasing Amy,Chasing Amy,1,"['Comedy', 'Drama', 'Romance']",6.0,6.5,2.0,9.0,8,8,"['Comedy', 'Drama', 'Romance']",3,comedy drama romance,37,206,2.1972245773362196,2.1972245773362196
"The raucous exploits of a blended family of 12, the Bakers, as they navigate a hectic home life while simultaneously managing their family business.",joy,Cheaper by the Dozen,Cheaper by the Dozen,1,['Comedy'],6.0,6.5,2.0,10.0,20,10,['Comedy'],1,comedy,24,148,3.044522437723423,2.3978952727983707
"Two melancholy Hong Kong policemen fall in love: one with a mysterious female underworld figure, the other with a beautiful and ethereal waitress at a late-night restaurant he frequents.",joy,Chungking Express,Chungking Express,1,"['Drama', 'Comedy', 'Romance']",3.4285714285714284,3.0,2.0,6.0,7,7,"['Drama', 'Comedy', 'Romance']",3,drama comedy romance,29,186,2.0794415416798357,2.0794415416798357
"The Oklahoma Land Run of April 1889 sets the stage for an epic saga of a frontier adventurer, his wife and family and their friends.",joy,Cimarron,Cimarron,1,"['Drama', 'Western']",4.0,4.0,4.0,4.0,8,4,"['Drama', 'Western']",2,drama western,25,132,2.1972245773362196,1.6094379124341003
"""Cinderella"" is a delightful musical version of the classic fairytale of a good-natured girl and her wicked stepmother. When the local prince holds a ball for all the women in the land so ...                See full summary »",joy,Cinderella,Cinderella,1,"['Family', 'Fantasy', 'Animation', 'Romance']",5.473684210526316,4.0,2.0,10.0,209,19,"['Family', 'Fantasy', 'Animation', 'Romance']",4,family fantasy animation romance,38,225,5.3471075307174685,2.995732273553991
"A modern movie musical with a bold take on the classic fairy tale. Our ambitious heroine has big dreams and with the help of her fab Godmother, she perseveres to make them come true.",joy,Cinderella,Cinderella,1,"['Family', 'Fantasy', 'Animation', 'Romance']",5.473684210526316,4.0,2.0,10.0,209,19,"['Family', 'Fantasy', 'Animation', 'Romance']",4,family fantasy animation romance,34,182,5.3471075307174685,2.995732273553991
A filmmaker recalls his childhood when falling in love with the pictures at the cinema of his home village and forms a deep friendship with the cinema's projectionist.,joy,Cinema Paradiso,Cinema Paradiso,1,"['Drama', 'Romance']",4.636363636363637,4.0,2.0,9.0,11,11,"['Drama', 'Romance']",2,drama romance,28,167,2.4849066497880004,2.4849066497880004
"An angel on Earth, a doctor unable to believe, a patient with a secret, a love story made in Heaven.",joy,City of Angels,City of Angels,1,"['Drama', 'Fantasy', 'Romance']",7.090909090909091,7.0,2.0,10.0,11,11,"['Drama', 'Fantasy', 'Romance']",3,drama fantasy romance,20,100,2.4849066497880004,2.4849066497880004
"Anthology film consisting of ten short films, each by a different director set in Greater Los Angeles. Same structure as film anthologies ""Paris, I love you"" and ""New York, I Love You""",joy,City of Angels,City of Angels,1,"['Drama', 'Fantasy', 'Romance']",7.090909090909091,7.0,2.0,10.0,11,11,"['Drama', 'Fantasy', 'Romance']",3,drama fantasy romance,32,184,2.4849066497880004,2.4849066497880004
A world-renowned photographer is dispatched to a New England coastal community to help determine what makes its visitors fall in love.,joy,Click,Click,1,"['Comedy', 'Drama', 'Fantasy', 'Romance']",7.111111111111111,8.0,2.0,10.0,18,18,"['Comedy', 'Drama', 'Fantasy', 'Romance']",4,comedy drama fantasy romance,21,134,2.9444389791664403,2.9444389791664403
A talented New York City bartender takes a job at a bar in Jamaica and falls in love.,joy,Cocktail,Cocktail,1,"['Drama', 'Romance']",7.647058823529412,8.0,2.0,10.0,34,17,"['Drama', 'Romance']",2,drama romance,18,85,3.5553480614894135,2.8903717578961645
"An extremely pampered African prince travels to Queens, New York, and goes undercover to find a wife that he can respect for her intelligence and strong will.",joy,Coming to America,Coming to America,1,"['Comedy', 'Romance']",7.0,7.5,2.0,10.0,20,20,"['Comedy', 'Romance']",2,comedy romance,27,158,3.044522437723423,3.044522437723423
Cartoonist Woody becomes the superhero he draws. Using his gadgets he helps a Soviet spy defect to the West.,joy,Condorman,Condorman,1,"['Comedy', 'Action', 'Adventure']",4.0,4.0,4.0,4.0,1,1,"['Comedy', 'Action', 'Adventure']",3,comedy action adventure,19,108,0.6931471805599453,0.6931471805599453
"Australia's first ever truly Independent Film about secrets, lies, love and the choice between an unconditional love or life.",joy,Confessions,Confessions,1,"['Drama', 'Thriller', 'Mystery']",8.5,8.5,8.0,9.0,2,2,"['Drama', 'Thriller', 'Mystery']",3,drama thriller mystery,19,125,1.0986122886681098,1.0986122886681098
A mockumentary that follows three couples as they battle it out to win the coveted title of 'Most Original Wedding of the Year'.,joy,Confetti,Confetti,1,"['Comedy', 'Romance']",4.0,4.0,4.0,4.0,1,1,"['Comedy', 'Romance']",2,comedy romance,23,128,0.6931471805599453,0.6931471805599453
"Aspiring songwriter Violet Sanford, after getting a job at a women-run NYC bar that teases its male patrons, comes out of her shell.",joy,Coyote Ugly,Coyote Ugly,1,"['Comedy', 'Drama', 'Music', 'Romance']",7.0,7.5,2.0,10.0,12,12,"['Comedy', 'Drama', 'Music', 'Romance']",4,comedy drama music romance,23,132,2.5649493574615367,2.5649493574615367
A young Chinese warrior steals a sword from a famed swordsman and then escapes into a world of romantic adventure with a mysterious man in the frontier of the nation.,joy,"Crouching Tiger, Hidden Dragon","Crouching Tiger, Hidden Dragon",1,"['Adventure', 'Drama', 'Action', 'Romance']",9.5,10.0,8.0,10.0,10,10,"['Adventure', 'Drama', 'Action', 'Romance']",4,adventure drama action romance,30,166,2.3978952727983707,2.3978952727983707
A four part anthology exploring the multitude of emotions and colors in gay relationships.,joy,Crush,Crush,1,"['Romance', 'Comedy', 'Drama']",2.857142857142857,3.0,2.0,4.0,28,7,"['Romance', 'Comedy', 'Drama']",3,romance comedy drama,14,90,3.367295829986474,2.0794415416798357
An aspiring young artist joins her high school track team and later discovers what real love feels like when she finds herself falling for an unexpected teammate.,joy,Crush,Crush,1,"['Romance', 'Comedy', 'Drama']",2.857142857142857,3.0,2.0,4.0,28,7,"['Romance', 'Comedy', 'Drama']",3,romance comedy drama,27,162,3.367295829986474,2.0794415416798357
A mechanic falls in love with his attorney.,joy,Daddy's Little Girls,Daddy's Little Girls,1,"['Comedy', 'Drama', 'Romance']",4.5,4.5,3.0,6.0,4,4,"['Comedy', 'Drama', 'Romance']",3,comedy drama romance,8,43,1.6094379124341003,1.6094379124341003
"Rafael Infante (Chayanne) comes to Houston from Cuba to work at John Burnett's (Kris Kristofferson's) dance studio. He meets Ruby Sinclair (Vanessa Williams), a cute dance instructor there. Chemistry? Will John know he's Rafael's dad?",joy,Dance with Me,Dance with Me,1,"['Drama', 'Music', 'Romance']",4.0,4.0,4.0,4.0,1,1,"['Drama', 'Music', 'Romance']",3,drama music romance,35,234,0.6931471805599453,0.6931471805599453
Beautiful but amoral model Diana Scott sleeps her way to the top of the London fashion scene at the height of the Swinging Sixties.,joy,Darling,Darling,1,"['Drama', 'Romance']",5.0,5.0,4.0,6.0,15,5,"['Drama', 'Romance']",2,drama romance,24,131,2.772588722239781,1.791759469228055
"Kain, a young rock musician, is on his way from an ""insider tip"" to an acknowledged newcomer. Even though he often has to work at night, he leads a more or less settled life until he meets ...                See full summary »",joy,Day and Night,Day and Night,1,['Drama'],3.5,3.5,1.0,6.0,2,2,['Drama'],1,drama,42,226,1.0986122886681098,1.0986122886681098
A tale of love and longing that follows Alan (Aaron Stein) and Ann (Casey Brenneman) as they travel across the country following a chance meeting at a failed wedding.,joy,Dead Birds,Dead Birds,1,"['Horror', 'Thriller', 'Western']",4.833333333333333,5.5,3.0,6.0,12,6,"['Horror', 'Thriller', 'Western']",3,horror thriller western,29,166,2.5649493574615367,1.9459101490553132
"An offbeat drama focused on a homeless youth, a pop music siren and a member of the paparazzi.",joy,Delirious,Delirious,1,"['Fantasy', 'Comedy', 'Romance']",6.428571428571429,6.0,5.0,9.0,14,7,"['Fantasy', 'Comedy', 'Romance']",3,fantasy comedy romance,18,94,2.70805020110221,2.0794415416798357
Submarine officers Dorgan and Mason battle on land for the affections of dance-hall girl Carmen. She marries Dorgan but makes a play for Mason when her husband is on duty.,joy,Devil's Playground,Devil's Playground,1,['Documentary'],4.0,4.0,4.0,4.0,10,5,['Documentary'],1,documentary,30,171,2.3978952727983707,1.791759469228055
Married couple and the wife cannot enjoy sex. In order to help the husband sees a sex therapist who makes suggestions. Very sexy movie with see all lovemaking and nothing left to the imagination.,joy,Diet of Sex,Diet of Sex,1,"['Comedy', 'Drama', 'Romance']",6.0,6.0,6.0,6.0,1,1,"['Comedy', 'Drama', 'Romance']",3,comedy drama romance,34,195,0.6931471805599453,0.6931471805599453
"When Raj meets Simran in Europe, it isn't love at first sight but when Simran moves to India for an arranged marriage, love makes its presence felt.",joy,Dilwale Dulhania Le Jayenge,Dilwale Dulhania Le Jayenge,1,"['Comedy', 'Drama', 'Romance']",5.454545454545454,6.0,2.0,9.0,11,11,"['Comedy', 'Drama', 'Romance']",3,comedy drama romance,27,148,2.4849066497880004,2.4849066497880004
"Spending the summer at a Catskills resort with her family, Frances ""Baby"" Houseman falls in love with the camp's dance instructor, Johnny Castle.",joy,Dirty Dancing,Dirty Dancing,1,"['Drama', 'Music', 'Romance']",3.9583333333333335,1.0,1.0,10.0,48,24,"['Drama', 'Music', 'Romance']",3,drama music romance,23,145,3.8918202981106265,3.2188758248682006
"High school senior Katey moves to Havana in November 1958, when her dad gets a promotion at Ford. She meets a local waiter, who introduces her to sensual Cuban music/dance. They enter a big dance contest for the prize when he gets fired.",joy,Dirty Dancing: Havana Nights,Dirty Dancing: Havana Nights,1,"['Drama', 'Romance']",8.384615384615385,9.0,2.0,10.0,13,13,"['Drama', 'Romance']",2,drama romance,43,237,2.6390573296152584,2.6390573296152584
"When Jeff unexpectedly shows up on Ben's doorstep at 2am, the two buddies immediately fall into each other's arms. Since their college days, they've taken very different paths. Jeff is ...                See full summary »",joy,Do Not Disturb,Do Not Disturb,1,['Thriller'],5.461538461538462,6.0,2.0,9.0,39,13,['Thriller'],1,thriller,35,222,3.6888794541139363,2.6390573296152584
"A sexy Spanish siren named Elvira, schools a young man in Tantric lovemaking.",joy,Don't Look Down,Don't Look Down,1,"['Drama', 'Romance']",4.5,4.5,4.0,5.0,4,4,"['Drama', 'Romance']",2,drama romance,13,77,1.6094379124341003,1.6094379124341003
A Southern California girl befriends three furry aliens after their spaceship lands in her swimming pool.,joy,Earth Girls Are Easy,Earth Girls Are Easy,1,"['Music', 'Comedy', 'Drama', 'Romance', 'Science Fiction']",6.214285714285714,7.0,3.0,9.0,14,14,"['Music', 'Comedy', 'Drama', 'Romance', 'Science Fiction']",5,music comedy drama romance science_fiction,16,105,2.70805020110221,2.70805020110221
Small drug smuggler from Scotland is trying to figure out his way through life until he meets beautiful girl from Canada who seeks a change after bad relationship she just got out of it.,joy,Ecstasy,Ecstasy,1,"['Romance', 'Comedy', 'Crime']",4.5,4.5,4.0,5.0,2,2,"['Romance', 'Comedy', 'Crime']",3,romance comedy crime,34,186,1.0986122886681098,1.0986122886681098
"Raised as an oversized elf, Buddy travels from the North Pole to New York City to meet his biological father, Walter Hobbs, who doesn't know he exists and is in desperate need of some Christmas spirit.",joy,Elf,Elf,1,"['Comedy', 'Family', 'Fantasy']",8.428571428571429,9.0,5.0,10.0,7,7,"['Comedy', 'Family', 'Fantasy']",3,comedy family fantasy,36,201,2.0794415416798357,2.0794415416798357
"The wife of a French diplomat in Bangkok, Emmanuelle embarks on a voyage of sexual discovery.",joy,Emmanuelle,Emmanuelle,1,"['Drama', 'Romance']",5.4,4.0,4.0,9.0,5,5,"['Drama', 'Romance']",2,drama romance,16,93,1.791759469228055,1.791759469228055
"Sissy Hankshaw (Uma Thurman) is born with enormous thumbs that help her hitchhiking through the U.S. from a young age. She becomes a model in advertising, and her New York agent, ""the ...                See full summary »",joy,Even Cowgirls Get the Blues,Even Cowgirls Get the Blues,1,"['Western', 'Drama', 'Comedy', 'Romance']",7.333333333333333,7.5,2.0,10.0,12,12,"['Western', 'Drama', 'Comedy', 'Romance']",4,western drama comedy romance,37,221,2.5649493574615367,2.5649493574615367
"An updated version of the musical Fame (1980), which centered on the students of the New York Academy of Performing Arts. The name of the school in 1980 was Fiorello Laguardia High School.",joy,Fame,Fame,1,['Drama'],5.1,5.0,3.0,9.0,20,10,['Drama'],1,drama,33,188,3.044522437723423,2.3978952727983707
A hilarious and unlikely love story. Based on the novel by Helen Cross.,joy,Family Business,Family Business,1,"['Action', 'Comedy', 'Crime', 'Drama', 'Thriller']",5.636363636363637,5.0,3.0,9.0,11,11,"['Action', 'Comedy', 'Crime', 'Drama', 'Thriller']",5,action comedy crime drama thriller,13,71,2.4849066497880004,2.4849066497880004
"A beautiful virgin inherits a castle, but when she arrives at it, she finds that the inhabitants include a strange nobleman and a bevy of beautiful women she suspects may be vampires.",joy,Fangs of the Living Dead,Fangs of the Living Dead,1,['Horror'],4.333333333333333,4.0,4.0,5.0,6,6,['Horror'],1,horror,32,183,1.9459101490553132,1.9459101490553132
"Fat Albert and the Cosby Kids come to life and step out of their animated, inner-city Philadelphia world.",joy,Fat Albert,Fat Albert,1,"['Comedy', 'Drama', 'Family']",7.625,10.0,2.0,10.0,16,16,"['Comedy', 'Drama', 'Family']",3,comedy drama family,18,105,2.833213344056216,2.833213344056216
"A psychedelic rock musical set in Venice, California - it tells the story of Faust, who sells his soul to the devil in exchange for the love of a young girl.",joy,Faust,Faust,1,"['Animation', 'Drama', 'Fantasy']",6.0,6.0,2.0,9.0,52,13,"['Animation', 'Drama', 'Fantasy']",3,animation drama fantasy,31,157,3.970291913552122,2.6390573296152584
A small office staff attempts the artistically courageous act of putting on their first annual film festival.,joy,Festival,Festival,1,"['Music', 'Documentary']",4.5,4.5,2.0,7.0,2,2,"['Music', 'Documentary']",2,music documentary,17,109,1.0986122886681098,1.0986122886681098
"A new film version of the Broadway musical, based on Sholem Aleichem's stories of Tevye, his five daughters, and his attempts to maintain his Jewish religious and cultural traditions as outside influences encroach upon the family's lives.",joy,Fiddler on the Roof,Fiddler on the Roof,1,"['Drama', 'Romance']",5.090909090909091,5.0,2.0,8.0,11,11,"['Drama', 'Romance']",2,drama romance,37,238,2.4849066497880004,2.4849066497880004
"Literature student Anastasia Steele's life changes forever when she meets handsome, yet tormented, billionaire Christian Grey.",joy,Fifty Shades of Grey,Fifty Shades of Grey,1,"['Drama', 'Romance', 'Thriller']",2.24,1.0,1.0,10.0,25,25,"['Drama', 'Romance', 'Thriller']",3,drama romance thriller,16,126,3.258096538021482,3.258096538021482
"Ruofei is an orphan boy. One day he accidentally crossed over to a different era. In the world 100 years from now, he went on adventures with kongfu hero and discovered many secrets.",joy,Fighting,Fighting,1,"['Action', 'Adventure', 'Crime', 'Drama', 'Thriller']",5.714285714285714,5.0,2.0,10.0,21,21,"['Action', 'Adventure', 'Crime', 'Drama', 'Thriller']",5,action adventure crime drama thriller,33,182,3.091042453358316,3.091042453358316
A Marine flyer and his flight school mentor fall for the same beautiful nurse.,joy,Flight,Flight,1,['Drama'],6.5,8.0,2.0,9.0,14,14,['Drama'],1,drama,14,78,2.70805020110221,2.70805020110221
A new clue to the whereabouts of a lost treasure rekindles a married couple's sense of adventure -- and their estranged romance.,joy,Fool's Gold,Fool's Gold,1,"['Romance', 'Comedy', 'Adventure']",5.904761904761905,6.0,3.0,9.0,21,21,"['Romance', 'Comedy', 'Adventure']",3,romance comedy adventure,22,128,3.091042453358316,3.091042453358316
"Architect Peter Ibbetson is hired by the Duke of Towers to design a building for him. Ibbetson discovers that the Duchess of Towers, Mary, is his now-grown childhood sweetheart. Their love ...                See full summary »",joy,Forever,Forever,1,['Documentary'],5.7272727272727275,7.0,2.0,9.0,33,11,['Documentary'],1,documentary,36,226,3.5263605246161616,2.4849066497880004
"Joey, a talented video consultant, shares the art of marrying a man through her romantic 'faux' wedding videos, which are screened to young singles all over Singapore. The idea of fantasy ...                See full summary »",joy,Forever,Forever,1,['Documentary'],5.7272727272727275,7.0,2.0,9.0,33,11,['Documentary'],1,documentary,36,225,3.5263605246161616,2.4849066497880004
A beautiful love story of two high school students.,joy,Forget Me Not,Forget Me Not,1,"['Drama', 'Horror', 'Romance']",5.125,5.5,4.0,6.0,16,8,"['Drama', 'Horror', 'Romance']",3,drama horror romance,9,51,2.833213344056216,2.1972245773362196
"Love Happens. When you least expect it. Forget Me Not is a moving, modern day love story set over twenty four hours against a stunning London backdrop.",joy,Forget Me Not,Forget Me Not,1,"['Drama', 'Horror', 'Romance']",5.125,5.5,4.0,6.0,16,8,"['Drama', 'Horror', 'Romance']",3,drama horror romance,27,151,2.833213344056216,2.1972245773362196
"This film tells the story of a high school student named Takashi (Murakami Nijiro) who falls in love at first sight with a girl along Azusa (Akari Hayami), and then they started dating. One...                See full summary »",joy,Forget Me Not,Forget Me Not,1,"['Drama', 'Horror', 'Romance']",5.125,5.5,4.0,6.0,16,8,"['Drama', 'Horror', 'Romance']",3,drama horror romance,38,226,2.833213344056216,2.1972245773362196
"Over the course of five social occasions, a committed bachelor must consider the notion that he may have discovered love.",joy,Four Weddings and a Funeral,Four Weddings and a Funeral,1,"['Comedy', 'Drama', 'Romance']",6.7272727272727275,8.0,2.0,9.0,11,11,"['Comedy', 'Drama', 'Romance']",3,comedy drama romance,20,121,2.4849066497880004,2.4849066497880004
"Featuring an all-star cast including Academy Award nominee Robert Downey Jr., Stephen Baldwin, and super model Claudia Schiffer, FRIENDS & LOVERS is a sexy comedy about best friends who pair up in unexpected ways over a memorable weekend.",joy,Friends & Lovers,Friends & Lovers,1,"['Comedy', 'Romance', 'Drama']",5.4,6.0,4.0,6.0,5,5,"['Comedy', 'Romance', 'Drama']",3,comedy romance drama,38,238,1.791759469228055,1.791759469228055
"A waitress from Texas and a college student from Pennsylvania meet during spring break in Fort Lauderdale, Florida and come together through their shared love of singing.",joy,From Justin to Kelly,From Justin to Kelly,1,"['Comedy', 'Romance']",4.2,1.0,1.0,10.0,25,25,"['Comedy', 'Romance']",2,comedy romance,27,170,3.258096538021482,3.258096538021482
"A day in the life of a group of men and women in Hollywood, in the hours leading up to a friend's birthday party.",joy,Full Frontal,Full Frontal,1,"['Comedy', 'Drama', 'Romance']",5.636363636363637,5.0,2.0,10.0,11,11,"['Comedy', 'Drama', 'Romance']",3,comedy drama romance,24,113,2.4849066497880004,2.4849066497880004
"NYC cartoonist Duffy meets the bad cappuccino maker, chef Meg, and falls in love. She moves in with him, marries him - but they have problems having a baby.",joy,Funny About Love,Funny About Love,1,"['Comedy', 'Drama', 'Romance']",4.666666666666667,5.0,4.0,5.0,3,3,"['Comedy', 'Drama', 'Romance']",3,comedy drama romance,29,156,1.3862943611198906,1.3862943611198906
A man raised in the jungle by apes falls in love with a wealthy American heiress.,joy,George of the Jungle,George of the Jungle,1,"['Adventure', 'Comedy', 'Family', 'Romance']",7.3,7.5,2.0,10.0,20,20,"['Adventure', 'Comedy', 'Family', 'Romance']",4,adventure comedy family romance,16,81,3.044522437723423,3.044522437723423
A sharp-witted comedy that follows a group of apparent strangers in interlocking stories taking place in ten different bars during the course of one evening throughout Los Angeles.,joy,Girl Walks Into a Bar,Girl Walks Into a Bar,1,['Comedy'],4.0,4.0,4.0,4.0,2,2,['Comedy'],1,comedy,28,180,1.0986122886681098,1.0986122886681098
"A young woman leaves her job as a waitress and travels to Los Angeles, where she strives to become the top star in the glamorous world of go-go dancing.",joy,Girl in Gold Boots,Girl in Gold Boots,1,"['Drama', 'Crime', 'Music', 'Romance']",2.3529411764705883,1.0,1.0,10.0,17,17,"['Drama', 'Crime', 'Music', 'Romance']",4,drama crime music romance,29,152,2.8903717578961645,2.8903717578961645
"A young singer dates a disc jockey who helps her get into the music business, but their relationship become complicated as she ascends to super stardom.",joy,Glitter,Glitter,1,"['Drama', 'Romance']",6.619047619047619,10.0,1.0,10.0,21,21,"['Drama', 'Romance']",2,drama romance,26,152,3.091042453358316,3.091042453358316
"Separated by a garden fence and a feud, are blue gnomes on one side and red gnomes on the other. This doesn't stop blue Gnomeo and red Juliet from falling in love with each other. Do they have a future together?",joy,Gnomeo & Juliet,Gnomeo & Juliet,1,"['Animation', 'Family']",6.7272727272727275,7.0,2.0,10.0,22,22,"['Animation', 'Family']",2,animation family,41,211,3.1354942159291497,3.1354942159291497
"Good girl Sandy Olsson and greaser Danny Zuko fell in love over the summer. When they unexpectedly discover they're now in the same high school, will they be able to rekindle their romance?",joy,Grease,Grease,1,['Romance'],5.285714285714286,5.0,2.0,9.0,7,7,['Romance'],1,romance,33,189,2.0794415416798357,2.0794415416798357
"A young woman, Theresa, brings her boyfriend, Simon, home to meet her parents and surprise them with the news of their engagement. Another surprise: Simon is white.",joy,Guess Who,Guess Who,1,"['Comedy', 'Romance']",4.8,4.0,2.0,8.0,15,15,"['Comedy', 'Romance']",2,comedy romance,27,164,2.772588722239781,2.772588722239781
"A love story between two hackers, Soyan and Loise. Like many other hackers, Soyan works for a company he previously hacked.",joy,Hacker's Game,Hacker's Game,1,"['Thriller', 'Drama', 'Romance']",6.0,7.0,3.0,8.0,3,3,"['Thriller', 'Drama', 'Romance']",3,thriller drama romance,21,123,1.3862943611198906,1.3862943611198906
A 'pleasantly plump' teenager teaches 1962 Baltimore a thing or two about integration after landing a spot on a local TV dance show.,joy,Hairspray,Hairspray,1,"['Comedy', 'Family', 'Music']",8.411764705882353,10.0,3.0,10.0,34,17,"['Comedy', 'Family', 'Music']",3,comedy family music,23,132,3.5553480614894135,2.8903717578961645
Pleasantly plump teenager Tracy Turnblad teaches 1962 Baltimore a thing or two about integration after landing a spot on a local TV dance show.,joy,Hairspray,Hairspray,1,"['Comedy', 'Family', 'Music']",8.411764705882353,10.0,3.0,10.0,34,17,"['Comedy', 'Family', 'Music']",3,comedy family music,24,143,3.5553480614894135,2.8903717578961645
"Into the world of the Emperor Penguins, who find their soul mates through song, a penguin is born who cannot sing. But he can tap dance something fierce!",joy,Happy Feet,Happy Feet,1,"['Animation', 'Comedy']",7.4375,8.0,2.0,10.0,16,16,"['Animation', 'Comedy']",2,animation comedy,28,153,2.833213344056216,2.833213344056216
A romantic drama filmed in Australia.,joy,Happy New Year,Happy New Year,1,"['Comedy', 'Crime', 'Romance']",8.7,10.0,3.0,10.0,60,20,"['Comedy', 'Crime', 'Romance']",3,comedy crime romance,6,37,4.110873864173311,3.044522437723423
It is an anthology film based on of five different life stories. A slice of lives of a few people all culminating on new year's eve. A radio jockey also a stand-up comedian who would make ...                See full summary »,joy,Happy New Year,Happy New Year,1,"['Comedy', 'Crime', 'Romance']",8.7,10.0,3.0,10.0,60,20,"['Comedy', 'Crime', 'Romance']",3,comedy crime romance,41,225,4.110873864173311,3.044522437723423
"An introvert teen befriends his new neighbor, and together the couple begin to explore the haunted house that his family has just purchased.",joy,Haunt,Haunt,1,['Horror'],3.8,4.0,3.0,5.0,15,15,['Horror'],1,horror,23,140,2.772588722239781,2.772588722239781
"TV viewers love seeing the two reporters with opposing views on the show ""He Said, She Said"". Womanizer Dan and Lorie fall for each other. Love?",joy,"He Said, She Said","He Said, She Said",1,"['Comedy', 'Drama', 'Romance']",5.666666666666667,6.0,5.0,6.0,3,3,"['Comedy', 'Drama', 'Romance']",3,comedy drama romance,26,144,1.3862943611198906,1.3862943611198906
"Maggie Peyton, the new owner of Herbie, Number 53, the free-wheelin' Volkswagen bug with a mind of its own, puts the car through its paces on the road to becoming a NASCAR competitor.",joy,Herbie Fully Loaded,Herbie Fully Loaded,1,"['Comedy', 'Family', 'Adventure', 'Fantasy', 'Romance']",6.083333333333333,7.0,1.0,10.0,24,24,"['Comedy', 'Family', 'Adventure', 'Fantasy', 'Romance']",5,comedy family adventure fantasy romance,33,183,3.2188758248682006,3.2188758248682006
"As per a new rule, any person can join the police force. Many people including Krishnaveni, a simple girl, and Radhakrishna join. Both fall in love too. Soon it is revealed that Krishna is a naxalite.",joy,Hero,Hero,1,"['Drama', 'Comedy', 'Thriller', 'Mystery']",4.5,3.5,1.0,10.0,60,20,"['Drama', 'Comedy', 'Thriller', 'Mystery']",4,drama comedy thriller mystery,36,200,4.110873864173311,3.044522437723423
"Bored with her social butterfly lifestyle, Victoria Tremont longs to find that special someone. Naturally, when a handsome stranger walks into the coffee shop where she works, she turns on ...                See full summary »",joy,Home Sweet Home,Home Sweet Home,1,"['Comedy', 'Horror']",4.8,5.5,2.0,8.0,30,10,"['Comedy', 'Horror']",2,comedy horror,35,226,3.4339872044851463,2.3978952727983707
"Five friends, who attended a Historically Black University together in the 90's, spend Homecoming weekend at the house that was once their off-campus dorm.",joy,Homecoming,Homecoming,1,"['Horror', 'Thriller']",4.0,4.0,4.0,4.0,4,2,"['Horror', 'Thriller']",2,horror thriller,24,155,1.6094379124341003,1.0986122886681098
"Budding producer Nikhil, who is to produce a Hindi film with Shahrukh, goes on a honeymoon with his wife Payel to North Bengal and stays at a resort. While the couple stay for a few days ...                See full summary »",joy,Honeymoon,Honeymoon,1,['Comedy'],6.7,7.0,3.0,10.0,60,20,['Comedy'],1,comedy,41,224,4.110873864173311,3.044522437723423
"Lyudochka Odintsova, a graduate of the medical institute, the best singer and dancer of the course, wishing to stay in Leningrad, is marrying a Leningrad-based bridge engineer Alexey ...                See full summary »",joy,Honeymoon,Honeymoon,1,['Comedy'],6.7,7.0,3.0,10.0,60,20,['Comedy'],1,comedy,33,220,4.110873864173311,3.044522437723423
"Reza and his mother Mah Banu, have a good and near relationship with Hossein family known as Khan Baba. Reza spends his time with Changiz, the son of Hossein family, and is interested in his sister, Mino.",joy,Honeymoon,Honeymoon,1,['Comedy'],6.7,7.0,3.0,10.0,60,20,['Comedy'],1,comedy,37,204,4.110873864173311,3.044522437723423
"Kid, after a lifetime 'playing the field', is about to get married. 'Play' plans to throw the best bachelor party ever - until 'Kid's' three wise-crackin' nephews come to town, intent on showing them what parties are all about.",joy,House Party 3,House Party 3,1,['Comedy'],7.454545454545454,8.0,2.0,10.0,11,11,['Comedy'],1,comedy,39,227,2.4849066497880004,2.4849066497880004
A group of young adults navigate love and relationships in New York City.,joy,How to Be Single,How to Be Single,1,"['Comedy', 'Romance']",6.1875,6.0,3.0,10.0,16,16,"['Comedy', 'Romance']",2,comedy romance,13,73,2.833213344056216,2.833213344056216
"Benjamin Barry is an advertising executive and ladies' man who, to win a big campaign, bets that he can make a woman fall in love with him in 10 days.",joy,How to Lose a Guy in 10 Days,How to Lose a Guy in 10 Days,1,"['Comedy', 'Romance']",7.454545454545454,7.0,2.0,10.0,11,11,"['Comedy', 'Romance']",2,comedy romance,30,150,2.4849066497880004,2.4849066497880004
"As Allen Ginsberg talks about his life and art, his most famous poem is illustrated in animation while the obscenity trial of the work is dramatized.",joy,Howl,Howl,1,['Drama'],6.333333333333333,6.0,5.0,9.0,18,9,['Drama'],1,drama,26,149,2.9444389791664403,2.302585092994046
Two guys take their bromance to another level when they participate in an art film project.,joy,Humpday,Humpday,1,['Comedy'],4.0,4.0,4.0,4.0,1,1,['Comedy'],1,comedy,16,91,0.6931471805599453,0.6931471805599453
"A comedy centered on the life of Kate Reddy, a finance executive who is the breadwinner for her husband and two kids.",joy,I Don't Know How She Does It,I Don't Know How She Does It,1,"['Romance', 'Comedy']",6.416666666666667,7.5,2.0,10.0,12,12,"['Romance', 'Comedy']",2,romance comedy,22,117,2.5649493574615367,2.5649493574615367
"Newlywed couple Nat and Josh are deliriously happy despite their differences, though friends and family aren't convinced that they can last. With their first anniversary approaching and attractive alternatives in the mix, can they last?",joy,I Give It a Year,I Give It a Year,1,"['Comedy', 'Romance']",5.157894736842105,5.0,2.0,9.0,19,19,"['Comedy', 'Romance']",2,comedy romance,35,236,2.995732273553991,2.995732273553991
"Jay doesn't believe in love Stories, and Simran, is a girl who's in love with the idea of Love itself.",joy,I Hate Luv Storys,I Hate Luv Storys,1,"['Comedy', 'Drama', 'Romance']",4.363636363636363,4.0,3.0,6.0,11,11,"['Comedy', 'Drama', 'Romance']",3,comedy drama romance,20,102,2.4849066497880004,2.4849066497880004
"A nerdy valedictorian proclaims his love for Beth Cooper--the hottest, most popular girl in school--during his graduation speech. That very night, she shows up at his door offering to show him the best night of his life.",joy,"I Love You, Beth Cooper","I Love You, Beth Cooper",1,"['Comedy', 'Romance']",5.619047619047619,5.0,2.0,10.0,21,21,"['Comedy', 'Romance']",2,comedy romance,37,220,3.091042453358316,3.091042453358316
"An erotic collection of short stories, an anthology comprised of tantalizing tales about sexual desire and its diverse manifestations.",joy,Immoral Tales,Immoral Tales,1,"['Drama', 'Romance']",4.0,4.0,4.0,4.0,1,1,"['Drama', 'Romance']",2,drama romance,19,134,0.6931471805599453,0.6931471805599453
"When Esben flees the trenches of WWI, after three years at the front, it's so he can return to his beloved wife Kirstine and son Karl. But everything at home has changed - A charming German...                See full summary »",joy,In Love and War,In Love and War,1,"['Drama', 'Romance']",5.75,5.5,3.0,9.0,4,4,"['Drama', 'Romance']",2,drama romance,40,226,1.6094379124341003,1.6094379124341003
"Mary Ann Taylor of Mercury, Texas loves the comforts of her hometown, but feels unfulfilled by a life of pouring coffee and grilling hamburgers in her father's diner. Her real passion is ...                See full summary »",joy,Independence Day,Independence Day,1,"['Action', 'Adventure', 'Science Fiction']",8.25,8.0,6.0,10.0,12,12,"['Action', 'Adventure', 'Science Fiction']",3,action adventure science_fiction,37,224,2.5649493574615367,2.5649493574615367
"A salesgirl with plenty of ""it"" (sex appeal) pursues a handsome playboy.",joy,It,It,1,"['Drama', 'Comedy', 'Romance']",7.764705882352941,8.0,3.0,10.0,17,17,"['Drama', 'Comedy', 'Romance']",3,drama comedy romance,12,72,2.8903717578961645,2.8903717578961645
"Talented singer and dancer, Chandni's life is dominated by three aunts, and a soft-spoken maternal grandmother. She meets with a womanizer named Rahul, and falls in love with him. Rahul ...                See full summary »",joy,Jaanam Samjha Karo,Jaanam Samjha Karo,1,[],7.0,7.0,7.0,7.0,1,1,[],0,unknown_genre,35,223,0.6931471805599453,0.6931471805599453
"Marvin Willert and Josie McCale work together at Sellex, an electronics company. When Marvin finally asks Josie on a date, she discovers that Marvin has built a television screen saver that...                See full summary »",joy,Jack and Jill,Jack and Jill,1,['Comedy'],5.9523809523809526,8.0,1.0,10.0,21,21,['Comedy'],1,comedy,35,226,3.091042453358316,3.091042453358316
"Abbott & Costello's version of the famous fairy tale, about a young boy who trades the family cow for magic beans.",joy,Jack and the Beanstalk,Jack and the Beanstalk,1,"['Comedy', 'Family', 'Fantasy']",3.8333333333333335,3.5,2.0,7.0,24,6,"['Comedy', 'Family', 'Fantasy']",3,comedy family fantasy,21,114,3.2188758248682006,1.9459101490553132
"As a small-town girl catapults from underground video sensation to global superstar, she and her three sisters begin a journey of discovering that some talents are too special to keep hidden.",joy,Jem and the Holograms,Jem and the Holograms,1,"['Drama', 'Music', 'Adventure', 'Fantasy']",7.421052631578948,8.0,2.0,10.0,19,19,"['Drama', 'Music', 'Adventure', 'Fantasy']",4,drama music adventure fantasy,31,191,2.995732273553991,2.995732273553991
A romantic comedy centered on a gentile who pretends to be Jewish in order to win the affection of his love interest.,joy,Jewtopia,Jewtopia,1,"['Comedy', 'Romance']",6.923076923076923,7.0,4.0,9.0,13,13,"['Comedy', 'Romance']",2,comedy romance,22,117,2.6390573296152584,2.6390573296152584
"Babu has learned and perfected the art of being a clown and is promised the hand of Kamala, the circus owner's daughter. He loves Kamala, but Sudheer Mishra's arrival in the troupe changes everything.",joy,Joker,Joker,1,"['Comedy', 'Foreign']",4.181818181818182,3.5,1.0,10.0,22,22,"['Comedy', 'Foreign']",2,comedy foreign,34,200,3.1354942159291497,3.1354942159291497
"Enchanted by the musical sound of the Italian language, Peter, an old widower, meets Julia, a young and pretty teacher of Italian. As experience meets beauty, platonic love emerges, ...                See full summary »",joy,Julia,Julia,1,['Drama'],4.666666666666667,5.0,2.0,9.0,30,15,['Drama'],1,drama,34,219,3.4339872044851463,2.772588722239781
A lonely landscape architect falls for the spirit of the beautiful woman who used to live in his new apartment.,joy,Just Like Heaven,Just Like Heaven,1,"['Comedy', 'Fantasy', 'Romance']",7.956521739130435,9.0,3.0,10.0,23,23,"['Comedy', 'Fantasy', 'Romance']",3,comedy fantasy romance,20,111,3.1780538303479458,3.1780538303479458
"Manhattanite Ashley is known to many as the luckiest woman around. After a chance encounter with a down-and-out young man, however, she realizes that she's swapped her fortune for his.",joy,Just My Luck,Just My Luck,1,"['Comedy', 'Drama', 'Family', 'Fantasy', 'Romance']",6.947368421052632,8.0,2.0,10.0,38,19,"['Comedy', 'Drama', 'Family', 'Fantasy', 'Romance']",5,comedy drama family fantasy romance,30,184,3.6635616461296463,2.995732273553991
A romantic comedy about an Indian stuntman who takes Hollywood by storm but cannot find true love.,joy,Kambakkht Ishq,Kambakkht Ishq,1,"['Romance', 'Comedy', 'Drama']",3.5,2.0,1.0,9.0,24,24,"['Romance', 'Comedy', 'Drama']",3,romance comedy drama,17,98,3.2188758248682006,3.2188758248682006
"""Kick"" is an action-comedy-family-drama Tamil - Telugu movie involving successful Santhosh and ill-fated Shivani. The story unravels the chemistry between Santhanam and Tanya Hope - playing the lead role.",joy,Kick,Kick,1,"['Action', 'Comedy', 'Thriller', 'Romance', 'Foreign']",6.75,7.0,2.0,10.0,32,16,"['Action', 'Comedy', 'Thriller', 'Romance', 'Foreign']",5,action comedy thriller romance foreign,29,204,3.4965075614664802,2.833213344056216
"After a split from a Kick Ball Team, a beautiful gay woman starts her own team, and through the process leading to a winning season, she experiences her own coming of age as well as those of her friends and teammates.",joy,Kick,Kick,1,"['Action', 'Comedy', 'Thriller', 'Romance', 'Foreign']",6.75,7.0,2.0,10.0,32,16,"['Action', 'Comedy', 'Thriller', 'Romance', 'Foreign']",5,action comedy thriller romance foreign,41,217,3.4965075614664802,2.833213344056216
Redmond is on a spiritual quest in NYC. Uncle Sam gives him a bag to deliver. That and his friend Stretch bring him in the middle of shoot-outs - not good for his angst. He meets a cute stewardess.,joy,Kicked in the Head,Kicked in the Head,1,"['Comedy', 'Crime', 'Drama', 'Romance']",4.75,5.0,4.0,5.0,4,4,"['Comedy', 'Crime', 'Drama', 'Romance']",4,comedy crime drama romance,39,197,1.6094379124341003,1.6094379124341003
Writer Jay and womanizing sportscaster Max have been friends since birth. Jay introduces his editor Samantha to Max and they hit it off. Max wants Jay to try to seduce Sam to test her before their wedding.,joy,Kissing a Fool,Kissing a Fool,1,"['Comedy', 'Romance']",4.0,4.0,4.0,4.0,3,3,"['Comedy', 'Romance']",2,comedy romance,37,205,1.3862943611198906,1.3862943611198906
"A writer indulging in all that Los Angeles and Las Vegas have to offer, undertakes a search for love and self via a series of adventures with six different women.",joy,Knight of Cups,Knight of Cups,1,"['Romance', 'Drama']",7.235294117647059,8.0,2.0,10.0,17,17,"['Romance', 'Drama']",2,romance drama,30,162,2.8903717578961645,2.8903717578961645
"While navigating their careers in Los Angeles, a pianist and an actress fall in love while attempting to reconcile their aspirations for the future.",joy,La La Land,La La Land,1,"['Comedy', 'Drama', 'Music', 'Romance']",7.769230769230769,10.0,2.0,10.0,13,13,"['Comedy', 'Drama', 'Music', 'Romance']",4,comedy drama music romance,24,148,2.6390573296152584,2.6390573296152584
The romantic tale of a sheltered uptown Cocker Spaniel dog and a streetwise downtown Mutt.,joy,Lady and the Tramp,Lady and the Tramp,1,"['Family', 'Animation']",7.4,8.0,3.0,9.0,10,10,"['Family', 'Animation']",2,family animation,15,90,2.3978952727983707,2.3978952727983707
"Amidst a sea of litigation, two New York City divorce lawyers find love.",joy,Laws of Attraction,Laws of Attraction,1,"['Action', 'Comedy', 'Romance', 'Thriller']",6.5,7.0,2.0,10.0,14,14,"['Action', 'Comedy', 'Romance', 'Thriller']",4,action comedy romance thriller,13,72,2.70805020110221,2.70805020110221
"Ex-private dancer Beth aspires to be a Las Vegas cocktail waitress, when she falls in with Dink, a sports gambler. Sparks fly as she proves to be something of a gambling prodigy--much to the ire of Dink's wife, Tulip.",joy,Lay the Favorite,Lay the Favorite,1,"['Drama', 'Comedy']",5.181818181818182,5.0,2.0,10.0,22,22,"['Drama', 'Comedy']",2,drama comedy,39,217,3.1354942159291497,3.1354942159291497
"Leila and Reza meet in a kind of celebration and fall for each other. Having discovered their love, they get married soon only to find out the infertility of Leila. That's when Reza's ...                See full summary »",joy,Leila,Leila,1,"['Family', 'Drama', 'Romance']",8.705882352941176,10.0,2.0,10.0,17,17,"['Family', 'Drama', 'Romance']",3,family drama romance,38,221,2.8903717578961645,2.8903717578961645
"In a small town on Christmas Eve, a snowstorm brings together a group of young people.",joy,Let It Snow,Let It Snow,1,"['TV Movie', 'Drama', 'Romance', 'Family']",5.666666666666667,5.5,3.0,9.0,6,6,"['TV Movie', 'Drama', 'Romance', 'Family']",4,tv_movie drama romance family,16,86,1.9459101490553132,1.9459101490553132
"Random Snippets of people going through their daily routines, the eternal story.",joy,Life,Life,1,"['Comedy', 'Crime']",7.095238095238095,8.0,3.0,10.0,84,21,"['Comedy', 'Crime']",2,comedy crime,12,80,4.442651256490317,3.091042453358316
"A musical drama about a wife who asks her husband to help her find her childhood sweetheart as a birthday present. Though reluctant, her husband's only choice is to set out on this journey with her.",joy,Life Is Beautiful,Life Is Beautiful,1,"['Comedy', 'Drama']",9.0,9.0,9.0,9.0,5,5,"['Comedy', 'Drama']",2,comedy drama,36,198,1.791759469228055,1.791759469228055
"It is a coming of age story of six youngsters, set in the beautiful nostalgic world of a working-middle class neighborhood. The film tracks their journey through the different seasons, ...                See full summary »",joy,Life Is Beautiful,Life Is Beautiful,1,"['Comedy', 'Drama']",9.0,9.0,9.0,9.0,5,5,"['Comedy', 'Drama']",2,comedy drama,35,222,1.791759469228055,1.791759469228055
"While seated one evening in a wine-bar, a successful writer Jan Herold (Oldrich Nový) makes the acquaintance of a young, beginning painter, Jarmila Bendová (Lída Baarová). Jarmila has a ...                See full summary »",joy,Life Is Beautiful,Life Is Beautiful,1,"['Comedy', 'Drama']",9.0,9.0,9.0,9.0,5,5,"['Comedy', 'Drama']",2,comedy drama,34,223,1.791759469228055,1.791759469228055
"Jo March and her sisters Meg, Beth, and Amy live in a happy family in Concord, Massachusetts. Jo yearns to be a writer, and through the course of the years, finds much within her own family to write about.",joy,Little Women,Little Women,1,"['Drama', 'Romance']",4.857142857142857,4.5,2.0,9.0,42,14,"['Drama', 'Romance']",2,drama romance,39,205,3.7612001156935624,2.70805020110221
"This time, a new baby is on the way, and it's a girl. Wrapped together with the standard conflict between mother and father, Mikey engages in a bit of sibling rivalry with his new sister.",joy,Look Who's Talking Too,Look Who's Talking Too,1,"['Romance', 'Comedy']",4.882352941176471,4.0,1.0,10.0,17,17,"['Romance', 'Comedy']",2,romance comedy,35,187,2.8903717578961645,2.8903717578961645
The film follows life of Danny and Lace in a one day span as they struggle through life from crazy ex girlfriends to current girlfriends. Stoners to even more well Stoners. To truly discover more about themselves and the world around them.,joy,Loser,Loser,1,"['Drama', 'Comedy', 'Romance', 'Family']",7.222222222222222,7.5,2.0,10.0,18,18,"['Drama', 'Comedy', 'Romance', 'Family']",4,drama comedy romance family,42,239,2.9444389791664403,2.9444389791664403
"In order to impress his beautiful French neighbor, Dylan Ramsey dognaps her pet pooch so he can return him and become a hero. Unfortunately, things do not work out as planned.",joy,Lost & Found,Lost & Found,1,"['Comedy', 'Romance']",5.846153846153846,7.0,2.0,10.0,26,13,"['Comedy', 'Romance']",2,comedy romance,31,175,3.295836866004329,2.6390573296152584
"Love Hotel. The best place to spend your holiday on February 14th. So this time, the doors of the hotel are open for everyone who wants to make Valentine's Day special, wants to believe in love again, or at least not be alone on this day.",joy,Love,Love,1,[],6.285714285714286,6.0,3.0,9.0,35,7,[],0,unknown_genre,46,238,3.58351893845611,2.0794415416798357
The unexpected agreement between a workaholic journalist and an obsessed photographer brings an unusual meaning to love.,joy,Love Happens,Love Happens,1,"['Drama', 'Romance']",5.2105263157894735,5.0,2.0,10.0,19,19,"['Drama', 'Romance']",2,drama romance,17,120,2.995732273553991,2.995732273553991
"An update of the classic Shakespeare story, director Kenneth Branagh shot the film like a classic 1930s musical. It tells the story of four best friends who swear off love.",joy,Love's Labour's Lost,Love's Labour's Lost,1,"['Comedy', 'Music', 'Romance']",4.0,4.0,4.0,4.0,2,2,"['Comedy', 'Music', 'Romance']",3,comedy music romance,30,172,1.0986122886681098,1.0986122886681098
"Eighteen-year-old Maggy has a baby, Lucy, eight months old. Maggy still lives with her mother, who often takes care of the baby so that Maggy can go out for an evening. At a disco she meets Gordon and soon falls in love with him.",joy,Lucy,Lucy,1,"['TV Movie', 'Drama']",8.5,9.0,4.0,10.0,36,18,"['TV Movie', 'Drama']",2,tv_movie drama,44,229,3.6109179126442243,2.9444389791664403
"1959. Guilty of a double-murder, a man is beheaded. At the bottom of the basket that just welcomed it, the head of the dead man tells his story: everything was going so well. Admired priest...                See full summary »",joy,Mad Love,Mad Love,1,"['Drama', 'Family', 'Romance']",4.5,4.5,3.0,6.0,20,4,"['Drama', 'Family', 'Romance']",3,drama family romance,39,226,3.044522437723423,1.6094379124341003
The wild and sexy story of two passionate young people who take to the road for the incredible adventure of their lives.,joy,Mad Love,Mad Love,1,"['Drama', 'Family', 'Romance']",4.5,4.5,3.0,6.0,20,4,"['Drama', 'Family', 'Romance']",3,drama family romance,22,120,3.044522437723423,1.6094379124341003
"While packing up their apartment, hours from parting ways, a young lesbian couple takes a trip down memory lane through old Super 8mm and MiniDV footage.",joy,Main Street,Main Street,1,['Drama'],6.0,5.5,2.0,9.0,20,10,['Drama'],1,drama,26,153,3.044522437723423,2.3978952727983707
"A fabulous Malibu beach house is the setting for sin in sun, as a trio of lovely ladies find love in Los Angeles over one sizzling summer.",joy,Malibu Hot Summer,Malibu Hot Summer,1,[],5.571428571428571,6.0,2.0,10.0,7,7,[],0,unknown_genre,27,138,2.0794415416798357,2.0794415416798357
The story of a bride-to-be trying to find her real father told using hit songs by the popular 1970s group ABBA.,joy,Mamma Mia!,Mamma Mia!,1,"['Comedy', 'Romance']",6.470588235294118,7.0,2.0,10.0,17,17,"['Comedy', 'Romance']",2,comedy romance,21,111,2.8903717578961645,2.8903717578961645
"Producer Bob Temple, who's brought an American show to London, loves his star Diana, but she won't take him seriously as a lover. To show her, he picks up stranger Lady Arlington, whose ...                See full summary »",joy,Man About Town,Man About Town,1,"['Comedy', 'Drama', 'Romance']",6.9,6.0,6.0,9.0,10,10,"['Comedy', 'Drama', 'Romance']",3,comedy drama romance,38,223,2.3978952727983707,2.3978952727983707
Peter Minuit a rich New Yorker is bored with his idle life. He finds excitement when safecracker Spike Malone breaks into his Fifth Avenue home. Minuit convinces Spike that he is really another crook by the name of Gentleman George.,joy,Manhattan,Manhattan,1,"['Comedy', 'Drama', 'Romance']",5.0,4.0,2.0,9.0,13,13,"['Comedy', 'Drama', 'Romance']",3,comedy drama romance,40,232,2.6390573296152584,2.6390573296152584
"Unlucky in love and publishing, Miles Adler escapes the big city in search of a fresh start back home in the Midwest. What he finds in the vibrant small town of Manhattan, however, is far more than just the inspiration for his new novel.",joy,Manhattan,Manhattan,1,"['Comedy', 'Drama', 'Romance']",5.0,4.0,2.0,9.0,13,13,"['Comedy', 'Drama', 'Romance']",3,comedy drama romance,44,237,2.6390573296152584,2.6390573296152584
"A young artist, searching for his vocation, makes a mannequin so perfect he falls in love with it. Finding the mannequin in a store window, he gets a job there and his creation comes to life.",joy,Mannequin,Mannequin,1,"['Fantasy', 'Comedy', 'Romance']",7.684210526315789,8.0,2.0,10.0,38,19,"['Fantasy', 'Comedy', 'Romance']",3,fantasy comedy romance,36,191,3.6635616461296463,2.995732273553991
A comedy about a couple (Hugh Laurie and Joely Richardson) who are trying to conceive a child.,joy,Maybe Baby,Maybe Baby,1,"['Comedy', 'Romance']",4.0,4.0,4.0,4.0,1,1,"['Comedy', 'Romance']",2,comedy romance,17,94,0.6931471805599453,0.6931471805599453
"Lonely aspirants on the LA singles scene hook up at their local grocery store, where they can see and be seen by some of their dubiously eligible fellow singles, all the while hoping for one magical relationship that will finally click...",joy,Meet Market,Meet Market,1,"['Comedy', 'Romance']",7.25,7.5,5.0,9.0,4,4,"['Comedy', 'Romance']",2,comedy romance,41,238,1.6094379124341003,1.6094379124341003
"A single mom takes her family to Georgia for the funeral of her father--a man she never met--and she and her clan meet the crass, fun-loving Brown family.",joy,Meet the Browns,Meet the Browns,1,"['Comedy', 'Drama', 'Romance']",3.8333333333333335,1.0,1.0,10.0,18,18,"['Comedy', 'Drama', 'Romance']",3,comedy drama romance,28,154,2.9444389791664403,2.9444389791664403
Nitta Sayuri reveals how she transcended her fishing-village roots and became one of Japan's most celebrated geisha.,joy,Memoirs of a Geisha,Memoirs of a Geisha,1,"['Drama', 'History', 'Romance']",6.153846153846154,6.0,2.0,9.0,13,13,"['Drama', 'History', 'Romance']",3,drama history romance,17,116,2.6390573296152584,2.6390573296152584
A quirky rom-com where Kush finds the ideal Indian bride Dimple for his brother Luv and a series of comical and unpredictable events follow.,joy,Mere Brother Ki Dulhan,Mere Brother Ki Dulhan,1,"['Drama', 'Comedy', 'Romance']",5.888888888888889,6.0,3.0,9.0,9,9,"['Drama', 'Comedy', 'Romance']",3,drama comedy romance,24,140,2.302585092994046,2.302585092994046
"A young married physician discovers a mermaid, and gives into her request to be taken to see London. Comedy and romantic entanglements ensue soon after.",joy,Miranda,Miranda,1,"['Comedy', 'Drama', 'Romance', 'Thriller']",7.0,7.0,7.0,7.0,3,1,"['Comedy', 'Drama', 'Romance', 'Thriller']",4,comedy drama romance thriller,25,152,1.3862943611198906,0.6931471805599453
"In this erotic comedy, Miranda is the landlady of a small country tavern who is looking for a husband, and tries out a variety of men for size.",joy,Miranda,Miranda,1,"['Comedy', 'Drama', 'Romance', 'Thriller']",7.0,7.0,7.0,7.0,3,1,"['Comedy', 'Drama', 'Romance', 'Thriller']",4,comedy drama romance thriller,28,143,1.3862943611198906,0.6931471805599453
A beautiful and bold new adaptation of Strindberg's classic battle of the sexes play set on a Midsummer's night in a rustic mansion in 1920s Europe.,joy,Miss Julie,Miss Julie,1,['Drama'],4.0,4.0,4.0,4.0,4,2,['Drama'],1,drama,26,148,1.6094379124341003,1.0986122886681098
"Three girls from a small town win a trip to Monte Carlo. The trip was sponsored by their local newspaper, which sends along its ace reporter Bancroft as their ""chaperone"". Tony Townsend, an...                See full summary »",joy,Monte Carlo,Monte Carlo,1,"['Comedy', 'Music', 'Romance']",6.352941176470588,6.0,2.0,10.0,34,17,"['Comedy', 'Music', 'Romance']",3,comedy music romance,37,226,3.5553480614894135,2.8903717578961645
"When a naively innocent, aspiring actress arrives on the Broadway scene, she is taken under the wing of several theater veterans who mentor her to ultimate success.",joy,Morning Glory,Morning Glory,1,"['Drama', 'Romance']",5.380952380952381,5.0,2.0,10.0,42,21,"['Drama', 'Romance']",2,drama romance,27,164,3.7612001156935624,3.091042453358316
Three generations come together in the week leading up to Mother's Day.,joy,Mother's Day,Mother's Day,1,"['Action', 'Comedy', 'Horror']",5.947368421052632,5.0,2.0,10.0,57,19,"['Action', 'Comedy', 'Horror']",3,action comedy horror,12,71,4.060443010546419,2.995732273553991
"A sweet-natured, small-town guy inherits a controlling stake in a media conglomerate and begins to do business his way.",joy,Mr. Deeds,Mr. Deeds,1,"['Comedy', 'Romance']",6.25,6.5,3.0,10.0,8,8,"['Comedy', 'Romance']",2,comedy romance,19,119,2.1972245773362196,2.1972245773362196
"Harry hates being a TV producer and dreams of leaving his job to travel the world. He loves Alex, an aspiring actor who is struggling to create an identity for himself as a performer. Rugby...                See full summary »",joy,Mr. Right,Mr. Right,1,"['Action', 'Comedy', 'Romance']",4.333333333333333,3.0,2.0,8.0,9,3,"['Action', 'Comedy', 'Romance']",3,action comedy romance,39,226,2.302585092994046,1.3862943611198906
"Karan, a small time musician, tries to win over a girl named Pooja.",joy,Mujhe Kucch Kehna Hai,Mujhe Kucch Kehna Hai,1,['Romance'],5.5,5.5,5.0,6.0,2,2,['Romance'],1,romance,13,67,1.0986122886681098,1.0986122886681098
"A washed up singer is given a couple days to compose a chart-topping hit for an aspiring teen sensation. Though he's never written a decent lyric in his life, he sparks with an offbeat younger woman with a flair for words.",joy,Music and Lyrics,Music and Lyrics,1,"['Comedy', 'Music', 'Romance']",7.583333333333333,8.0,2.0,10.0,24,24,"['Comedy', 'Music', 'Romance']",3,comedy music romance,41,222,3.2188758248682006,3.2188758248682006
"A thirty-something preschool teacher looks to the personals for a change of pace and a relationship, with hilarious results.",joy,Must Love Dogs,Must Love Dogs,1,"['Romance', 'Comedy']",5.222222222222222,5.0,2.0,10.0,18,18,"['Romance', 'Comedy']",2,romance comedy,19,124,2.9444389791664403,2.9444389791664403
Isabelle Huppert plays an attractive Parisienne out looking for some fun during her vacation on the ski slopes of Courchevel in the Alps when she starts up a relationship with a ...                See full summary »,joy,My Best Friend's Girl,My Best Friend's Girl,1,"['Romance', 'Comedy']",7.0,8.0,2.0,10.0,16,16,"['Romance', 'Comedy']",2,romance comedy,36,215,2.833213344056216,2.833213344056216
A successful fashion editor realizes she has romantic feelings for her childhood best friend when he invites her to his lavish London wedding.,joy,My Best Friend's Wedding,My Best Friend's Wedding,1,"['Comedy', 'Romance']",6.777777777777778,7.5,2.0,10.0,18,18,"['Comedy', 'Romance']",2,comedy romance,23,142,2.9444389791664403,2.9444389791664403
"When a woman's long-time friend reveals he's engaged, she realizes she loves him herself and sets out to get him, with only days before the wedding.",joy,My Best Friend's Wedding,My Best Friend's Wedding,1,"['Comedy', 'Romance']",6.777777777777778,7.5,2.0,10.0,18,18,"['Comedy', 'Romance']",2,comedy romance,26,148,2.9444389791664403,2.9444389791664403
A Portokalos family secret brings the beloved characters back together for an even bigger and Greeker wedding.,joy,My Big Fat Greek Wedding 2,My Big Fat Greek Wedding 2,1,"['Romance', 'Comedy', 'Family']",6.3478260869565215,7.0,2.0,10.0,23,23,"['Romance', 'Comedy', 'Family']",3,romance comedy family,17,110,3.1780538303479458,3.1780538303479458
The lives of several couples and singles in New York City intertwine over the course of New Year's Eve.,joy,New Year's Eve,New Year's Eve,1,"['Comedy', 'Romance']",6.666666666666667,8.0,2.0,10.0,36,18,"['Comedy', 'Romance']",2,comedy romance,19,103,3.6109179126442243,2.9444389791664403
"It's a bittersweet reunion for Catherine and her kid brother, Jake, who meet after a fifteen year time lapse when their mother suffers a fatal car accident.",joy,Next of Kin,Next of Kin,1,"['Adventure', 'Drama', 'Action', 'Thriller']",5.090909090909091,5.0,3.0,9.0,33,11,"['Adventure', 'Drama', 'Action', 'Thriller']",4,adventure drama action thriller,27,156,3.5263605246161616,2.4849066497880004
"High school student Nick O'Leary, member of the Queercore band The Jerk Offs, meets college-bound Norah Silverberg when she asks him to be her boyfriend for five minutes.",joy,Nick and Norah's Infinite Playlist,Nick and Norah's Infinite Playlist,1,"['Comedy', 'Music', 'Romance']",7.578947368421052,8.0,4.0,10.0,19,19,"['Comedy', 'Music', 'Romance']",3,comedy music romance,28,170,2.995732273553991,2.995732273553991
The story is based on a love triangle involving the three lead characters set on a beautiful secluded island. The man who plucks the most coconuts wins the hand of the prettiest girl in the...                See full summary »,joy,No Problem,No Problem,1,"['Comedy', 'Foreign']",5.0,4.0,2.0,9.0,5,5,"['Comedy', 'Foreign']",2,comedy foreign,39,226,1.791759469228055,1.791759469228055
"What is stranger than the big hole that opens up in Lucy Sherrington's living room floor? As it turns out, love.",joy,No Stranger Than Love,No Stranger Than Love,1,"['Romance', 'Comedy']",6.0,5.0,5.0,8.0,3,3,"['Romance', 'Comedy']",2,romance comedy,21,112,1.3862943611198906,1.3862943611198906
"A group of modern day Pittsburgh teenagers spend their Thanksgiving break experiencing a mixture of love, friendship, partying, and sex.",joy,Not Cool,Not Cool,1,['Comedy'],8.05,9.0,3.0,10.0,20,20,['Comedy'],1,comedy,20,136,3.044522437723423,3.044522437723423
The life of a simple bookshop owner changes when he meets the most famous film star in the world.,joy,Notting Hill,Notting Hill,1,"['Romance', 'Comedy', 'Drama']",8.083333333333334,8.5,3.0,10.0,12,12,"['Romance', 'Comedy', 'Drama']",3,romance comedy drama,19,97,2.5649493574615367,2.5649493574615367
A returning vet attending college falls in love with a pretty co-ed and becomes obsessive over her.,joy,Obsession,Obsession,1,"['Drama', 'Thriller', 'Mystery']",4.0,4.0,4.0,4.0,3,1,"['Drama', 'Thriller', 'Mystery']",3,drama thriller mystery,17,99,1.3862943611198906,0.6931471805599453
"Joe Gower's job is skating through library shelves, fetching books. A police officer and friend of his is chosen to participate in a charity dance performance. Gower agrees to take his ...                See full summary »",joy,Off Beat,Off Beat,1,['Comedy'],4.0,4.0,4.0,4.0,4,2,['Comedy'],1,comedy,36,222,1.6094379124341003,1.0986122886681098
"A modern-day musical about a busker and an immigrant and their eventful week in Dublin, as they write, rehearse and record songs that tell their love story.",joy,Once,Once,1,"['Drama', 'Music', 'Romance']",8.0,9.0,2.0,9.0,7,7,"['Drama', 'Music', 'Romance']",3,drama music romance,27,156,2.0794415416798357,2.0794415416798357
"A beautiful but imperious princess refuses all offers of marriage, often condemning her suitors to death. The prince of Denmark comes seeking her hand and, aided by magic objects given to him by a mysterious spirit, seeks to win her love.",joy,Once Upon a Time,Once Upon a Time,1,[],6.444444444444445,8.0,2.0,9.0,18,9,[],0,unknown_genre,41,238,2.9444389791664403,2.302585092994046
A visual love poem of magical realism.,joy,One Day,One Day,1,"['Drama', 'Romance']",7.1,8.5,2.0,10.0,20,20,"['Drama', 'Romance']",2,drama romance,7,38,3.044522437723423,3.044522437723423
"After spending the night together on the night of their college graduation Dexter and Emma are shown each year on the same date to see where they are in their lives. They are sometimes together, sometimes not, on that day.",joy,One Day,One Day,1,"['Drama', 'Romance']",7.1,8.5,2.0,10.0,20,20,"['Drama', 'Romance']",2,drama romance,40,222,3.044522437723423,3.044522437723423
This is a story about an IT worker called Denchai who doesn't get along with his co-workers well.He falls in love with one of his co-worker who he thought was different from others called ...                See full summary »,joy,One Day,One Day,1,"['Drama', 'Romance']",7.1,8.5,2.0,10.0,20,20,"['Drama', 'Romance']",2,drama romance,39,225,3.044522437723423,3.044522437723423
Charlyne Yi embarks on a quest across America to make a documentary about the one subject she doesn't fully understand: Love.,joy,Paper Heart,Paper Heart,1,"['Comedy', 'Drama', 'Romance']",5.333333333333333,5.0,3.0,9.0,6,6,"['Comedy', 'Drama', 'Romance']",3,comedy drama romance,21,125,1.9459101490553132,1.9459101490553132
Paper Moon is inspired by the popular The Iron Lady which has won 5 Golden Awards. The movie is centered around The Iron Lady who has showcased her iron fist in winning the race in business...                See full summary »,joy,Paper Moon,Paper Moon,1,"['Comedy', 'Crime', 'Drama']",8.0,8.0,6.0,9.0,11,11,"['Comedy', 'Crime', 'Drama']",3,comedy crime drama,40,226,2.4849066497880004,2.4849066497880004
"Carmen and Alfredo have a wonderful life in Ciudad Satélite, a middle-class suburban area in Naucalpan, State of Mexico; one of México City's suburbs. Their relationship is stable, they get...                See full summary »",joy,Paradise,Paradise,1,"['Romance', 'Adventure']",5.2727272727272725,6.0,2.0,9.0,55,11,"['Romance', 'Adventure']",2,romance adventure,34,226,4.02535169073515,2.4849066497880004
Four stories of searching love in the chaos and colors of the carnival.,joy,Paradise,Paradise,1,"['Romance', 'Adventure']",5.2727272727272725,6.0,2.0,9.0,55,11,"['Romance', 'Adventure']",2,romance adventure,13,71,4.02535169073515,2.4849066497880004
Stunt pilot Tony marries Chrissie and the two are given a tropical island wedding by natives who consider them the King and Queen of their island.,joy,Paradise,Paradise,1,"['Romance', 'Adventure']",5.2727272727272725,6.0,2.0,9.0,55,11,"['Romance', 'Adventure']",2,romance adventure,26,146,4.02535169073515,2.4849066497880004
"The story of Madame DuBarry, the mistress of Louis XV of France, and her loves in the time of the French revolution.",joy,Passion,Passion,1,"['Thriller', 'Drama', 'Crime', 'Mystery']",4.619047619047619,4.0,2.0,10.0,21,21,"['Thriller', 'Drama', 'Crime', 'Mystery']",4,thriller drama crime mystery,22,116,3.091042453358316,3.091042453358316
"A female aerobics instructor meets a male reporter doing a story on health clubs, but it isn't love at first sight.",joy,Perfect,Perfect,1,"['Drama', 'Romance']",6.733333333333333,8.0,2.0,10.0,15,15,"['Drama', 'Romance']",2,drama romance,21,115,2.772588722239781,2.772588722239781
"A Man forms a passionate and sensual relationship with a woman in his dreams, upon waking up he must deceive his surreal hallucinations and Insomnia to find a way to re-unite with her again.",joy,Persona,Persona,1,['Drama'],4.888888888888889,5.0,2.0,9.0,9,9,['Drama'],1,drama,34,190,2.302585092994046,2.302585092994046
"An ordinary man sees a bright light descend from the sky, and discovers he now has super-intelligence and telekinesis.",joy,Phenomenon,Phenomenon,1,"['Drama', 'Fantasy', 'Romance', 'Science Fiction']",7.444444444444445,8.5,2.0,10.0,18,18,"['Drama', 'Fantasy', 'Romance', 'Science Fiction']",4,drama fantasy romance science_fiction,19,118,2.9444389791664403,2.9444389791664403
An epic couple Muse and Orpheus from another Universe lands on the earth to save humanity through ancient Greek knowledge.,joy,Phoenix,Phoenix,1,"['Drama', 'Thriller', 'Crime', 'Romance']",8.0,8.0,7.0,9.0,9,3,"['Drama', 'Thriller', 'Crime', 'Romance']",4,drama thriller crime romance,20,122,2.302585092994046,1.3862943611198906
"Beca, a freshman at Barden University, is cajoled into joining The Bellas, her school's all-girls singing group. Injecting some much needed energy into their repertoire, The Bellas take on their male rivals in a campus competition.",joy,Pitch Perfect,Pitch Perfect,1,"['Comedy', 'Music', 'Romance']",6.3125,7.5,2.0,10.0,16,16,"['Comedy', 'Music', 'Romance']",3,comedy music romance,36,231,2.833213344056216,2.833213344056216
"""Planetarium"" follows the journey of sisters who are believed to possess the supernatural ability to connect with ghosts. They cross paths with a visionary French producer while performing in Paris.",joy,Planetarium,Planetarium,1,"['Drama', 'Fantasy', 'Mystery']",5.25,5.0,4.0,9.0,8,8,"['Drama', 'Fantasy', 'Mystery']",3,drama fantasy mystery,30,198,2.1972245773362196,2.1972245773362196
Two lonely singles find love in the most unexpected place when they fall for each other during their children's play date.,joy,Playdate,Playdate,1,['Thriller'],4.571428571428571,5.0,4.0,5.0,7,7,['Thriller'],1,thriller,21,122,2.0794415416798357,2.0794415416798357
A movie about Bike racers set in a village whose inhabitants are passionate about biking. The parents there are ready to marry their daughters to the fastest bike racer. The youngsters form race clubs to compete with each other.,joy,Players,Players,1,"['Crime', 'Thriller']",6.0,6.5,3.0,8.0,18,18,"['Crime', 'Thriller']",2,crime thriller,39,228,2.9444389791664403,2.9444389791664403
The adventures of the famous sailor man and his friends in the seaside town of Sweethaven.,joy,Popeye,Popeye,1,"['Action', 'Adventure', 'Comedy', 'Family', 'Music']",9.1,9.5,7.0,10.0,20,20,"['Action', 'Adventure', 'Comedy', 'Family', 'Music']",5,action adventure comedy family music,16,90,3.044522437723423,3.044522437723423
Seventeen year-old Ayanna meets handsome and mysterious Isaiah in her path toward self-discovery. Her entire world is turned upside down as she travails on the rigorous terrain of young love in the summer before she leaves for college.,joy,Premature,Premature,1,['Comedy'],5.875,6.0,4.0,9.0,8,8,['Comedy'],1,comedy,38,235,2.1972245773362196,2.1972245773362196
A Colonial Gothic Love Triangle.,joy,Preservation,Preservation,1,"['Thriller', 'Horror']",4.833333333333333,5.0,2.0,9.0,18,18,"['Thriller', 'Horror']",2,thriller horror,5,32,2.9444389791664403,2.9444389791664403
"With the help of a magical genie possessing his new cellular phone, an adolescent nerd attempts to live life to the fullest upon his graduation from school.",joy,Pretty Cool Too,Pretty Cool Too,1,['Comedy'],5.75,6.5,2.0,8.0,4,4,['Comedy'],1,comedy,27,156,1.6094379124341003,1.6094379124341003
Chris from a girls' boarding school loves Jim from a nearby boys' boarding school. Jordan also wants Jim and plays dirty. Jim and two friends visit the girls' school posing as girls.,joy,Private School,Private School,1,"['Comedy', 'Romance']",4.0,4.0,4.0,4.0,1,1,"['Comedy', 'Romance']",2,comedy romance,32,182,0.6931471805599453,0.6931471805599453
A group of teenagers get ready for their high school prom.,joy,Prom,Prom,1,['Comedy'],5.625,5.5,3.0,9.0,16,16,['Comedy'],1,comedy,11,58,2.833213344056216,2.833213344056216
A four-year-old declares who she will marry when she grows up.,joy,Rebecca,Rebecca,1,"['Drama', 'Mystery']",5.181818181818182,5.0,2.0,9.0,11,11,"['Drama', 'Mystery']",2,drama mystery,11,62,2.4849066497880004,2.4849066497880004
"The faithful little girl must brave the forest and the big, bad wolf to bring her grandmother a basket of goodies in this musical version of the classic fairytale.",joy,Red Riding Hood,Red Riding Hood,1,"['Fantasy', 'Thriller', 'Horror']",5.7368421052631575,4.0,2.0,10.0,38,19,"['Fantasy', 'Thriller', 'Horror']",3,fantasy thriller horror,29,163,3.6635616461296463,2.995732273553991
"In this sequel to The Blue Lagoon (1980), two children are stranded on a beautiful island in the South Pacific. With no adults to guide them, the two make a simple life together and eventually become suntanned teenagers in love.",joy,Return to the Blue Lagoon,Return to the Blue Lagoon,1,['Adventure'],4.6923076923076925,4.0,3.0,7.0,13,13,['Adventure'],1,adventure,40,228,2.6390573296152584,2.6390573296152584
"Paul Granville becomes a famous painter for his portraits of great women as modeled by the beautiful Joline Hofer. When one of Paul's paintings appears to result in a miracle, Joline's life...                See full summary »",joy,Revelation,Revelation,1,"['Fantasy', 'Horror', 'Science Fiction', 'Foreign']",5.166666666666667,4.5,2.0,9.0,6,6,"['Fantasy', 'Horror', 'Science Fiction', 'Foreign']",4,fantasy horror science_fiction foreign,36,226,1.9459101490553132,1.9459101490553132
Arjun always wanted to ride a bike but being from a middle class he is unable to buy one. Mahesh also hailing from a middle class family has to buy a bike for work. His mother gives him her...                See full summary »,joy,Ride,Ride,1,['Comedy'],5.066666666666666,4.0,3.0,9.0,30,15,['Comedy'],1,comedy,43,226,3.4339872044851463,2.772588722239781
"Two worlds collide as XAVIAS (a Boxer from an upscale family) and GISELLE (a Hip Hop Dancer from the Barrio) fall in love through their passion for Lowrider cars, only to find themselves ...                See full summary »",joy,Riders,Riders,1,"['Crime', 'Action', 'Thriller']",4.0,4.0,4.0,4.0,2,2,"['Crime', 'Action', 'Thriller']",3,crime action thriller,38,224,1.0986122886681098,1.0986122886681098
"Rocky is a love story between 2 youngsters. The film has an interesting lead character in Rocky (Yash), a do-gooder, the friendly neighbourhood samaritan who helps people by sorting out ...                See full summary »",joy,Rocky,Rocky,1,['Drama'],5.785714285714286,5.0,2.0,9.0,14,14,['Drama'],1,drama,35,223,2.70805020110221,2.70805020110221
"British based Mr. and Mrs. Roy are thrilled when their son announces that he is going to marry a Caucasian woman. Soon they are blessed when a daughter, Sonia, is born. Tragically, their ...                See full summary »",joy,Romance,Romance,1,"['Romance', 'Drama', 'Comedy']",4.5,4.5,4.0,5.0,6,2,"['Romance', 'Drama', 'Comedy']",3,romance drama comedy,38,224,1.9459101490553132,1.0986122886681098
"During a remake of the play Tristan and Isolde, actors Peter and Ana fall in love. While the characters live an idealized love, the interpreters are living a true story, which they try to spice it up with the intensity of the fiction.",joy,Romance,Romance,1,"['Romance', 'Drama', 'Comedy']",4.5,4.5,4.0,5.0,6,2,"['Romance', 'Drama', 'Comedy']",3,romance drama comedy,43,234,1.9459101490553132,1.0986122886681098
"Young Harry is in love and wants to marry an actress, much to the displeasure of his family. Harry thinks that Bishop Armstrong knows nothing about love, so Armstrong tells him the story of...                See full summary »",joy,Romance,Romance,1,"['Romance', 'Drama', 'Comedy']",4.5,4.5,4.0,5.0,6,2,"['Romance', 'Drama', 'Comedy']",3,romance drama comedy,38,226,1.9459101490553132,1.0986122886681098
Shakespeare's famous play is updated to the hip modern suburb of Verona still retaining its original dialogue.,joy,Romeo + Juliet,Romeo + Juliet,1,"['Drama', 'Romance']",9.428571428571429,9.0,9.0,10.0,7,7,"['Drama', 'Romance']",2,drama romance,17,110,2.0794415416798357,2.0794415416798357
"A novelist struggling with writer's block finds romance in a most unusual way: by creating a female character he thinks will love him, then willing her into existence.",joy,Ruby Sparks,Ruby Sparks,1,"['Comedy', 'Romance', 'Fantasy', 'Drama']",6.117647058823529,6.0,2.0,9.0,17,17,"['Comedy', 'Romance', 'Fantasy', 'Drama']",4,comedy romance fantasy drama,28,167,2.8903717578961645,2.8903717578961645
"JACQUELIN, an uptight middle class French lady (Kayla Eva), joins a dating site in search of the perfect novel-like romance and adventure she's always imagined, she connects with BAYO (...                See full summary »",joy,Run,Run,1,"['Action', 'Thriller', 'Drama']",1.0,1.0,1.0,1.0,3,1,"['Action', 'Thriller', 'Drama']",3,action thriller drama,34,222,1.3862943611198906,0.6931471805599453
"Siva (Madhavan) comes to Madras from a small Tamil Nadu town to study. He instantly falls in love with elusive stranger Priya (Meera Jasmine), who resists his charms quite persistently. ...                See full summary »",joy,Run,Run,1,"['Action', 'Thriller', 'Drama']",1.0,1.0,1.0,1.0,3,1,"['Action', 'Thriller', 'Drama']",3,action thriller drama,35,223,1.3862943611198906,0.6931471805599453
"This action movie is filled with romance and adventure. As Abhisek fights for his life against the forces of crime and injustice, he meets Bhoomika, who captures his heart.",joy,Run,Run,1,"['Action', 'Thriller', 'Drama']",1.0,1.0,1.0,1.0,3,1,"['Action', 'Thriller', 'Drama']",3,action thriller drama,29,172,1.3862943611198906,0.6931471805599453
"RUSH is a comedy about six college freshman rushing fraternities and sororities, only to have their relationships change forever.",joy,Rush,Rush,1,"['Crime', 'Drama']",6.7272727272727275,6.0,4.0,9.0,22,11,"['Crime', 'Drama']",2,crime drama,19,129,3.1354942159291497,2.4849066497880004
"Two souls arrive in a small town, one on vacation, the other to meet a lover. They spend the most magical dream-like days of their lives in that town... with each other.",joy,Saawariya,Saawariya,1,"['Drama', 'Foreign', 'Romance']",5.777777777777778,5.0,3.0,9.0,9,9,"['Drama', 'Foreign', 'Romance']",3,drama foreign romance,32,169,2.302585092994046,2.302585092994046
"An ugly duckling having undergone a remarkable change, still harbors feelings for her crush: a carefree playboy, but not before his business-focused brother has something to say about it.",joy,Sabrina,Sabrina,1,"['Comedy', 'Romance']",4.857142857142857,3.5,2.0,9.0,28,14,"['Comedy', 'Romance']",2,comedy romance,29,187,3.367295829986474,2.70805020110221
"Millionaire Baron de Courland and his fiancée Linda Stewart employ Jim Logan as a guide for their hunting trip in the jungle. Linda finds unplanned adventure in her sudden love for Jim, ...                See full summary »",joy,Safari,Safari,1,"['Adventure', 'Comedy']",5.0,5.0,5.0,5.0,1,1,"['Adventure', 'Comedy']",2,adventure comedy,37,223,0.6931471805599453,0.6931471805599453
A young cobra and his scorpion best friend go on a journey across the Sahara desert to save a new-found love.,joy,Sahara,Sahara,1,"['Action', 'Adventure', 'Drama', 'War']",6.333333333333333,7.0,2.0,9.0,72,18,"['Action', 'Adventure', 'Drama', 'War']",4,action adventure drama war,21,109,4.290459441148391,2.9444389791664403
"At age 24, Rémi Bonnet, brilliant pianist, abandons Chopin and Toulouse to play the music he has secretly loved for years - Salsa! He heads for Paris, the salsa capital of Europe, only to ...                See full summary »",joy,Salsa,Salsa,1,"['Drama', 'Music', 'Romance']",5.0,5.0,4.0,6.0,2,2,"['Drama', 'Music', 'Romance']",3,drama music romance,39,225,1.0986122886681098,1.0986122886681098
"A spiritual love-story set in the majestic landscape of Ladakh, Himalayas. Samsara is a quest; one man's struggle to find spiritual Enlightenment by renouncing the world. And one woman's ...                See full summary »",joy,Samsara,Samsara,1,"['Romance', 'Drama', 'Adventure']",7.4,8.0,3.0,9.0,30,15,"['Romance', 'Drama', 'Adventure']",3,romance drama adventure,34,224,3.4339872044851463,2.772588722239781
The story of different couples preparing for their wedding celebrations in New York City.,joy,Save the Date,Save the Date,1,"['Comedy', 'Romance']",4.333333333333333,4.0,3.0,6.0,6,6,"['Comedy', 'Romance']",2,comedy romance,14,89,1.9459101490553132,1.9459101490553132
"A couple search for each other years after the night they first met, fell in love, and separated, convinced that one day they'd end up together.",joy,Serendipity,Serendipity,1,"['Comedy', 'Romance']",7.75,9.0,3.0,10.0,12,12,"['Comedy', 'Romance']",2,comedy romance,26,144,2.5649493574615367,2.5649493574615367
"When her father goes out of town, beautiful A-student Natalie lets best friends Jeff and Polly move in. Separately and together, the trio of young teens learn much about life, love, and growing up.",joy,Seven Minutes in Heaven,Seven Minutes in Heaven,1,"['Comedy', 'Drama', 'Romance']",8.5,8.5,8.0,9.0,2,2,"['Comedy', 'Drama', 'Romance']",3,comedy drama romance,34,197,1.0986122886681098,1.0986122886681098
A high-school senior drives cross-country with his best friends to hook up with a babe he met online.,joy,Sex Drive,Sex Drive,1,"['Comedy', 'Adventure', 'Romance']",6.5,7.0,2.0,10.0,20,20,"['Comedy', 'Adventure', 'Romance']",3,comedy adventure romance,18,101,3.044522437723423,3.044522437723423
"The world's greatest ever playwright, William Shakespeare, is young, out of ideas and short of cash, but meets his ideal woman and is inspired to write one of his most famous plays.",joy,Shakespeare in Love,Shakespeare in Love,1,"['Romance', 'History']",4.333333333333333,3.0,2.0,8.0,3,3,"['Romance', 'History']",2,romance history,32,181,1.3862943611198906,1.3862943611198906
"Shanghai, 1938: A missionary woman hires a fortune hunter to help her find 1100 lbs. opium lost, as wounded need the morphine. Adventure and romance follows.",joy,Shanghai Surprise,Shanghai Surprise,1,['Adventure'],4.380952380952381,5.0,1.0,10.0,21,21,['Adventure'],1,adventure,26,157,3.091042453358316,3.091042453358316
"A group of explorers search of the legendary ""flame of life,"" a mysterious force that bestows immortality. In Vibrant Color!",joy,She,She,1,"['Adventure', 'Fantasy']",5.666666666666667,5.0,2.0,9.0,27,9,"['Adventure', 'Fantasy']",2,adventure fantasy,20,124,3.332204510175204,2.302585092994046
A morning-show host suddenly realizes what he really wants when his best friend turns out to be the subject of a romantic viral video that captures the attention of the whole nation.,joy,She's the One,She's the One,1,"['Comedy', 'Romance']",6.111111111111111,6.0,3.0,9.0,9,9,"['Comedy', 'Romance']",2,comedy romance,32,182,2.302585092994046,2.302585092994046
"A teenage werewolf falls for a girl, who helps him find a way to become human.",joy,Shiver,Shiver,1,"['Horror', 'Thriller']",4.333333333333333,4.0,4.0,5.0,3,3,"['Horror', 'Thriller']",2,horror thriller,16,78,1.3862943611198906,1.3862943611198906
A romantic comedy which tells the journey of three restless young people who junk society's syllabus for finding love and decide to follow their heart.,joy,Shuddh Desi Romance,Shuddh Desi Romance,1,"['Comedy', 'Drama', 'Romance']",4.333333333333333,4.0,3.0,6.0,12,12,"['Comedy', 'Drama', 'Romance']",3,comedy drama romance,25,151,2.5649493574615367,2.5649493574615367
"A fairy tale classic that is faithful to the fairy tale tradition, full of mystical wonder and fantastic moments and characters.",joy,Sleeping Beauty,Sleeping Beauty,1,"['Fantasy', 'Animation', 'Romance', 'Family']",3.7777777777777777,3.5,1.0,10.0,72,18,"['Fantasy', 'Animation', 'Romance', 'Family']",4,fantasy animation romance family,21,128,4.290459441148391,2.9444389791664403
"Nicky Nelson is a fast-talking sideshow barker with a wax-and-alive concession on Atlantic City's boardwalk. Even with the band of his friend, struggling musician Gene Krupa, playing on the...                See full summary »",joy,Some Like It Hot,Some Like It Hot,1,"['Comedy', 'Romance']",3.857142857142857,4.0,2.0,8.0,7,7,"['Comedy', 'Romance']",2,comedy romance,33,226,2.0794415416798357,2.0794415416798357
A swinger on the cusp of being a senior citizen with a taste for young women falls in love with an accomplished woman closer to his age.,joy,Something's Gotta Give,Something's Gotta Give,1,"['Drama', 'Comedy', 'Romance']",5.214285714285714,4.5,2.0,10.0,14,14,"['Drama', 'Comedy', 'Romance']",3,drama comedy romance,27,136,2.70805020110221,2.70805020110221
"Having gotten a taste of college life, a drastically changed farm girl returns home for Thanksgiving break with her best friend, a flamboyant party animal who is clearly a fish out of water in a small farm town.",joy,Son in Law,Son in Law,1,"['Comedy', 'Drama', 'Romance']",6.333333333333333,7.0,3.0,7.0,9,9,"['Comedy', 'Drama', 'Romance']",3,comedy drama romance,38,211,2.302585092994046,2.302585092994046
"Two sets of two college guys spend a spring break together in Fort Lauderdale, Florida. There they have lots of fun in and out of the sun.",joy,Spring Break,Spring Break,1,"['Comedy', 'Romance']",5.2,5.5,2.0,9.0,10,10,"['Comedy', 'Romance']",2,comedy romance,27,138,2.3978952727983707,2.3978952727983707
Three women vacation together at a popular travel destination for college co-eds on spring break.,joy,Spring Breakdown,Spring Breakdown,1,['Comedy'],7.083333333333333,6.5,4.0,10.0,12,12,['Comedy'],1,comedy,15,97,2.5649493574615367,2.5649493574615367
"In a countryside town bordering on a magical land, a young man makes a promise to his beloved that he'll retrieve a fallen star by venturing into the magical realm.",joy,Stardust,Stardust,1,"['Adventure', 'Fantasy', 'Romance', 'Family']",6.85,9.0,2.0,10.0,40,20,"['Adventure', 'Fantasy', 'Romance', 'Family']",4,adventure fantasy romance family,30,164,3.713572066704308,3.044522437723423
"When an ambitious young artist falls in love with an aspiring writer, their romance takes them on an amazing journey of self-discovery and magical realism, until her secret illness forces them to face reality.",joy,Stardust,Stardust,1,"['Adventure', 'Fantasy', 'Romance', 'Family']",6.85,9.0,2.0,10.0,40,20,"['Adventure', 'Fantasy', 'Romance', 'Family']",4,adventure fantasy romance family,34,209,3.713572066704308,3.044522437723423
An American one-hit wonder finds love in a Nigerian gospel singer.,joy,Stay,Stay,1,"['Mystery', 'Thriller', 'Drama']",8.058823529411764,9.0,2.0,10.0,34,17,"['Mystery', 'Thriller', 'Drama']",3,mystery thriller drama,11,66,3.5553480614894135,2.8903717578961645
"Five years later, Tony Manero's Saturday Night Fever is still burning. Now he's strutting toward his biggest challenge yet: succeeding as a dancer on the Broadway stage.",joy,Staying Alive,Staying Alive,1,"['Drama', 'Action', 'Music', 'Romance']",6.368421052631579,9.0,2.0,10.0,19,19,"['Drama', 'Action', 'Music', 'Romance']",4,drama action music romance,27,169,2.995732273553991,2.995732273553991
"Tyler Gage receives the opportunity of a lifetime after vandalizing a performing arts school, gaining him the chance to earn a scholarship and dance with an up and coming dancer, Nora.",joy,Step Up,Step Up,1,"['Music', 'Drama', 'Romance', 'Crime']",7.2105263157894735,8.0,3.0,10.0,19,19,"['Music', 'Drama', 'Romance', 'Crime']",4,music drama romance crime,31,184,2.995732273553991,2.995732273553991
Romantic sparks occur between two dance students from different backgrounds at the Maryland School of the Arts.,joy,Step Up 2: The Streets,Step Up 2: The Streets,1,"['Music', 'Drama', 'Romance']",6.857142857142857,7.0,2.0,10.0,21,21,"['Music', 'Drama', 'Romance']",3,music drama romance,17,111,3.091042453358316,3.091042453358316
"All-stars from the previous Step Up installments come together in glittering Las Vegas, battling for a victory that could define their dreams and their careers.",joy,Step Up All In,Step Up All In,1,"['Romance', 'Drama', 'Music']",6.0588235294117645,6.0,2.0,10.0,17,17,"['Romance', 'Drama', 'Music']",3,romance drama music,25,160,2.8903717578961645,2.8903717578961645
A love story about a young composer and a famous singer who last her memory.,joy,Storm,Storm,1,"['Drama', 'Foreign', 'Mystery', 'Thriller']",3.7142857142857144,4.0,2.0,7.0,14,7,"['Drama', 'Foreign', 'Mystery', 'Thriller']",4,drama foreign mystery thriller,15,76,2.70805020110221,2.0794415416798357
Several alumni reminisce about their final year at St. Theresa's College and the events that shaped their lives.,joy,Student of the Year,Student of the Year,1,"['Comedy', 'Drama', 'Music']",6.0,5.5,3.0,9.0,12,12,"['Comedy', 'Drama', 'Music']",3,comedy drama music,18,112,2.5649493574615367,2.5649493574615367
Larry Baker is a young fireman whose daring exploits have led him to receiving a lot of newspaper publicity which goes to his head.,joy,Suicide Squad,Suicide Squad,1,"['Action', 'Adventure', 'Crime', 'Fantasy', 'Science Fiction']",5.4,5.5,2.0,10.0,20,20,"['Action', 'Adventure', 'Crime', 'Fantasy', 'Science Fiction']",5,action adventure crime fantasy science_fiction,24,131,3.044522437723423,3.044522437723423
A neighborhood rock band gets a job playing at a summer camp.,joy,Summer Love,Summer Love,1,"['TV Movie', 'Romance']",5.0,5.0,2.0,8.0,7,7,"['TV Movie', 'Romance']",2,tv_movie romance,12,61,2.0794415416798357,2.0794415416798357
SUMMER BECOMES AN UNFORGETTABLE SEASON FOR FOUR YOUNGSTERS WHO EXPERIENCE TRUE LOVE FOR THE FIRST TIME.,joy,Summer Love,Summer Love,1,"['TV Movie', 'Romance']",5.0,5.0,2.0,8.0,7,7,"['TV Movie', 'Romance']",2,tv_movie romance,16,103,2.0794415416798357,2.0794415416798357
"A young woman from New York City is set to be married. She goes home to visit her parents in Sun Valley to plan the wedding. While there, she discovers the rich history. All while falling in and out of love.",joy,Sunshine,Sunshine,1,"['Drama', 'History']",6.666666666666667,8.0,2.0,9.0,30,15,"['Drama', 'History']",2,drama history,41,207,3.4339872044851463,2.772588722239781
"Two Indonesian students in the U.S. are brought together by a party. That night they make a pact - one day they will write a book, a science fiction romance titled ""The Tale of the Knight, the Princess, and the Shooting Star"".",joy,Supernova,Supernova,1,"['Horror', 'Science Fiction', 'Thriller']",1.9166666666666667,1.0,1.0,6.0,48,24,"['Horror', 'Science Fiction', 'Thriller']",3,horror science_fiction thriller,42,226,3.8918202981106265,3.2188758248682006
"A nerdy Catholic schoolgirl, Mary Katherine Gallagher, dreams of superstardom.",joy,Superstar,Superstar,1,"['Comedy', 'Family']",5.8,7.0,3.0,9.0,10,5,"['Comedy', 'Family']",2,comedy family,10,78,2.3978952727983707,1.791759469228055
An aspiring actress falls in love with a big movie star.,joy,Superstar,Superstar,1,"['Comedy', 'Family']",5.8,7.0,3.0,9.0,10,5,"['Comedy', 'Family']",2,comedy family,11,56,2.3978952727983707,1.791759469228055
"The magically long-haired Rapunzel has spent her entire life in a tower, but now that a runaway thief has stumbled upon her, she is about to discover the world for the first time, and who she really is.",joy,Tangled,Tangled,1,"['Animation', 'Family']",8.590909090909092,10.0,2.0,10.0,44,22,"['Animation', 'Family']",2,animation family,38,202,3.8066624897703196,3.1354942159291497
"A Playful Sex Comedy About a Couple Looking to Spice Up Their Sex Life. Written and Directed by Thomas G. Waites From Movie Classics Including ""The Thing.""",joy,Target,Target,1,[],2.642857142857143,1.0,1.0,8.0,42,14,[],0,unknown_genre,27,155,3.7612001156935624,2.70805020110221
"Daphne's life is peaceful. She has solid marriage with a successful lawyer, two charming children and a nice local bookshop. Recently her father passed away and left her a good deal of ...                See full summary »",joy,Temptation,Temptation,1,['Drama'],6.0,6.0,4.0,8.0,3,3,['Drama'],1,drama,37,222,1.3862943611198906,1.3862943611198906
"The true love between a couple in 1910, 1960 and 2012. Their love is so strong that even destiny wants to bring them together.",joy,Teri Meri Kahaani,Teri Meri Kahaani,1,"['Comedy', 'Drama', 'Romance', 'Foreign']",6.111111111111111,5.0,3.0,10.0,9,9,"['Comedy', 'Drama', 'Romance', 'Foreign']",4,comedy drama romance foreign,24,126,2.302585092994046,2.302585092994046
"Young Kenneth Jamieson's millionaire father, fed up with his son's wild escapades, sends him to stay on a chicken farm in the small village of Dedham. On the day he arrives there pretty ...                See full summary »",joy,Thank You,Thank You,1,"['Drama', 'Comedy', 'Romance', 'Foreign']",4.9375,4.5,2.0,10.0,16,16,"['Drama', 'Comedy', 'Romance', 'Foreign']",4,drama comedy romance foreign,38,223,2.833213344056216,2.833213344056216
A Southern California coed parties with her roommates and flirts with a surfer next door.,joy,The Allnighter,The Allnighter,1,"['Comedy', 'Romance']",4.888888888888889,5.0,4.0,6.0,9,9,"['Comedy', 'Romance']",2,comedy romance,15,89,2.302585092994046,2.302585092994046
"In Alsace just before the World War, beautiful, virtuous peasant Marie Ducrot, who falls in love with Count Karl von Hagen--a lieutenant in the German Army--is seen visiting Karl in his ...                See full summary »",joy,The Awakening,The Awakening,1,['Horror'],4.454545454545454,5.0,2.0,6.0,22,11,['Horror'],1,horror,36,223,3.1354942159291497,2.4849066497880004
"On vacation in Thailand, Richard sets out for an island rumored to be a solitary beach paradise.",joy,The Beach,The Beach,1,"['Drama', 'Adventure', 'Romance', 'Thriller']",7.384615384615385,8.0,4.0,10.0,26,13,"['Drama', 'Adventure', 'Romance', 'Thriller']",4,drama adventure romance thriller,17,96,3.295836866004329,2.6390573296152584
An Italian epic that follows the lives of two brothers from the 1960s to the 2000s.,joy,The Best of Youth,The Best of Youth,1,['Drama'],5.333333333333333,6.0,2.0,9.0,9,9,['Drama'],1,drama,16,83,2.302585092994046,2.302585092994046
"In the Victorian period, two children are shipwrecked on a tropical island in the South Pacific and fall in love while growing up together.",joy,The Blue Lagoon,The Blue Lagoon,1,"['Romance', 'Adventure', 'Drama']",7.0,8.0,2.0,10.0,30,15,"['Romance', 'Adventure', 'Drama']",3,romance adventure drama,24,139,3.4339872044851463,2.772588722239781
"Bruno and Sonia, a young couple living off her benefit and the thefts committed by his gang, have a new source of money: their newborn son.",joy,The Child,The Child,1,"['Romance', 'Drama']",4.714285714285714,5.0,4.0,5.0,28,7,"['Romance', 'Drama']",2,romance drama,26,139,3.367295829986474,2.0794415416798357
A young man from the suburbs with no mountaineering experience decides to climb Mt Everest to show a woman he'd do anything for her.,joy,The Climb,The Climb,1,['Action'],8.375,9.0,7.0,9.0,8,8,['Action'],1,action,24,132,2.1972245773362196,2.1972245773362196
A poetic road trip through Pulitzer prize-winning CK Williams' life.,joy,The Color of Time,The Color of Time,1,"['Drama', 'Romance']",5.0,5.0,4.0,6.0,5,5,"['Drama', 'Romance']",2,drama romance,10,68,1.791759469228055,1.791759469228055
A young ballet dancer is poised to become the principal performer in a group of ballet dancers.,joy,The Company,The Company,1,['Drama'],8.5,8.5,8.0,9.0,4,4,['Drama'],1,drama,17,95,1.6094379124341003,1.6094379124341003
Mongol chief Temujin battles against Tartar armies and for the love of the Tartar princess Bortai. Temujin becomes the emperor Genghis Khan.,joy,The Conqueror,The Conqueror,1,"['Action', 'Adventure']",3.2,1.0,1.0,10.0,15,15,"['Action', 'Adventure']",2,action adventure,22,140,2.772588722239781,2.772588722239781
"A modern re-imagining of the beloved character, The Crow, based on the original graphic novel by James O'Barr.",joy,The Crow,The Crow,1,"['Fantasy', 'Action', 'Thriller']",4.0,3.0,2.0,9.0,10,10,"['Fantasy', 'Action', 'Thriller']",3,fantasy action thriller,18,110,2.3978952727983707,2.3978952727983707
"Brooke Travers, a young society man of a roving disposition and much leisure, gets into a cab with his valet and his trunks, to go to his yacht for a cruise. Arriving at the pier, the ...                See full summary »",joy,The Dictator,The Dictator,1,['Comedy'],7.833333333333333,7.5,4.0,10.0,12,12,['Comedy'],1,comedy,41,221,2.5649493574615367,2.5649493574615367
"Gene has the world - he's a successful entrepreneur, beautiful home, beautiful car, everything he could ask for except for one thing. Then he meets Gilda and the two fall in love and marry....                See full summary »",joy,The Factory,The Factory,1,"['Crime', 'Thriller', 'Mystery']",4.75,5.0,3.0,6.0,8,8,"['Crime', 'Thriller', 'Mystery']",3,crime thriller mystery,38,226,2.1972245773362196,2.1972245773362196
"In this live-action prequel to The Flintstones (1994), the Flintstones and the Rubbles go on a trip to Rock Vegas, where Wilma Slaghoople is pursued by playboy Chip Rockefeller.",joy,The Flintstones in Viva Rock Vegas,The Flintstones in Viva Rock Vegas,1,"['Science Fiction', 'Comedy', 'Family', 'Romance']",4.739130434782608,4.0,1.0,10.0,23,23,"['Science Fiction', 'Comedy', 'Family', 'Romance']",4,science_fiction comedy family romance,29,177,3.1780538303479458,3.1780538303479458
A Brazilian princess tries to save the rain forests by introducing the world to the electrifying exotic lambada.,joy,The Forbidden Dance,The Forbidden Dance,1,[],4.875,6.0,1.0,10.0,8,8,[],0,unknown_genre,18,112,2.1972245773362196,2.1972245773362196
The most sought after woman in Hollywood inconveniently falls in love at the pinnacle of her career. She attempts to live a double life between her new lover and her famous colleagues. Love or career?,joy,The Gift,The Gift,1,"['Horror', 'Drama', 'Thriller', 'Mystery']",6.222222222222222,6.5,2.0,10.0,54,18,"['Horror', 'Drama', 'Thriller', 'Mystery']",4,horror drama thriller mystery,35,200,4.007333185232471,2.9444389791664403
A teenager's dreams come true when a former porn star moves in next door and they fall in love.,joy,The Girl Next Door,The Girl Next Door,1,['Comedy'],9.214285714285714,10.0,7.0,10.0,42,14,['Comedy'],1,comedy,19,95,3.7612001156935624,2.70805020110221
"Middle-aged married journalist goes to the beach resort of Búzios, in Brazil, to write a book. Gradually, he falls in love with his neighbor's daughter, a beautiful teenager much younger than he, ignoring the social implications.",joy,The Girl Next Door,The Girl Next Door,1,['Comedy'],9.214285714285714,10.0,7.0,10.0,42,14,['Comedy'],1,comedy,36,229,3.7612001156935624,2.70805020110221
"A prospector goes to the Klondike during the 1890s gold rush in hopes of making his fortune, and is smitten with a girl he sees in a dance hall.",joy,The Gold Rush,The Gold Rush,1,"['Adventure', 'Comedy', 'Drama']",6.2,6.0,3.0,9.0,10,10,"['Adventure', 'Comedy', 'Drama']",3,adventure comedy drama,29,144,2.3978952727983707,2.3978952727983707
"Zhang, a shy tailor's assistant, is riveted by his imperious client Miss Hua. Upon meeting her, she seduces him to make sure he will truly remember her when designing her garments, and a rapport soon develops between the two.",joy,The Hand,The Hand,1,"['Drama', 'Horror', 'Thriller']",4.0,4.0,4.0,4.0,6,3,"['Drama', 'Horror', 'Thriller']",3,drama horror thriller,39,225,1.9459101490553132,1.3862943611198906
"Embittered, ambitious Helen Chernen sees an opportunity to escape her drab small-town life by becoming a 'stage mother' to her musically-talented younger sister.",joy,The Hard Way,The Hard Way,1,"['Action', 'Comedy', 'Crime']",4.357142857142857,3.0,2.0,9.0,28,14,"['Action', 'Comedy', 'Crime']",3,action comedy crime,23,161,3.367295829986474,2.70805020110221
A newly wed man who believes he's just gotten hitched to the perfect woman encounters another lady on his honeymoon.,joy,The Heartbreak Kid,The Heartbreak Kid,1,"['Comedy', 'Romance']",5.842105263157895,6.0,2.0,10.0,38,19,"['Comedy', 'Romance']",2,comedy romance,20,116,3.6635616461296463,2.995732273553991
Live-action adaptation of Disney's animated musical version of 'The Hunchback of Notre Dame'.,joy,The Hunchback of Notre Dame,The Hunchback of Notre Dame,1,"['Drama', 'Animation', 'Family']",7.473684210526316,9.0,2.0,10.0,76,19,"['Drama', 'Animation', 'Family']",3,drama animation family,13,93,4.343805421853684,2.995732273553991
"Rudyard Kipling's classic tale of Mowgli, the orphaned jungle boy raised by wild animals, and how he becomes king of the jungle.",joy,The Jungle Book,The Jungle Book,1,"['Adventure', 'Drama', 'Family']",8.181818181818182,9.0,2.0,10.0,66,22,"['Adventure', 'Drama', 'Family']",3,adventure drama family,22,128,4.204692619390966,3.1354942159291497
"Set in 1860s Bangkok, the musical tells the story of the unconventional relationship that develops between the King of Siam and Anna, a British schoolteacher whom the King brings to teach his many wives and children.",joy,The King and I,The King and I,1,"['Animation', 'Drama', 'Family']",7.545454545454546,8.0,2.0,10.0,22,11,"['Animation', 'Drama', 'Family']",3,animation drama family,36,216,3.1354942159291497,2.4849066497880004
"Jason Robert Brown's Drama Desk Award winning musical, The Last Five Years, is an emotionally powerful and intimate show about two New Yorkers who fall in and out of love over the course of five years.",joy,The Last Five Years,The Last Five Years,1,"['Comedy', 'Drama', 'Music', 'Romance']",5.857142857142857,5.0,3.0,9.0,14,14,"['Comedy', 'Drama', 'Music', 'Romance']",4,comedy drama music romance,36,201,2.70805020110221,2.70805020110221
"The story of an adult male who, after the successful removal of a benign tumor resting against his pituitary gland, experiences all the changes and effects of puberty over a three-week period.",joy,The Late Bloomer,The Late Bloomer,1,"['Comedy', 'Drama', 'Romance']",5.428571428571429,6.0,3.0,9.0,7,7,"['Comedy', 'Drama', 'Romance']",3,comedy drama romance,32,192,2.0794415416798357,2.0794415416798357
Two best friends devise a list to find their perfect soulmates.,joy,The List,The List,1,['Thriller'],6.041666666666667,8.5,1.0,10.0,24,24,['Thriller'],1,thriller,11,63,3.2188758248682006,3.2188758248682006
A young mermaid gives up her life in the sea to love a human prince.,joy,The Little Mermaid,The Little Mermaid,1,"['Animation', 'Family']",7.071428571428571,7.0,2.0,10.0,28,14,"['Animation', 'Family']",2,animation family,15,68,3.367295829986474,2.70805020110221
"A young mermaid makes a deal with a sea witch, to trade her beautiful voice for human legs so she can discover the world above water and impress a prince.",joy,The Little Mermaid,The Little Mermaid,1,"['Animation', 'Family']",7.071428571428571,7.0,2.0,10.0,28,14,"['Animation', 'Family']",2,animation family,30,154,3.367295829986474,2.70805020110221
A young reporter and his niece discover a beautiful and enchanting creature they believe to be the real little mermaid.,joy,The Little Mermaid,The Little Mermaid,1,"['Animation', 'Family']",7.071428571428571,7.0,2.0,10.0,28,14,"['Animation', 'Family']",2,animation family,20,119,3.367295829986474,2.70805020110221
"As the story opens, a busful of tourists are touring Copenhagen. Their guide draws their attention to the beautiful statue at Langelinie. At that, the film's focus moves below the waterline, where several fish tell the story of ...",joy,The Little Mermaid,The Little Mermaid,1,"['Animation', 'Family']",7.071428571428571,7.0,2.0,10.0,28,14,"['Animation', 'Family']",2,animation family,39,231,3.367295829986474,2.70805020110221
"Lizzie McGuire has graduated from middle school and takes a trip to Rome, Italy with her class. And what was supposed to be only a normal trip, becomes a teenager's dream come true.",joy,The Lizzie McGuire Movie,The Lizzie McGuire Movie,1,"['Family', 'Comedy']",7.5,8.0,2.0,10.0,14,14,"['Family', 'Comedy']",2,family comedy,33,181,2.70805020110221,2.70805020110221
"An epic, sweeping and riveting tale of an impossible love set across two time periods and continents.",joy,The Lovers,The Lovers,1,"['Romance', 'Drama']",5.0,5.0,3.0,7.0,20,5,"['Romance', 'Drama']",2,romance drama,17,101,3.044522437723423,1.791759469228055
"Debra Winger and Tracy Letts play a long-married, dispassionate couple who are both in the midst of serious affairs. But on the brink of calling it quits, a spark between them suddenly reignites, leading them into an impulsive romance.",joy,The Lovers,The Lovers,1,"['Romance', 'Drama']",5.0,5.0,3.0,7.0,20,5,"['Romance', 'Drama']",2,romance drama,39,235,3.044522437723423,1.791759469228055
"Glory Frayne, a cabaret dancer, is in love with Red Lucas, a prizefighter whose opponent, Johnnie Regan, she meets accidentally when he comes to her cabaret performance. When Johnnie is ...                See full summary »",joy,The Main Event,The Main Event,1,"['Comedy', 'Romance']",4.8125,4.5,2.0,9.0,16,16,"['Comedy', 'Romance']",2,comedy romance,35,223,2.833213344056216,2.833213344056216
Two brothers who have just graduated from college inherit a bikini store from their aunt.,joy,The Malibu Bikini Shop,The Malibu Bikini Shop,1,['Comedy'],4.875,5.0,4.0,6.0,8,8,['Comedy'],1,comedy,15,89,2.1972245773362196,2.1972245773362196
"An immigrant in San Francisco brings Indian magic with her through spices. To keep the magic, she must never leave the spice store or touch another's skin. One day, a handsome architect bachelor enters her store.",joy,The Mistress of Spices,The Mistress of Spices,1,"['Drama', 'Romance']",4.0,4.0,4.0,4.0,2,2,"['Drama', 'Romance']",2,drama romance,36,212,1.0986122886681098,1.0986122886681098
"The story of the English exploration of Virginia, and of the changing world and loves of Pocahontas.",joy,The New World,The New World,1,"['Drama', 'History', 'Romance']",8.916666666666666,10.0,2.0,10.0,12,12,"['Drama', 'History', 'Romance']",3,drama history romance,17,100,2.5649493574615367,2.5649493574615367
A geeky professor develops a serum that transforms him into a handsome womanizer.,joy,The Nutty Professor,The Nutty Professor,1,"['Fantasy', 'Comedy', 'Romance', 'Science Fiction']",7.076923076923077,8.0,3.0,10.0,26,13,"['Fantasy', 'Comedy', 'Romance', 'Science Fiction']",4,fantasy comedy romance science_fiction,13,81,3.295836866004329,2.6390573296152584
"A timid, nearsighted chemistry teacher discovers a magical potion that can transform him into a suave and handsome Romeo. The Jekyll and Hyde game works well enough until the concoction starts to wear off at the most embarrassing times.",joy,The Nutty Professor,The Nutty Professor,1,"['Fantasy', 'Comedy', 'Romance', 'Science Fiction']",7.076923076923077,8.0,3.0,10.0,26,13,"['Fantasy', 'Comedy', 'Romance', 'Science Fiction']",4,fantasy comedy romance science_fiction,39,236,3.295836866004329,2.6390573296152584
Grossly overweight yet good-hearted professor Sherman Klump takes a special chemical that turns him into the slim but obnoxious Buddy Love.,joy,The Nutty Professor,The Nutty Professor,1,"['Fantasy', 'Comedy', 'Romance', 'Science Fiction']",7.076923076923077,8.0,3.0,10.0,26,13,"['Fantasy', 'Comedy', 'Romance', 'Science Fiction']",4,fantasy comedy romance science_fiction,21,139,3.295836866004329,2.6390573296152584
A Canadian man works as a stagehand in Toronto and falls in love with a Chinese singer of the visiting Peking Opera.,joy,The Offering,The Offering,1,"['Mystery', 'Thriller', 'Horror']",3.090909090909091,1.0,1.0,10.0,11,11,"['Mystery', 'Thriller', 'Horror']",3,mystery thriller horror,22,116,2.4849066497880004,2.4849066497880004
Priscilla Chase is a woman who has never had an orgasm.,joy,The Oh in Ohio,The Oh in Ohio,1,"['Comedy', 'Drama', 'Romance']",4.0,4.0,3.0,6.0,5,5,"['Comedy', 'Drama', 'Romance']",3,comedy drama romance,11,55,1.791759469228055,1.791759469228055
"A quick witted, edgy romantic dramedy about a young successful Manhattan investment banker living the charmed life about to marry the woman of his dreams who, a month before his wedding, ...                See full summary »",joy,The One,The One,1,"['Action', 'Science Fiction', 'Thriller']",7.809523809523809,8.0,3.0,10.0,63,21,"['Action', 'Science Fiction', 'Thriller']",3,action science_fiction thriller,36,224,4.1588830833596715,3.091042453358316
When English Mark surprises his American bride Holly with her dream honeymoon to Portugal she cant believe her luck. Mark goes to great trouble to organise everything for her. They arrive ...                See full summary »,joy,The Other Half,The Other Half,1,"['Drama', 'Romance']",5.0,5.0,5.0,5.0,1,1,"['Drama', 'Romance']",2,drama romance,36,225,0.6931471805599453,0.6931471805599453
A controversial osteopath sets out to cure the daughter of a famous surgeon - and falls in love with her in the process.,joy,The Outsider,The Outsider,1,"['Action', 'Crime', 'Drama', 'Mystery', 'Thriller']",4.7,4.5,2.0,7.0,40,10,"['Action', 'Crime', 'Drama', 'Mystery', 'Thriller']",5,action crime drama mystery thriller,23,120,3.713572066704308,2.3978952727983707
"Identical twins Annie and Hallie, separated at birth and each raised by one of their biological parents, discover each other for the first time at summer camp and make a plan to bring their wayward parents back together.",joy,The Parent Trap,The Parent Trap,1,"['Comedy', 'Family']",6.466666666666667,6.0,2.0,10.0,30,15,"['Comedy', 'Family']",2,comedy family,38,220,3.4339872044851463,2.772588722239781
"To save up for college, Brooks Rattigan creates an app where anyone can pay him to play the perfect stand-in boyfriend for any occasion.",joy,The Perfect Date,The Perfect Date,1,"['Comedy', 'Romance']",6.619047619047619,7.0,3.0,10.0,21,21,"['Comedy', 'Romance']",2,comedy romance,24,136,3.091042453358316,3.091042453358316
"George Lam is a famous conductor, Maggie Cheung an auto-mechanic; he rides a portable bicycle, she a motorcycle.",joy,The Perfect Match,The Perfect Match,1,"['Comedy', 'Romance']",5.222222222222222,5.0,2.0,9.0,9,9,"['Comedy', 'Romance']",2,comedy romance,18,112,2.302585092994046,2.302585092994046
"Zhuai is a popular handsome and capable white collar. He is uninhibited, flexible in the hedonistic modern time. Zhuai and his friend Mo play in nightclub every day, learn a lot of pretty ...                See full summary »",joy,The Perfect Match,The Perfect Match,1,"['Comedy', 'Romance']",5.222222222222222,5.0,2.0,9.0,9,9,"['Comedy', 'Romance']",2,comedy romance,38,225,2.302585092994046,2.302585092994046
"Jean and her sister, played by Macha Grenon, have a life long infatuation with the Japanese Pianist who once lived across the street from them during their high school years. The film is ...                See full summary »",joy,The Pianist,The Pianist,1,"['Drama', 'War']",7.0,8.0,3.0,9.0,5,5,"['Drama', 'War']",2,drama war,38,224,1.791759469228055,1.791759469228055
"A group of carefree high school seniors are having the time of their lives, filled with sex, romance, and teen high jinks.",joy,The Pom Pom Girls,The Pom Pom Girls,1,['Comedy'],5.0,5.0,4.0,6.0,4,4,['Comedy'],1,comedy,22,122,1.6094379124341003,1.6094379124341003
"Mia Thermopolis has just found out that she is the heir apparent to the throne of Genovia. With her friends Lilly and Michael Moscovitz in tow, she tries to navigate through the rest of her sixteenth year.",joy,The Princess Diaries,The Princess Diaries,1,"['Comedy', 'Family', 'Romance']",8.1,10.0,2.0,10.0,10,10,"['Comedy', 'Family', 'Romance']",3,comedy family romance,37,205,2.3978952727983707,2.3978952727983707
A little boy & a little girl meet while on vacation in Europe. Years later their path cross and a promise is rekindled.,joy,The Promise,The Promise,1,"['Drama', 'Romance']",9.590909090909092,10.0,7.0,10.0,88,22,"['Drama', 'Romance']",2,drama romance,23,119,4.48863636973214,3.1354942159291497
"Based on the novel by best selling author, Jodi Ellen Malpas.",joy,The Protector,The Protector,1,"['Action', 'Crime', 'Drama', 'Thriller']",4.0,4.0,4.0,4.0,4,2,"['Action', 'Crime', 'Drama', 'Thriller']",4,action crime drama thriller,11,61,1.6094379124341003,1.0986122886681098
"On the last day of the People Power Revolution in the Philippines in February 1986, 10-year-old Lucas Munozca finds himself swept up into a euphoric crowd that has entered the grounds of ...                See full summary »",joy,The Red Shoes,The Red Shoes,1,"['Drama', 'Romance']",5.769230769230769,6.0,3.0,9.0,26,13,"['Drama', 'Romance']",2,drama romance,37,224,3.295836866004329,2.6390573296152584
Two boxers compete for the love of a woman.,joy,The Ring,The Ring,1,['Drama'],8.166666666666666,8.5,5.0,10.0,36,12,['Drama'],1,drama,9,43,3.6109179126442243,2.5649493574615367
Seven close friends reunite for the wedding of two of their friends. Problems arise because the bride and the maid of honor have had a long rivalry over the groom.,joy,The Romantics,The Romantics,1,"['Comedy', 'Drama', 'Romance']",4.555555555555555,5.0,3.0,6.0,9,9,"['Comedy', 'Drama', 'Romance']",3,comedy drama romance,30,163,2.302585092994046,2.302585092994046
A comedy about a recently single guy who moves in with his womanizing brother who tries to teach him the guidelines on how to pick up girls and to stay away from love.,joy,The Rules of the Game,The Rules of the Game,1,"['Drama', 'Comedy', 'Romance']",5.083333333333333,5.0,2.0,9.0,12,12,"['Drama', 'Comedy', 'Romance']",3,drama comedy romance,33,167,2.5649493574615367,2.5649493574615367
"Faisal lives happily with his daughter and his mother as a single father. He is very serious about work when it is time, and his whole life is based on his daughter. However, when a new ...                See full summary »",joy,The Sacrifice,The Sacrifice,1,['Drama'],7.166666666666667,7.5,4.0,9.0,6,6,['Drama'],1,drama,41,223,1.9459101490553132,1.9459101490553132
"Fontaine is the London wife of Benjamin, a wealthy Arab businessman. She spends his money on her nightclub, ""The Hobo"", and partying. She hires a handsome manager, Tony, to run her club, ...                See full summary »",joy,The Stud,The Stud,1,"['Romance', 'Drama']",5.285714285714286,6.0,2.0,9.0,7,7,"['Romance', 'Drama']",2,romance drama,37,224,2.0794415416798357,2.0794415416798357
"Christina Walters spent years avoiding men, then suddenly met her perfect match while hanging with her best friends, Courtney and Jane. When she finds out that he has left town, she and Courtney set out on a trip.",joy,The Sweetest Thing,The Sweetest Thing,1,"['Romance', 'Comedy']",7.3478260869565215,8.0,2.0,10.0,23,23,"['Romance', 'Comedy']",2,romance comedy,38,213,3.1780538303479458,3.1780538303479458
"Former detective Nick Charles and his wealthy wife Nora investigate a murder case, mostly for the fun of it.",joy,The Thin Man,The Thin Man,1,"['Comedy', 'Crime', 'Mystery']",7.071428571428571,7.5,3.0,9.0,14,14,"['Comedy', 'Crime', 'Mystery']",3,comedy crime mystery,19,108,2.70805020110221,2.70805020110221
Mary Fiore is San Francisco's most successful supplier of romance and glamor. She knows all the tricks. She knows all the rules. But then she breaks the most important rule of all: she falls in love with the groom.,joy,The Wedding Planner,The Wedding Planner,1,['Comedy'],5.857142857142857,6.5,2.0,10.0,14,14,['Comedy'],1,comedy,39,214,2.70805020110221,2.70805020110221
"Molly owns a quaint little sweet shop. Joel works for a gigantic candy company threatening to shut her down. How they meet, fall in love, break up and get back together is hilariously recounted in this rom-com spoof.",joy,They Came Together,They Came Together,1,['Comedy'],7.0,7.0,2.0,10.0,15,15,['Comedy'],1,comedy,38,216,2.772588722239781,2.772588722239781
"Three ex-dads quickly discover how empty life is without their little lady, and go to outrageous lengths in their efforts to win their daughter back in this critically acclaimed and equally charming sequel.",joy,Three Men and a Little Lady,Three Men and a Little Lady,1,"['Comedy', 'Family']",7.375,8.5,3.0,10.0,16,16,"['Comedy', 'Family']",2,comedy family,33,206,2.833213344056216,2.833213344056216
"This retelling of the Hans Christian Andersen classic fairy tale has the digit-sized heroine evading the clutches of various toads, moles, and beetles before she can proceed with her courtship with her dream lover, Prince Cornelius.",joy,Thumbelina,Thumbelina,1,"['Animation', 'Drama', 'Family', 'Fantasy']",10.0,10.0,10.0,10.0,1,1,"['Animation', 'Drama', 'Family', 'Fantasy']",4,animation drama family fantasy,36,232,0.6931471805599453,0.6931471805599453
A silent film version of the Gershwin stage musical,joy,Tiptoes,Tiptoes,1,"['Comedy', 'Drama', 'Romance']",6.352941176470588,6.0,2.0,10.0,17,17,"['Comedy', 'Drama', 'Romance']",3,comedy drama romance,9,51,2.8903717578961645,2.8903717578961645
The story of a peculiar love triangle involving two brothers.,joy,Tiptoes,Tiptoes,1,"['Comedy', 'Drama', 'Romance']",6.352941176470588,6.0,2.0,10.0,17,17,"['Comedy', 'Drama', 'Romance']",3,comedy drama romance,10,61,2.8903717578961645,2.8903717578961645
A full-fledged comedy entertainer for the entire family. It is the story that goes on in a trip boat called 'Titanic' from Antarvedi to Amalapuram set against the backdrop of Godavari River...                See full summary »,joy,Titanic,Titanic,1,"['Drama', 'Romance', 'Thriller']",9.666666666666666,10.0,9.0,10.0,18,6,"['Drama', 'Romance', 'Thriller']",3,drama romance thriller,36,226,2.9444389791664403,1.9459101490553132
"Kelly, retired baseball player, brings his daughter Pat to Centerville to live. She meets Steve who lives on a farm with his Uncle Matt and Aunt Martha. Uncle Matt does not approve of ...                See full summary »",joy,Tomboy,Tomboy,1,['Drama'],4.625,4.0,2.0,7.0,16,8,['Drama'],1,drama,38,221,2.833213344056216,2.1972245773362196
"One parting married couple, plus two guys and two gals, interact during a Thanksgiving weekend at a roomy home in the Colorado Rockies.",joy,Top of the World,Top of the World,1,"['Action', 'Drama', 'Thriller']",4.0,4.0,4.0,4.0,1,1,"['Action', 'Drama', 'Thriller']",3,action drama thriller,23,135,0.6931471805599453,0.6931471805599453
A Cinderella story between a rich boy and a cosmetics salesgirl.,joy,True Love,True Love,1,"['Comedy', 'Romance']",5.0,5.0,5.0,5.0,1,1,"['Comedy', 'Romance']",2,comedy romance,11,64,0.6931471805599453,0.6931471805599453
"In this sexy and twisty ride, New York gallery owner Brooke and her husband Owen each face exceptional temptations, with most unexpected results.",joy,Trust,Trust,1,"['Drama', 'Comedy']",5.5,5.5,5.0,6.0,4,2,"['Drama', 'Comedy']",2,drama comedy,23,145,1.6094379124341003,1.0986122886681098
"Cavalier ,a second -rate actor , discovers a gorgeous talented girl who performs on stage and wants to be her Pygmalion .",joy,Twilight,Twilight,1,"['Drama', 'Crime', 'Mystery', 'Thriller']",4.846153846153846,5.0,2.0,9.0,26,13,"['Drama', 'Crime', 'Mystery', 'Thriller']",4,drama crime mystery thriller,22,121,3.295836866004329,2.6390573296152584
"When Bella Swan moves to a small town in the Pacific Northwest, she falls in love with Edward Cullen, a mysterious classmate who reveals himself to be a 108-year-old vampire.",joy,Twilight,Twilight,1,"['Drama', 'Crime', 'Mystery', 'Thriller']",4.846153846153846,5.0,2.0,9.0,26,13,"['Drama', 'Crime', 'Mystery', 'Thriller']",4,drama crime mystery thriller,30,174,3.295836866004329,2.6390573296152584
A group of unaccompanied minors bond while snowed in at the midwestern Hoover International Airport during the holiday season and ultimately create a makeshift holiday themselves.,joy,Unaccompanied Minors,Unaccompanied Minors,1,"['Comedy', 'Family']",5.333333333333333,5.0,3.0,9.0,6,6,"['Comedy', 'Family']",2,comedy family,26,179,1.9459101490553132,1.9459101490553132
"A young couple, in love and facing a life-changing decision, find one seemingly ordinary July 4th cleaved in two by the flip of a coin on the Brooklyn Bridge.",joy,Uncertainty,Uncertainty,1,"['Drama', 'Thriller', 'Romance']",4.571428571428571,4.0,3.0,6.0,7,7,"['Drama', 'Thriller', 'Romance']",3,drama thriller romance,29,158,2.0794415416798357,2.0794415416798357
"A working-class love story set in and around the London Underground of the 1920s. Two men, gentle Bill and brash Bert, meet and are attracted to the same woman on the same day at the same ...                See full summary »",joy,Underground,Underground,1,"['War', 'Drama', 'Comedy']",4.266666666666667,4.0,1.0,10.0,45,15,"['War', 'Drama', 'Comedy']",3,war drama comedy,41,225,3.828641396489095,2.772588722239781
"People reminiscing about their first love stories as they listen to love stories on the radio. During a live broadcast, a radio DJ receives a letter that shares stories from a fishing village 23 years ago.",joy,Unforgettable,Unforgettable,1,"['Drama', 'Mystery', 'Science Fiction', 'Thriller']",6.222222222222222,7.0,4.0,9.0,18,9,"['Drama', 'Mystery', 'Science Fiction', 'Thriller']",4,drama mystery science_fiction thriller,36,205,2.9444389791664403,2.302585092994046
"When a cosmic event turns Emma's dog and cat into two perfect guys, Emma reconsiders her outlook on dating, hilariously works out her trust issues, and ultimately learns to love herself.",joy,Unleashed,Unleashed,1,"['Action', 'Crime']",8.076923076923077,9.0,2.0,10.0,13,13,"['Action', 'Crime']",2,action crime,31,186,2.6390573296152584,2.6390573296152584
A playwright deserts his wife for a globe-trotting widow but returns on learning she has borne him a son.,joy,Unrest,Unrest,1,['Horror'],6.954545454545454,7.0,2.0,10.0,22,22,['Horror'],1,horror,19,105,3.1354942159291497,3.1354942159291497
"A boy meets girl love story, set in New York City. Only problem is, she's with his best friend.",joy,Vinyl,Vinyl,1,['Documentary'],4.5,4.5,4.0,5.0,2,2,['Documentary'],1,documentary,19,95,1.0986122886681098,1.0986122886681098
Young Florentines take refuge from the black plague and engage in bawdy adventures and lusty exchanges.,joy,Virgin Territory,Virgin Territory,1,"['Adventure', 'Action', 'Comedy', 'Romance']",5.666666666666667,6.0,2.0,10.0,24,24,"['Adventure', 'Action', 'Comedy', 'Romance']",4,adventure action comedy romance,16,103,3.2188758248682006,3.2188758248682006
"A chronicle of country music legend Johnny Cash's life, from his early days on an Arkansas cotton farm to his rise to fame with Sun Records in Memphis, where he recorded alongside Elvis Presley, Jerry Lee Lewis, and Carl Perkins.",joy,Walk the Line,Walk the Line,1,"['Drama', 'Music', 'Romance']",6.25,7.5,2.0,9.0,12,12,"['Drama', 'Music', 'Romance']",3,drama music romance,40,229,2.5649493574615367,2.5649493574615367
"Set to the music of popular hit songs from the 1980s. A beautiful coastal village, present day Italy. After a whirlwind romance, Maddie is preparing to marry gorgeous Italian Raf, and has ...                See full summary »",joy,Walking on Sunshine,Walking on Sunshine,1,"['Comedy', 'Romance']",4.0,4.0,4.0,4.0,3,3,"['Comedy', 'Romance']",2,comedy romance,37,225,1.3862943611198906,1.3862943611198906
"Set in the 1930s, a former veterinary student takes a job in a travelling circus and falls in love with the ringmaster's wife.",joy,Water for Elephants,Water for Elephants,1,"['Drama', 'Romance']",7.944444444444445,9.0,3.0,10.0,18,18,"['Drama', 'Romance']",2,drama romance,23,126,2.9444389791664403,2.9444389791664403
"A cocky, chauvinistic advertising executive magically acquires the ability to hear what women are thinking.",joy,What Women Want,What Women Want,1,"['Comedy', 'Romance']",7.230769230769231,7.0,4.0,10.0,26,13,"['Comedy', 'Romance']",2,comedy romance,15,107,3.295836866004329,2.6390573296152584
"Follows the lives of five interconnected couples as they experience the thrills and surprises of having a baby and realize that no matter what you plan for, life does not always deliver what is expected.",joy,What to Expect When You're Expecting,What to Expect When You're Expecting,1,"['Romance', 'Comedy', 'Drama']",5.636363636363637,5.0,2.0,10.0,22,22,"['Romance', 'Comedy', 'Drama']",3,romance comedy drama,35,203,3.1354942159291497,3.1354942159291497
"Beth is a young, ambitious New Yorker who is completely unlucky in love. However, on a whirlwind trip to Rome, she impulsively steals some coins from a reputed fountain of love, and is then aggressively pursued by a band of suitors.",joy,When in Rome,When in Rome,1,"['Fantasy', 'Comedy', 'Romance']",6.0,6.0,2.0,10.0,18,9,"['Fantasy', 'Comedy', 'Romance']",3,fantasy comedy romance,41,232,2.9444389791664403,2.302585092994046
"Four very different college girls drive to Fort Lauderdale, Florida for spring break and seek out various adventures and romance for themselves.",joy,Where the Boys Are,Where the Boys Are,1,"['Comedy', 'Drama', 'Romance']",5.833333333333333,6.0,4.0,8.0,6,6,"['Comedy', 'Drama', 'Romance']",3,comedy drama romance,22,144,1.9459101490553132,1.9459101490553132
A successful song-and-dance team become romantically involved with a sister act and team up to save the failing Vermont inn of their former commanding general.,joy,White Christmas,White Christmas,1,"['Comedy', 'Music', 'Romance']",7.5,8.0,3.0,9.0,14,14,"['Comedy', 'Music', 'Romance']",3,comedy music romance,25,159,2.70805020110221,2.70805020110221
"A young Arch Hall, Jr. is given a shot at the big time by the unscrupulous owner of a small record company played by Arch Hall, Sr. (aka William Watters).",joy,Wild Guitar,Wild Guitar,1,"['Drama', 'Music']",4.5,4.5,4.0,5.0,2,2,"['Drama', 'Music']",2,drama music,30,154,1.0986122886681098,1.0986122886681098
"A small-town girl wins a date with a male celebrity through a contest. When the date goes better than expected, a love triangle forms between the girl, the male celebrity, and the girl's best friend.",joy,Win a Date with Tad Hamilton!,Win a Date with Tad Hamilton!,1,"['Comedy', 'Romance']",6.882352941176471,8.0,2.0,10.0,17,17,"['Comedy', 'Romance']",2,comedy romance,35,199,2.8903717578961645,2.8903717578961645
"An angel tires of his purely ethereal life of merely overseeing the human activity of Berlin's residents, and longs for the tangible joys of physical existence when he falls in love with a mortal.",joy,Wings of Desire,Wings of Desire,1,"['Drama', 'Fantasy', 'Romance']",5.909090909090909,5.0,2.0,9.0,11,11,"['Drama', 'Fantasy', 'Romance']",3,drama fantasy romance,34,196,2.4849066497880004,2.4849066497880004
Gorgeous and extravert Woo meets insecure and straight-laced law clerk Tim at a blind date.,joy,Woo,Woo,1,"['Comedy', 'Romance']",4.5,4.5,2.0,7.0,12,12,"['Comedy', 'Romance']",2,comedy romance,15,91,2.5649493574615367,2.5649493574615367
"Wuthering Heights is a wild, passionate tale of the intense and demonic love between Catherine Earnshaw and Heathcliff, allegedly a Gypsy foundling adopted by Catherine's father. After Mr ...                See full summary »",joy,Wuthering Heights,Wuthering Heights,1,"['Drama', 'Romance']",4.0,4.0,4.0,4.0,8,2,"['Drama', 'Romance']",2,drama romance,33,225,2.1972245773362196,1.0986122886681098
The growing up of four teenagers is connected with the songs of the Beatles.,joy,Yesterday,Yesterday,1,['Drama'],7.111111111111111,8.0,2.0,10.0,18,18,['Drama'],1,drama,14,76,2.9444389791664403,2.9444389791664403
"Book superstore magnate Joe Fox and independent book shop owner Kathleen Kelly fall in love in the anonymity of the Internet, both blissfully unaware that he's trying to put her out of business.",joy,You've Got Mail,You've Got Mail,1,"['Comedy', 'Romance']",8.0,9.0,3.0,10.0,11,11,"['Comedy', 'Romance']",2,comedy romance,33,194,2.4849066497880004,2.4849066497880004
Zombie Honeymoon is a gore-soaked exploration of how far the boundaries of true love can be pushed without reaching a breaking point.,joy,Zombie Honeymoon,Zombie Honeymoon,1,['Horror'],7.384615384615385,8.0,5.0,9.0,13,13,['Horror'],1,horror,22,133,2.6390573296152584,2.6390573296152584
"A group of zoo animals decide to break their code of silence in order to help their lovable zookeeper find love, without opting to leave his current job for something more illustrious.",joy,Zookeeper,Zookeeper,1,"['Comedy', 'Romance', 'Family']",6.3125,7.5,2.0,10.0,16,16,"['Comedy', 'Romance', 'Family']",3,comedy romance family,32,184,2.833213344056216,2.833213344056216
Henry Roth is a man afraid of commitment until he meets the beautiful Lucy. They hit it off and Henry think he's finally found the girl of his dreams until discovering she has short-term memory loss and forgets him the next day.,optimism,50 First Dates,50 First Dates,1,"['Comedy', 'Romance']",7.421052631578948,7.0,2.0,10.0,19,19,"['Comedy', 'Romance']",2,comedy romance,42,228,2.995732273553991,2.995732273553991
"Sabine vows to give up married lovers, and is determined to find a good husband. Her best friend Clarisse introduces her to her cousin Edmond, a busy lawyer from Paris. Sabine pursues ...                See full summary »",optimism,A Good Marriage,A Good Marriage,1,"['Drama', 'Comedy', 'Romance']",4.923076923076923,5.0,3.0,9.0,26,13,"['Drama', 'Comedy', 'Romance']",3,drama comedy romance,37,221,3.295836866004329,2.6390573296152584
A Little League player is sent back into medieval times where he is given the task of saving Camelot.,optimism,A Kid in King Arthur's Court,A Kid in King Arthur's Court,1,"['Adventure', 'Fantasy', 'Comedy', 'Science Fiction', 'Family']",7.076923076923077,7.0,5.0,10.0,13,13,"['Adventure', 'Fantasy', 'Comedy', 'Science Fiction', 'Family']",5,adventure fantasy comedy science_fiction family,19,101,2.6390573296152584,2.6390573296152584
"After his master dies, a peasant squire, fueled by his desire for food and glory, creates a new identity for himself as a knight.",optimism,A Knight's Tale,A Knight's Tale,1,"['Adventure', 'Drama', 'Romance', 'Action']",7.823529411764706,8.0,2.0,10.0,17,17,"['Adventure', 'Drama', 'Romance', 'Action']",4,adventure drama romance action,24,129,2.8903717578961645,2.8903717578961645
"A film star helps a young singer and actress find fame, even as age and alcoholism send his own career on a downward spiral.",optimism,A Star Is Born,A Star Is Born,1,['Drama'],7.136363636363637,7.5,2.0,10.0,44,22,['Drama'],1,drama,24,124,3.8066624897703196,3.1354942159291497
A musician helps a young singer find fame as age and alcoholism send his own career into a downward spiral.,optimism,A Star Is Born,A Star Is Born,1,['Drama'],7.136363636363637,7.5,2.0,10.0,44,22,['Drama'],1,drama,20,107,3.8066624897703196,3.1354942159291497
"This story explores love - the shapes it takes, the ways it changes us and the exhilarating and often terrifying ride it takes us on. It is the journey of two characters, Alizeh and Ayan, as they navigate life, love and heartbreak.",optimism,Ae Dil Hai Mushkil,Ae Dil Hai Mushkil,1,"['Drama', 'Romance']",6.076923076923077,7.0,2.0,10.0,13,13,"['Drama', 'Romance']",2,drama romance,42,231,2.6390573296152584,2.6390573296152584
"With all-new gadgets, high-flying action, exciting chases and a wisecracking new handler, Derek (Anthony Anderson), Cody has to retrieve the device before the world's leaders fall under the evil control of a diabolical villain.",optimism,Agent Cody Banks 2: Destination London,Agent Cody Banks 2: Destination London,1,['Comedy'],5.2,5.0,2.0,10.0,20,20,['Comedy'],1,comedy,34,227,3.044522437723423,3.044522437723423
Louk is deep as the sea. Manja is pure as the air. Her love means: No fear. No lie. No trace.,optimism,Air,Air,1,"['Thriller', 'Science Fiction']",5.25,5.0,3.0,9.0,8,8,"['Thriller', 'Science Fiction']",2,thriller science_fiction,21,93,2.1972245773362196,2.1972245773362196
"Akhil finds himself in a tough spot when he gets dumped by Sahithi and his father disowns him. But he finds solace in Lavanya, who he meets by chance. Lavanya's kindness towards him evokes love in Akhil's heart again.",optimism,Akira,Akira,1,"['Science Fiction', 'Animation']",5.928571428571429,6.5,2.0,9.0,14,14,"['Science Fiction', 'Animation']",2,science_fiction animation,39,217,2.70805020110221,2.70805020110221
A kind-hearted street urchin and a power-hungry Grand Vizier vie for a magic lamp that has the power to make their deepest wishes come true.,optimism,Aladdin,Aladdin,1,"['Animation', 'Family', 'Comedy', 'Adventure', 'Fantasy', 'Romance']",7.0,8.5,2.0,10.0,36,18,"['Animation', 'Family', 'Comedy', 'Adventure', 'Fantasy', 'Romance']",6,animation family comedy adventure fantasy romance,25,140,3.6109179126442243,2.9444389791664403
A kindhearted street urchin and a power-hungry Grand Vizier vie for a magic lamp that has the power to make their deepest wishes come true.,optimism,Aladdin,Aladdin,1,"['Animation', 'Family', 'Comedy', 'Adventure', 'Fantasy', 'Romance']",7.0,8.5,2.0,10.0,36,18,"['Animation', 'Family', 'Comedy', 'Adventure', 'Fantasy', 'Romance']",6,animation family comedy adventure fantasy romance,25,139,3.6109179126442243,2.9444389791664403
"What would you do if you were granted your greatest wish? How would that change you? Aladdin had the perfect life, loving parents, and his whole life ahead of him. But that all changed when...                See full summary »",optimism,Aladdin,Aladdin,1,"['Animation', 'Family', 'Comedy', 'Adventure', 'Fantasy', 'Romance']",7.0,8.5,2.0,10.0,36,18,"['Animation', 'Family', 'Comedy', 'Adventure', 'Fantasy', 'Romance']",6,animation family comedy adventure fantasy romance,39,226,3.6109179126442243,2.9444389791664403
"Affected by the war and even his own family, a lonely veteran finds solace in a free spirited woman.",optimism,Alone,Alone,1,"['Drama', 'Foreign']",3.933333333333333,3.0,1.0,10.0,60,15,"['Drama', 'Foreign']",2,drama foreign,19,100,4.110873864173311,2.772588722239781
"Tells about those people whose lives have been isolated by modern lifestyles; It is also Foods, mothers, old songs and love that this movie is consists of.",optimism,Alone,Alone,1,"['Drama', 'Foreign']",3.933333333333333,3.0,1.0,10.0,60,15,"['Drama', 'Foreign']",2,drama foreign,27,155,4.110873864173311,2.772588722239781
"27-year-old virgin, Emma, learns to face who she really is and the true meaning of love while setting her goal to lose her virginity before turning 28.",optimism,American Virgin,American Virgin,1,['Comedy'],6.083333333333333,7.0,1.0,10.0,12,12,['Comedy'],1,comedy,27,151,2.5649493574615367,2.5649493574615367
"Amélie is an innocent and naive girl in Paris with her own sense of justice. She decides to help those around her and, along the way, discovers love.",optimism,Amélie,Amélie,1,"['Comedy', 'Romance']",7.666666666666667,8.0,6.0,9.0,3,3,"['Comedy', 'Romance']",2,comedy romance,28,149,1.3862943611198906,1.3862943611198906
A teen girl and her family move across the country. Upon her arrival she goes through many life struggles until finding that special someone that puts everything into perspective.,optimism,And So It Goes,And So It Goes,1,"['Comedy', 'Drama', 'Romance']",6.4,7.0,3.0,9.0,15,15,"['Comedy', 'Drama', 'Romance']",3,comedy drama romance,29,179,2.772588722239781,2.772588722239781
An ex-fighter finds redemption from his troubled past.,optimism,Any Day,Any Day,1,"['Thriller', 'Drama', 'Romance']",5.0,5.0,4.0,6.0,3,3,"['Thriller', 'Drama', 'Romance']",3,thriller drama romance,8,54,1.3862943611198906,1.3862943611198906
"Chief of Scouts Ed Bannon works for the US Army at Fort Clark, Texas and he dreams of aiding in bringing peace to the region, despite opposition from both the Army and the Apaches.",optimism,Arrowhead,Arrowhead,1,"['Action', 'Western']",5.153846153846154,6.0,2.0,7.0,26,13,"['Action', 'Western']",2,action western,34,180,3.295836866004329,2.6390573296152584
"A quiet drama offers an in-depth, realistic look at the attempts of two old-flames who reunite to see if they were meant to be together; the effort teaches them plenty about the true nature...                See full summary »",optimism,Autumn,Autumn,1,['Comedy'],3.04,1.0,1.0,10.0,50,25,['Comedy'],1,comedy,38,226,3.9318256327243257,3.258096538021482
She prepares for an imminent end... He prepares for a start with her...,optimism,Autumn Sonata,Autumn Sonata,1,"['Music', 'Drama']",7.545454545454546,7.0,6.0,9.0,11,11,"['Music', 'Drama']",2,music drama,13,71,2.4849066497880004,2.4849066497880004
A disillusioned and lonely young man working for a foreign trade company finds his enthusiasm for life revived when he meets a young woman who seems to reflect the ideals and ambitions he once had.,optimism,Awakening,Awakening,1,[],2.0,2.0,2.0,2.0,3,3,[],0,unknown_genre,35,197,1.3862943611198906,1.3862943611198906
Poolroom ace Eddie marries his girlfriend Sally but can't find work so he sends her back to her family. Things improve after he catches some crooks.,optimism,Bad Boy,Bad Boy,1,['Drama'],7.0,7.0,7.0,7.0,1,1,['Drama'],1,drama,26,148,0.6931471805599453,0.6931471805599453
"To inherit a million dollars, an egotistical man must find the women he's betrayed and convince them to forgive him.",optimism,Bad Boy,Bad Boy,1,['Drama'],7.0,7.0,7.0,7.0,1,1,['Drama'],1,drama,20,116,0.6931471805599453,0.6931471805599453
"Sheila's uncle has just died ;many of his relatives come,but ,much to their displeasure, it's his niece who inherits his private detective agency.But she must first go through a training in...                See full summary »",optimism,Bang Bang,Bang Bang,1,"['Comedy', 'Fantasy']",7.428571428571429,9.0,2.0,10.0,21,21,"['Comedy', 'Fantasy']",2,comedy fantasy,35,226,3.091042453358316,3.091042453358316
"It's more dificult to love than to be bewitched. The film has as it's central theme the loving separation, but the consequences of this separation are attributed to occult forces that ...                See full summary »",optimism,Bewitched,Bewitched,1,"['Comedy', 'Fantasy', 'Romance']",3.608695652173913,1.0,1.0,10.0,46,23,"['Comedy', 'Fantasy', 'Romance']",3,comedy fantasy romance,36,221,3.8501476017100584,3.1780538303479458
"Rachel wants it all: an education, a husband, a family. Fresh out of college, she will see what the world has in store for her.",optimism,Beyond,Beyond,1,['Drama'],6.555555555555555,8.0,2.0,9.0,36,9,['Drama'],1,drama,25,127,3.6109179126442243,2.302585092994046
"He is a dedicated workaholic who lives and breathes his work. He prefers nothing more than silence. She is an accomplished pianist working on her big-break concert. To her, music and sound ...                See full summary »",optimism,Blind Date,Blind Date,1,"['Comedy', 'Romance']",7.2105263157894735,7.0,3.0,10.0,95,19,"['Comedy', 'Romance']",2,comedy romance,37,226,4.564348191467836,2.995732273553991
A secret kept in the past can change everything in the present for Antoine Rey's family.,optimism,Boomerang,Boomerang,1,"['Comedy', 'Romance']",6.875,8.0,2.0,10.0,16,16,"['Comedy', 'Romance']",2,comedy romance,16,88,2.833213344056216,2.833213344056216
"Follows unathletic Whitney Carmichael, who signs up for an intense summer boot camp to reinvent herself and falls for her personal trainer. She then finds the strength to embrace her true self and ignore the others' expectations.",optimism,Boot Camp,Boot Camp,1,"['Drama', 'Thriller']",5.0,4.5,3.0,9.0,8,8,"['Drama', 'Thriller']",2,drama thriller,37,229,2.1972245773362196,2.1972245773362196
"Promoter Smoothie King helps a pair of phonies con their way into a movie company. As Wanda heads toward stardom, she turns more and more from King toward the matinée idol. King must decide between his plans and her happiness.",optimism,Bottoms Up,Bottoms Up,1,"['Romance', 'Comedy']",5.086956521739131,5.0,1.0,10.0,23,23,"['Romance', 'Comedy']",2,romance comedy,40,226,3.1780538303479458,3.1780538303479458
A friendship is put to the ultimate test when two best friends wind up in bed together.,optimism,Boys and Girls,Boys and Girls,1,"['Comedy', 'Drama', 'Romance']",6.2,7.0,4.0,7.0,5,5,"['Comedy', 'Drama', 'Romance']",3,comedy drama romance,17,87,1.791759469228055,1.791759469228055
"An architect returns to his birthplace to preserve the old neighbourhood. But because of his attempts, the neighbourhood is transformed.",optimism,Brick,Brick,1,"['Drama', 'Mystery']",5.857142857142857,8.0,2.0,9.0,7,7,"['Drama', 'Mystery']",2,drama mystery,20,136,2.0794415416798357,2.0794415416798357
Bridget Jones is determined to improve herself while she looks for love in a year in which she keeps a personal diary.,optimism,Bridget Jones's Diary,Bridget Jones's Diary,1,"['Comedy', 'Romance', 'Drama']",7.076923076923077,8.0,2.0,10.0,13,13,"['Comedy', 'Romance', 'Drama']",3,comedy romance drama,22,118,2.6390573296152584,2.6390573296152584
There are some things love cannot mend.,optimism,Broken,Broken,1,"['Horror', 'Thriller']",6.6,6.0,4.0,9.0,15,5,"['Horror', 'Thriller']",2,horror thriller,7,39,2.772588722239781,1.791759469228055
"Twenty-one year old Jaime reluctantly goes on a road-trip to deal with her past and understand her present. Though she may hit a few bumps along the road, her deceased father finds ways of ...                See full summary »",optimism,Butterfly,Butterfly,1,['Drama'],4.5,4.5,4.0,5.0,12,4,['Drama'],1,drama,39,226,2.5649493574615367,1.6094379124341003
"Carlos is the most prestigious tailor in Granada, but he's also a murderer in the shadows. He feels no remorse, no guilt, until Nina appears in his life and love awakens.",optimism,Cannibal,Cannibal,1,['Thriller'],6.0,6.0,6.0,6.0,4,2,['Thriller'],1,thriller,31,170,1.6094379124341003,1.0986122886681098
"A portrayal of the triumphs and tragedies of two English families, the upper-crust Marryots and the working-class Bridgeses, from 1899 to 1933.",optimism,Cavalcade,Cavalcade,1,['Drama'],4.0,4.0,4.0,4.0,1,1,['Drama'],1,drama,22,143,0.6931471805599453,0.6931471805599453
"A marketing executive tries to find Mr. Right on a Christian dating website. When impressing her dream guy ends in disaster, Gwyneth gets in touch with her spiritual side.",optimism,Christian Mingle,Christian Mingle,1,[],3.25,2.5,2.0,9.0,8,8,[],0,unknown_genre,29,171,2.1972245773362196,2.1972245773362196
A workaholic architect finds a universal remote that allows him to fast-forward and rewind to different parts of his life. Complications arise when the remote starts to overrule his choices.,optimism,Click,Click,1,"['Comedy', 'Drama', 'Fantasy', 'Romance']",7.111111111111111,8.0,2.0,10.0,18,18,"['Comedy', 'Drama', 'Fantasy', 'Romance']",4,comedy drama fantasy romance,30,190,2.9444389791664403,2.9444389791664403
"Retreating from life after a tragedy, a man questions the universe by writing to Love, Time, and Death. Receiving unexpected answers, he begins to see how these things interlock and how even loss can reveal moments of meaning and beauty.",optimism,Collateral Beauty,Collateral Beauty,1,"['Drama', 'Romance']",8.8,9.0,3.0,10.0,20,20,"['Drama', 'Romance']",2,drama romance,40,237,3.044522437723423,3.044522437723423
A women's advice expert saves a typist from eloping with a jewel-robbing artist.,optimism,Confessions,Confessions,1,"['Drama', 'Thriller', 'Mystery']",8.5,8.5,8.0,9.0,2,2,"['Drama', 'Thriller', 'Mystery']",3,drama thriller mystery,13,80,1.0986122886681098,1.0986122886681098
"John and Molly, a divorced middle aged man and a single mother meet at a friends party and start up a small relationship, all John has to do now is meet Molly's son... Cyrus",optimism,Cyrus,Cyrus,1,"['Comedy', 'Drama', 'Romance']",5.666666666666667,6.0,5.0,6.0,3,3,"['Comedy', 'Drama', 'Romance']",3,comedy drama romance,34,173,1.3862943611198906,1.3862943611198906
A member of Parliament falls passionately in love with his son's fiancée despite the dangers of discovery.,optimism,Damage,Damage,1,"['Drama', 'Romance']",4.666666666666667,5.0,3.0,6.0,9,9,"['Drama', 'Romance']",2,drama romance,17,106,2.302585092994046,2.302585092994046
"A trio of girls set out to change the male-dominated environment of the Seven Oaks college campus, and to rescue their fellow students from depression, grunge and low standards of every kind.",optimism,Damsels in Distress,Damsels in Distress,1,"['Comedy', 'Romance']",4.5,3.5,3.0,9.0,8,8,"['Comedy', 'Romance']",2,comedy romance,32,191,2.1972245773362196,2.1972245773362196
"A young classically trained Russian ballet dancer lands an audition for a film with a famous director. Pressures of Russian values and tradition force a decision between career, love, and family loyalty.",optimism,Dance with Me,Dance with Me,1,"['Drama', 'Music', 'Romance']",4.0,4.0,4.0,4.0,1,1,"['Drama', 'Music', 'Romance']",3,drama music romance,32,203,0.6931471805599453,0.6931471805599453
"Deathstalker must defend his remaining comrades, his life, and his newfound love in the battle against an evil army of stone warriors and the wicked queen who created them.",optimism,Deathstalker IV: Match of Titans,Deathstalker IV: Match of Titans,1,"['Action', 'Adventure', 'Fantasy']",6.0,5.0,4.0,9.0,3,3,"['Action', 'Adventure', 'Fantasy']",3,action adventure fantasy,29,172,1.3862943611198906,1.3862943611198906
Sunitha aspires for what is not expected of her. She has to dig deep with a new resolve and confidence to overcome familiar cliches and introduce new lifestyle choices in a traditional community.,optimism,Deep End,Deep End,1,"['Romance', 'Drama', 'Comedy']",1.0,1.0,1.0,1.0,1,1,"['Romance', 'Drama', 'Comedy']",3,romance drama comedy,33,195,0.6931471805599453,0.6931471805599453
"Delgo, an adventurous but naive teenager, must rally his group of friends to protect their world from conflict between the Lockni and Nohrin people.",optimism,Delgo,Delgo,1,"['Adventure', 'Fantasy', 'Animation', 'Comedy', 'Science Fiction', 'Family']",5.6,6.0,2.0,8.0,10,10,"['Adventure', 'Fantasy', 'Animation', 'Comedy', 'Science Fiction', 'Family']",6,adventure fantasy animation comedy science_fiction family,24,148,2.3978952727983707,2.3978952727983707
A police officer finds out the truth about a mental patient and helps him bring the perpetrators to justice.,optimism,Dilwale,Dilwale,1,"['Crime', 'Action', 'Comedy']",6.444444444444445,6.0,2.0,10.0,9,9,"['Crime', 'Action', 'Comedy']",3,crime action comedy,19,108,2.302585092994046,2.302585092994046
"After the animal communicating veterinarian goes too far for his clientele, he and his friends escape their hometown to the sea in search of the Great Pink Sea Snail.",optimism,Doctor Dolittle,Doctor Dolittle,1,"['Comedy', 'Family', 'Fantasy']",7.066666666666666,7.0,5.0,10.0,30,15,"['Comedy', 'Family', 'Fantasy']",3,comedy family fantasy,29,166,3.4339872044851463,2.772588722239781
"After a huge fight with his girlfriend, a young man heads over to his best friends condo for advice on love, life and relationships.",optimism,Doghouse,Doghouse,1,"['Comedy', 'Horror']",6.565217391304348,7.0,3.0,10.0,23,23,"['Comedy', 'Horror']",2,comedy horror,24,132,3.1780538303479458,3.1780538303479458
"A New Jersey guy dedicated to his family, friends, and church, develops unrealistic expectations from watching porn and works to find happiness and intimacy with his potential true love.",optimism,Don Jon,Don Jon,1,"['Romance', 'Comedy', 'Drama']",7.8,8.0,2.0,10.0,15,15,"['Romance', 'Comedy', 'Drama']",3,romance comedy drama,29,186,2.772588722239781,2.772588722239781
"A healthy outdoors-type follows the girl he loves to a resort for wealthy hypochondriacs. In order to prove to her and the other patients that their ""illnesses"" are all in their minds, he ...                See full summary »",optimism,Down to Earth,Down to Earth,1,"['Fantasy', 'Comedy', 'Science Fiction', 'Romance']",5.533333333333333,6.0,3.0,8.0,15,15,"['Fantasy', 'Comedy', 'Science Fiction', 'Romance']",4,fantasy comedy science_fiction romance,38,225,2.772588722239781,2.772588722239781
An old Jewish woman and her African-American chauffeur in the American South have a relationship that grows and improves over the years.,optimism,Driving Miss Daisy,Driving Miss Daisy,1,"['Comedy', 'Drama']",5.916666666666667,6.0,2.0,9.0,12,12,"['Comedy', 'Drama']",2,comedy drama,22,136,2.5649493574615367,2.5649493574615367
A clean-cut high school student relies on the school's rumor mill to advance her social and financial standing.,optimism,Easy A,Easy A,1,['Comedy'],5.533333333333333,7.0,2.0,9.0,15,15,['Comedy'],1,comedy,18,111,2.772588722239781,2.772588722239781
"Eva has just gotten married to an older gentleman. She leaves him and one day, she meets a young man and they fall in love. Fate brings the husband together with the young lover that has taken Eva from him.",optimism,Ecstasy,Ecstasy,1,"['Romance', 'Comedy', 'Crime']",4.5,4.5,4.0,5.0,2,2,"['Romance', 'Comedy', 'Crime']",3,romance comedy crime,40,206,1.0986122886681098,1.0986122886681098
"Is the story of Samantha and Dov Ernst, American Zionists who emigrated to Palestine. Kalkofsky, a German Jew and bookseller, left behind his family in Europe. He accommodates Silvia, a young revolutionary against British rule.",optimism,Eden,Eden,1,['Drama'],4.555555555555555,4.0,2.0,8.0,27,9,['Drama'],1,drama,35,227,3.332204510175204,2.302585092994046
"Cole Thornton, a gunfighter for hire, joins forces with an old friend, Sheriff J.P. Hara. Together with an old Indian fighter and a gambler, they help a rancher and his family fight a rival rancher that is trying to steal their water.",optimism,El Dorado,El Dorado,1,['Western'],6.0,6.0,6.0,6.0,2,1,['Western'],1,western,42,234,1.0986122886681098,0.6931471805599453
"A romantic triangle leads to both joy and sorrow in this drama, Pavel (Maxim Ushakov) is a goat rancher who has fallen in love with beautiful Vera (Polina Agureeva) from afar.",optimism,Euphoria,Euphoria,1,"['Drama', 'Romance']",5.5625,5.0,2.0,9.0,16,16,"['Drama', 'Romance']",2,drama romance,31,175,2.833213344056216,2.833213344056216
"It is about true love, that comes only once a life. But unfortunately a terrible disease doesn't give them chance to be happy together.",optimism,Evim Sensin,Evim Sensin,1,"['Fantasy', 'Romance']",10.0,10.0,10.0,10.0,2,2,"['Fantasy', 'Romance']",2,fantasy romance,24,135,1.0986122886681098,1.0986122886681098
A thirty-something is still living with his parents until they hire an interventionist to help him graduate out of the house. That's when the fun begins.,optimism,Failure to Launch,Failure to Launch,1,['Comedy'],6.294117647058823,7.0,3.0,10.0,17,17,['Comedy'],1,comedy,26,153,2.8903717578961645,2.8903717578961645
"Max Kirkpatrick is a cop who protects Kate McQuean, a civil law attorney, from a renegade KGB team out to terminate her.",optimism,Fair Game,Fair Game,1,"['Action', 'Thriller', 'Romance']",7.222222222222222,8.0,2.0,10.0,27,9,"['Action', 'Thriller', 'Romance']",3,action thriller romance,22,120,3.332204510175204,2.302585092994046
Two boys meet at an opera training school in Peking in 1924. Their resulting friendship will span nearly 70 years and will endure some of the most troublesome times in China's history.,optimism,Farewell My Concubine,Farewell My Concubine,1,['Drama'],7.0,7.5,3.0,9.0,10,10,['Drama'],1,drama,32,184,2.3978952727983707,2.3978952727983707
A woman creates an alter ego in hopes of overcoming the trauma inflicted by men in her life.,optimism,Felt,Felt,1,"['Drama', 'Romance', 'Horror']",4.0,4.0,4.0,4.0,1,1,"['Drama', 'Romance', 'Horror']",3,drama romance horror,18,92,0.6931471805599453,0.6931471805599453
A scientist makes a last stand on Earth with the help of a ragtag team of soldiers against an invasion of alien phantoms.,optimism,Final Fantasy: The Spirits Within,Final Fantasy: The Spirits Within,1,"['Adventure', 'Action', 'Animation', 'Fantasy', 'Science Fiction', 'Thriller']",8.636363636363637,10.0,5.0,10.0,11,11,"['Adventure', 'Action', 'Animation', 'Fantasy', 'Science Fiction', 'Thriller']",6,adventure action animation fantasy science_fiction thriller,23,121,2.4849066497880004,2.4849066497880004
Two women who are abandoned by their husbands find love and solace in each other.,optimism,Fire,Fire,1,"['Drama', 'Romance']",3.608695652173913,2.0,1.0,9.0,23,23,"['Drama', 'Romance']",2,drama romance,15,81,3.1780538303479458,3.1780538303479458
"Flash Gordon, Dale Arden and Dr. Alexis Zarkov visit the planet Mongo to thwart the evil schemes of Emperor Ming the Merciless, who has set his planet on a collision course with Earth.",optimism,Flash Gordon,Flash Gordon,1,['Science Fiction'],5.6923076923076925,6.0,2.0,9.0,26,13,['Science Fiction'],1,science_fiction,33,184,3.295836866004329,2.6390573296152584
"During the South African 70's, a young nurse ruffles feathers as she shows a small town, and its golden boy, what it means to be an independent woman.",optimism,For the Birds,For the Birds,1,"['Animation', 'Family']",8.714285714285714,9.0,7.0,9.0,7,7,"['Animation', 'Family']",2,animation family,28,150,2.0794415416798357,2.0794415416798357
"The presidencies of Kennedy and Johnson, the Vietnam War, the Watergate scandal and other historical events unfold from the perspective of an Alabama man with an IQ of 75, whose only desire is to be reunited with his childhood sweetheart.",optimism,Forrest Gump,Forrest Gump,1,"['Comedy', 'Drama', 'Romance']",2.6666666666666665,3.0,2.0,3.0,3,3,"['Comedy', 'Drama', 'Romance']",3,comedy drama romance,40,238,1.3862943611198906,1.3862943611198906
"A look in the lives of three friends, Charles, Manu and Raphaël, living and working in a skydiving center. In their own way, they will struggle to deal with issues that life puts in their paths.",optimism,Free Fall,Free Fall,1,"['Drama', 'Romance']",4.545454545454546,4.0,3.0,6.0,22,11,"['Drama', 'Romance']",2,drama romance,36,194,3.1354942159291497,2.4849066497880004
"College philosophy professor Mr. Radisson's curriculum is challenged by his new student, Josh, who believes God exists.",optimism,God's Not Dead,God's Not Dead,1,['Drama'],6.88,9.0,1.0,10.0,25,25,['Drama'],1,drama,17,119,3.258096538021482,3.258096538021482
"In order to keep the woman of his dreams from falling for another guy, Charlie Logan has to break the curse that has made him wildly popular with single women: Sleep with Charlie once, and the next man you meet will be your true love.",optimism,Good Luck Chuck,Good Luck Chuck,1,['Comedy'],5.947368421052632,6.0,2.0,10.0,19,19,['Comedy'],1,comedy,45,234,2.995732273553991,2.995732273553991
"Will Hunting, a janitor at M.I.T., has a gift for mathematics, but needs help from a psychologist to find direction in his life.",optimism,Good Will Hunting,Good Will Hunting,1,['Drama'],4.25,3.5,2.0,8.0,4,4,['Drama'],1,drama,23,128,1.6094379124341003,1.6094379124341003
"Charlie Ellison is a once-famous writer suffering from writer's block With the book advance spent, his agent and best friend Bernie sends him Dawn, a belligerent young woman, in order to inspire and check on him--but she has her own ideas.",optimism,Grace,Grace,1,"['Horror', 'Thriller']",4.666666666666667,3.0,3.0,9.0,18,6,"['Horror', 'Thriller']",2,horror thriller,41,239,2.9444389791664403,1.9459101490553132
"When Eddie, a drag-racing, hard-luck parolee moves in with his older brother Terry in hopes of that ever-elusive fresh start in life, he's sure to be warm for the form of his brother's ...                See full summary »",optimism,Grind,Grind,1,"['Action', 'Comedy']",5.166666666666667,5.0,3.0,9.0,6,6,"['Action', 'Comedy']",2,action comedy,38,222,1.9459101490553132,1.9459101490553132
An undercover agent relies on the support of an unstable therapy group while working a sting operation.,optimism,Gun Shy,Gun Shy,1,"['Action', 'Comedy', 'Romance', 'Thriller']",5.875,6.0,2.0,9.0,16,16,"['Action', 'Comedy', 'Romance', 'Thriller']",4,action comedy romance thriller,17,103,2.833213344056216,2.833213344056216
"Rick and Fred, two husbands who are having difficulty in their marriages, are given a Hall Pass by their wives: for one week, they can do whatever they want.",optimism,Hall Pass,Hall Pass,1,['Comedy'],5.714285714285714,6.0,2.0,10.0,14,14,['Comedy'],1,comedy,29,157,2.70805020110221,2.70805020110221
"As Hannah Montana's popularity begins to take over her life, Miley Stewart, on the urging from her father takes a trip to her hometown of Crowley Corners, Tennessee to get some perspective on what matters in life the most.",optimism,Hannah Montana: The Movie,Hannah Montana: The Movie,1,"['Comedy', 'Drama', 'Family', 'Music', 'Romance']",6.6,8.0,1.0,10.0,25,25,"['Comedy', 'Drama', 'Family', 'Music', 'Romance']",5,comedy drama family music romance,39,222,3.258096538021482,3.258096538021482
"Robbie and Trey are gay, middle-class, suburban professionals. Life is good. Until the son of a fundamentalist preacher moves in next door.",optimism,Hate Crime,Hate Crime,1,"['Drama', 'Thriller']",5.0,5.0,5.0,5.0,1,1,"['Drama', 'Thriller']",2,drama thriller,22,139,0.6931471805599453,0.6931471805599453
The son of Zeus and Hera is stripped of his immortality as an infant and must become a true hero in order to reclaim it.,optimism,Hercules,Hercules,1,"['Animation', 'Family', 'Fantasy', 'Adventure', 'Comedy', 'Romance']",4.142857142857143,4.0,1.0,10.0,84,21,"['Animation', 'Family', 'Fantasy', 'Adventure', 'Comedy', 'Romance']",6,animation family fantasy adventure comedy romance,25,120,4.442651256490317,3.091042453358316
"15 years ago, Andrei, under the guidance of his father, Colonel Rodina, was trained in a secret special school, where agents of the Foreign Intelligence Service were trained from teenagers....                See full summary »",optimism,Hero,Hero,1,"['Drama', 'Comedy', 'Thriller', 'Mystery']",4.5,3.5,1.0,10.0,60,20,"['Drama', 'Comedy', 'Thriller', 'Mystery']",4,drama comedy thriller mystery,34,226,4.110873864173311,3.044522437723423
Texas ranch teenager (Withers) is sent to school in San Antonio where she learns to get along with others.,optimism,High School,High School,1,['Documentary'],5.625,5.5,3.0,9.0,16,8,['Documentary'],1,documentary,19,106,2.833213344056216,2.1972245773362196
"Richard Clark has just left the well-known Wellington Academy to teach at Marion Barry High School. Now, he will try to inspire the D-average students into making good grades and try to woo a fellow teacher.",optimism,High School High,High School High,1,['Comedy'],6.181818181818182,6.0,3.0,9.0,11,11,['Comedy'],1,comedy,36,207,2.4849066497880004,2.4849066497880004
"Deceived that he had won the Prize, Connor MacLeod awakens from a peaceful life when an entombed immortal magician comes seeking the Highlander.",optimism,Highlander: The Final Dimension,Highlander: The Final Dimension,1,"['Action', 'Fantasy', 'Science Fiction']",6.285714285714286,5.5,2.0,10.0,14,14,"['Action', 'Fantasy', 'Science Fiction']",3,action fantasy science_fiction,23,144,2.70805020110221,2.70805020110221
"A romantic suspense-comedy about CIA agent Harry (Bill Pullman) and SVR agent Natasha (Irene Jacob) fighting to save the world, their lives and secret love in the post cold war Helsinki.",optimism,History Is Made at Night,History Is Made at Night,1,"['Romance', 'Drama']",4.5,4.5,4.0,5.0,2,2,"['Romance', 'Drama']",2,romance drama,31,186,1.0986122886681098,1.0986122886681098
"Holidays is a 2009 Indian Telugu film, directed by Kumar S.S and produced by Rami Reddy. The film stars Sivanag, Bhargavi, Jayaprakash Reddy, Nassar and Brahmanandam in lead roles. The music of the film was composed by Sridhar Srikanth.",optimism,Holidays,Holidays,1,"['Comedy', 'Horror']",4.714285714285714,5.0,3.0,6.0,14,14,"['Comedy', 'Horror']",2,comedy horror,39,236,2.70805020110221,2.70805020110221
"Two couples each know their relationships is over but don't have the guts to end it--so they find themselves fighting to hold on to something they know is not worth saving. ""One of the great contemporary works of art.""--Ray Carney",optimism,Honey,Honey,1,"['Romance', 'Music', 'Family']",6.333333333333333,7.0,2.0,10.0,30,15,"['Romance', 'Music', 'Family']",3,romance music family,40,230,3.4339872044851463,2.772588722239781
When her husband comes home with a bloody shirt and a gun. Honey takes action with a basic instinct to save her husband from the night from two killers and the cops.,optimism,Honey,Honey,1,"['Romance', 'Music', 'Family']",6.333333333333333,7.0,2.0,10.0,30,15,"['Romance', 'Music', 'Family']",3,romance music family,32,165,3.4339872044851463,2.772588722239781
This is a story about one man's journey to find the truth about his beloved wife's death and the meaning of eternal love.,optimism,Honeymoon,Honeymoon,1,['Comedy'],6.7,7.0,3.0,10.0,60,20,['Comedy'],1,comedy,23,121,4.110873864173311,3.044522437723423
"Friendless Peter Klaven goes on a series of man-dates to find a Best Man for his wedding. But, when his insta-bond with his new B.F.F. puts a strain on his relationship with his fiancée, can the trio learn to live happily ever after?",optimism,"I Love You, Man","I Love You, Man",1,['Comedy'],7.571428571428571,8.0,2.0,10.0,14,14,['Comedy'],1,comedy,43,233,2.70805020110221,2.70805020110221
A molecular biologist and his laboratory partner uncover evidence that may fundamentally change society as we know it.,optimism,I Origins,I Origins,1,"['Science Fiction', 'Drama']",6.666666666666667,8.0,2.0,9.0,12,12,"['Science Fiction', 'Drama']",2,science_fiction drama,18,118,2.5649493574615367,2.5649493574615367
Two Americans in England--a wealthy playboy and an actress--join forces to stop international spies.,optimism,I Spy,I Spy,1,"['Action', 'Adventure', 'Comedy', 'Thriller']",5.8,6.0,2.0,7.0,15,15,"['Action', 'Adventure', 'Comedy', 'Thriller']",4,action adventure comedy thriller,14,100,2.772588722239781,2.772588722239781
"Contemporary Russia. Nadya gives up her dream of becoming a champion figure skater when she is hospitalized with an injury. But then she meets Sasha, a hockey player, who decides to teach her to believe in herself and her dream again.",optimism,Ice,Ice,1,['Drama'],5.0,5.0,4.0,6.0,6,6,['Drama'],1,drama,41,234,1.9459101490553132,1.9459101490553132
"Life changes in an instant for young Mia Hall after a car accident puts her in a coma. During an out-of-body experience, she must decide whether to wake up and live a life far different than she had imagined. The choice is hers if she can go on.",optimism,If I Stay,If I Stay,1,['Drama'],7.105263157894737,7.0,4.0,10.0,19,19,['Drama'],1,drama,48,245,2.995732273553991,2.995732273553991
"Theseus is a mortal man chosen by Zeus to lead the fight against the ruthless King Hyperion, who is on a rampage across Greece to obtain a weapon that can destroy humanity.",optimism,Immortals,Immortals,1,"['Fantasy', 'Action', 'Drama']",6.4375,7.0,2.0,10.0,16,16,"['Fantasy', 'Action', 'Drama']",3,fantasy action drama,32,172,2.833213344056216,2.833213344056216
Karen is not giving up on her long-term relationship. How far will she have to go to prove her love-or will she let go before it's too late?,optimism,Indebted,Indebted,1,"['Drama', 'Thriller']",4.0,4.0,4.0,4.0,1,1,"['Drama', 'Thriller']",2,drama thriller,28,140,0.6931471805599453,0.6931471805599453
"Times are tough for talented, twenty-one year old filmmaker, Donny Rocconi. He grew up in New York City, a place where either you learn fast, or lose everything. Estranged from his mother, ...                See full summary »",optimism,Insidious,Insidious,1,"['Horror', 'Thriller']",6.75,7.0,3.0,10.0,16,16,"['Horror', 'Thriller']",2,horror thriller,37,226,2.833213344056216,2.833213344056216
"In Texas, the naive Travis Rogers quits his job to marry his beloved Stephanie ""Stephi"" Lawrence and work with his father-in-law. However he decides to buy a car with his US$ 5,000.00 ...                See full summary »",optimism,It Takes Two,It Takes Two,1,"['Comedy', 'Family', 'Romance']",7.0,8.0,2.0,10.0,22,11,"['Comedy', 'Family', 'Romance']",3,comedy family romance,37,221,3.1354942159291497,2.4849066497880004
An angel is sent from Heaven to help a desperately frustrated businessman by showing him what life would have been like if he had never existed.,optimism,It's a Wonderful Life,It's a Wonderful Life,1,"['Drama', 'Family', 'Fantasy']",6.0,6.5,2.0,9.0,4,4,"['Drama', 'Family', 'Fantasy']",3,drama family fantasy,26,144,1.6094379124341003,1.6094379124341003
"J. Edgar Hoover, powerful head of the F.B.I. for nearly fifty years, looks back on his professional and personal life.",optimism,J. Edgar,J. Edgar,1,"['Drama', 'Crime', 'History']",5.5,5.5,2.0,10.0,16,16,"['Drama', 'Crime', 'History']",3,drama crime history,20,118,2.833213344056216,2.833213344056216
"When a sports agent has a moral epiphany and is fired for expressing it, he decides to put his new philosophy to the test as an independent agent with the only athlete who stays with him and his former colleague.",optimism,Jerry Maguire,Jerry Maguire,1,"['Comedy', 'Drama', 'Romance']",6.0,7.0,2.0,10.0,16,16,"['Comedy', 'Drama', 'Romance']",3,comedy drama romance,40,212,2.833213344056216,2.833213344056216
"When a hypochondriac learns that he is dying, he accepts an offer to throw himself in a volcano at a tropical island, and along the way there, learns to truly live.",optimism,Joe Versus the Volcano,Joe Versus the Volcano,1,"['Fantasy', 'Comedy', 'Science Fiction', 'Romance']",8.176470588235293,10.0,2.0,10.0,17,17,"['Fantasy', 'Comedy', 'Science Fiction', 'Romance']",4,fantasy comedy science_fiction romance,31,164,2.8903717578961645,2.8903717578961645
"Nicola, a policeman in Puglia, is a reformed ladies' man with his heart set on marrying the daughter of the Indian ambassador.",optimism,Just Married,Just Married,1,['Comedy'],5.75,6.0,2.0,10.0,16,16,['Comedy'],1,comedy,22,126,2.833213344056216,2.833213344056216
Fortune hunter Allan Quatermain teams up with a resourceful woman to help her find her missing father lost in the wilds of 1900s Africa while being pursued by hostile tribes and a rival German explorer.,optimism,King Solomon's Mines,King Solomon's Mines,1,"['Action', 'Adventure', 'Drama']",5.285714285714286,5.0,3.0,9.0,28,7,"['Action', 'Adventure', 'Drama']",3,action adventure drama,35,202,3.367295829986474,2.0794415416798357
"A look at the lives of Carlo, Giulia, and their friends some 10 years after the events of L'Ultimo bacio.",optimism,Kiss Me Again,Kiss Me Again,1,"['Comedy', 'Drama', 'Romance']",6.0,6.0,6.0,6.0,2,1,"['Comedy', 'Drama', 'Romance']",3,comedy drama romance,20,105,1.0986122886681098,0.6931471805599453
A young man must stop the Lord of Darkness from destroying daylight and marrying the woman he loves.,optimism,Legend,Legend,1,"['Adventure', 'Fantasy']",6.181818181818182,7.0,2.0,10.0,44,22,"['Adventure', 'Fantasy']",2,adventure fantasy,18,100,3.8066624897703196,3.1354942159291497
"Sophie dreams of becoming a writer and travels to Verona, Italy where she meets the ""Secretaries of Juliet"".",optimism,Letters to Juliet,Letters to Juliet,1,"['Comedy', 'Drama', 'Romance']",6.571428571428571,7.0,2.0,10.0,21,21,"['Comedy', 'Drama', 'Romance']",3,comedy drama romance,18,108,3.091042453358316,3.091042453358316
"When an open-minded Jewish waiter and his son become victims of the Holocaust, he uses a perfect mixture of will, humor, and imagination to protect his son from the dangers around their camp.",optimism,Life Is Beautiful,Life Is Beautiful,1,"['Comedy', 'Drama']",9.0,9.0,9.0,9.0,5,5,"['Comedy', 'Drama']",2,comedy drama,33,191,1.791759469228055,1.791759469228055
"A young couple must navigate a blossoming romance, amidst a war between their families' competing pizza restaurants.",optimism,Little Italy,Little Italy,1,"['Comedy', 'Crime']",5.875,5.5,3.0,9.0,8,8,"['Comedy', 'Crime']",2,comedy crime,17,116,2.1972245773362196,2.1972245773362196
A chronicle of the lives of sisters growing up in 19th-century New England.,optimism,Little Women,Little Women,1,"['Drama', 'Romance']",4.857142857142857,4.5,2.0,9.0,42,14,"['Drama', 'Romance']",2,drama romance,13,75,3.7612001156935624,2.70805020110221
"Jo March reflects back and forth on her life, telling the beloved story of the March sisters - four young women, each determined to live life on her own terms.",optimism,Little Women,Little Women,1,"['Drama', 'Romance']",4.857142857142857,4.5,2.0,9.0,42,14,"['Drama', 'Romance']",2,drama romance,30,159,3.7612001156935624,2.70805020110221
The March sisters live and grow in post-Civil War America.,optimism,Little Women,Little Women,1,"['Drama', 'Romance']",4.857142857142857,4.5,2.0,9.0,42,14,"['Drama', 'Romance']",2,drama romance,10,58,3.7612001156935624,2.70805020110221
The four daughters of a New England family fight for happiness during and after the Civil War.,optimism,Little Women,Little Women,1,"['Drama', 'Romance']",4.857142857142857,4.5,2.0,9.0,42,14,"['Drama', 'Romance']",2,drama romance,17,94,3.7612001156935624,2.70805020110221
"Lost and Found follows nine people through one week in their lives. New relationships are formed, current relationships tested and some do not get started.",optimism,Lost & Found,Lost & Found,1,"['Comedy', 'Romance']",5.846153846153846,7.0,2.0,10.0,26,13,"['Comedy', 'Romance']",2,comedy romance,25,155,3.295836866004329,2.6390573296152584
"Eight people try to end their loneliness by searching for that one person to love, who can make their life complete.",optimism,Love,Love,1,[],6.285714285714286,6.0,3.0,9.0,35,7,[],0,unknown_genre,21,116,3.58351893845611,2.0794415416798357
"Lisa never cared about longterm relationships. Her mother bets her that by the approaching Thanksgiving, she'll be single again. She meets Mike and decides to stay with him until she wins the bet, but falls for him for real.",optimism,Love Happens,Love Happens,1,"['Drama', 'Romance']",5.2105263157894735,5.0,2.0,10.0,19,19,"['Drama', 'Romance']",2,drama romance,39,224,2.995732273553991,2.995732273553991
"With the help of his uncle, a man travels to the future to try and bring his girlfriend back to life.",optimism,Love Story 2050,Love Story 2050,1,"['Science Fiction', 'Romance']",3.9473684210526314,3.0,1.0,10.0,19,19,"['Science Fiction', 'Romance']",2,science_fiction romance,21,101,2.995732273553991,2.995732273553991
"Henry Franklin is a genius scientist that spends his life in a lab. When he meets Beth Ronson, his world changes unexpectedly. He falls in love. But when Beth has an accident, Henry makes a decision that will change their world forever.",optimism,Mad Love,Mad Love,1,"['Drama', 'Family', 'Romance']",4.5,4.5,3.0,6.0,20,4,"['Drama', 'Family', 'Romance']",3,drama family romance,42,236,3.044522437723423,1.6094379124341003
"In order to win his love back, a rebellious youth accepts a deadly challenge from her father with several hurdles.",optimism,Maine Dil Tujhko Diya,Maine Dil Tujhko Diya,1,[],7.0,7.0,7.0,7.0,2,2,[],0,unknown_genre,20,114,1.0986122886681098,1.0986122886681098
An idealistic doctor must make some hard choices between his dedication to the profession and his personal life.,optimism,Men in White,Men in White,1,"['Science Fiction', 'Comedy']",4.2105263157894735,1.0,1.0,10.0,19,19,"['Science Fiction', 'Comedy']",2,science_fiction comedy,18,112,2.995732273553991,2.995732273553991
Four men take time from their personal problems to reunite as a curling team and compete in a bonspiel that will restore their honour.,optimism,Men with Brooms,Men with Brooms,1,['Comedy'],6.75,7.5,3.0,9.0,4,4,['Comedy'],1,comedy,24,134,1.6094379124341003,1.6094379124341003
"A young novelist tries to write about love, but realizes he will first need some real-life experience before taking on the subject.",optimism,Mercy,Mercy,1,"['Drama', 'Mystery', 'Thriller']",4.647058823529412,5.0,2.0,8.0,68,17,"['Drama', 'Mystery', 'Thriller']",3,drama mystery thriller,22,131,4.23410650459726,2.8903717578961645
"In a futuristic city sharply divided between the working class and the city planners, the son of the city's mastermind falls in love with a working class prophet who predicts the coming of a savior to mediate their differences.",optimism,Metropolis,Metropolis,1,"['Drama', 'Science Fiction']",5.714285714285714,5.5,2.0,9.0,28,14,"['Drama', 'Science Fiction']",2,drama science_fiction,39,227,3.367295829986474,2.70805020110221
"An older woman discovers that her multi-million dollar fortune was based on embezzlement, so she sets out to right the wrong. She goes to America to meet the young woman who is the one and ...                See full summary »",optimism,Million Dollar Baby,Million Dollar Baby,1,['Drama'],6.0,6.0,3.0,9.0,3,3,['Drama'],1,drama,40,226,1.3862943611198906,1.3862943611198906
"A modern neo-noir exploring the themes of love and friendship in an ever stratified world where human relationships are tested in the face of isolationism, technology and individualism.",optimism,Mirrors,Mirrors,1,"['Horror', 'Mystery', 'Thriller']",6.4,7.0,2.0,10.0,20,20,"['Horror', 'Mystery', 'Thriller']",3,horror mystery thriller,28,185,3.044522437723423,3.044522437723423
"A boy stands on a station platform as a train is about to leave. Should he go with his mother or stay with his father? Infinite possibilities arise from this decision. As long as he doesn't choose, anything is possible.",optimism,Mr. Nobody,Mr. Nobody,1,"['Science Fiction', 'Drama', 'Romance', 'Fantasy']",4.090909090909091,2.0,2.0,9.0,11,11,"['Science Fiction', 'Drama', 'Romance', 'Fantasy']",4,science_fiction drama romance fantasy,40,219,2.4849066497880004,2.4849066497880004
An aspiring musician is faced with a shadow from her past when she decides to plan her friend's wedding. How far can she go to make her friend happy?,optimism,My Best Friend's Wedding,My Best Friend's Wedding,1,"['Comedy', 'Romance']",6.777777777777778,7.5,2.0,10.0,18,18,"['Comedy', 'Romance']",2,comedy romance,29,149,2.9444389791664403,2.9444389791664403
An Indian Muslim man with Asperger's syndrome takes a challenge to speak to the President of the United States seriously and embarks on a cross-country journey.,optimism,My Name Is Khan,My Name Is Khan,1,"['Drama', 'Romance']",6.166666666666667,5.5,3.0,9.0,6,6,"['Drama', 'Romance']",2,drama romance,26,160,1.9459101490553132,1.9459101490553132
"Gian, a young man saves Sisi, a woman who makes drunk, depressed and wants to kill herself at a train station at night. Their love story started from this.",optimism,My Sassy Girl,My Sassy Girl,1,"['Drama', 'Comedy', 'Romance']",5.8,6.0,2.0,9.0,20,10,"['Drama', 'Comedy', 'Romance']",3,drama comedy romance,29,155,3.044522437723423,2.3978952727983707
A romantically inclined couple decide to get to know each other through letters without disclosing their identities.,optimism,Na Tum Jaano Na Hum,Na Tum Jaano Na Hum,1,"['Drama', 'Romance']",6.75,7.0,5.0,8.0,4,4,"['Drama', 'Romance']",2,drama romance,17,116,1.6094379124341003,1.6094379124341003
"Naomi and Ely have loved each other their whole lives, even though Ely isn't exactly into girls. The institution of a ""No Kiss List"" has prevented the two from rifts in the past, but bonds are tested when they both fall for the same guy.",optimism,Naomi and Ely's No Kiss List,Naomi and Ely's No Kiss List,1,"['Comedy', 'Drama', 'Romance']",6.0,6.0,3.0,9.0,5,5,"['Comedy', 'Drama', 'Romance']",3,comedy drama romance,45,237,1.791759469228055,1.791759469228055
"Trains, romance, a mysterious past. Michael Poole (Sir John Hurt) is an ex-conman, whose cons have finally caught up with him. Unaware of his past, Alice (Brenda Blethyn) joins him in a dramatic escape on the Orient Express.",optimism,Night Train,Night Train,1,"['Thriller', 'Action', 'Crime']",5.285714285714286,5.0,4.0,6.0,21,7,"['Thriller', 'Action', 'Crime']",3,thriller action crime,38,224,3.091042453358316,2.0794415416798357
"A guy and girl try to keep their relationship strictly physical, but it's not long before they learn that they want something more.",optimism,No Strings Attached,No Strings Attached,1,"['Comedy', 'Romance']",5.4,5.0,2.0,10.0,15,15,"['Comedy', 'Romance']",2,comedy romance,23,131,2.772588722239781,2.772588722239781
It is a meditative love story about two people who are drawn to each other at a time in their lives when circumstances seem to forbid them to ever be together. It is not a story of a ...                See full summary »,optimism,One Day,One Day,1,"['Drama', 'Romance']",7.1,8.5,2.0,10.0,20,20,"['Drama', 'Romance']",2,drama romance,43,220,3.044522437723423,3.044522437723423
A brief meeting of a brave woman named Lea and a man named Ara turns out to bring happiness as well as pain in it.,optimism,One Night Stand,One Night Stand,1,['Drama'],6.142857142857143,7.0,2.0,8.0,7,7,['Drama'],1,drama,25,114,2.0794415416798357,2.0794415416798357
"Sent to Earth to prepare for an invasion, a Martian scout lands amidst a swim party and tries to convince everyone that he really is who he says.",optimism,Pajama Party,Pajama Party,1,"['Comedy', 'Romance']",4.5,4.5,4.0,5.0,6,6,"['Comedy', 'Romance']",2,comedy romance,28,145,1.9459101490553132,1.9459101490553132
"After an all-night adventure, Quentin's lifelong crush, Margo, disappears, leaving behind clues that Quentin and his friends follow on the journey of a lifetime.",optimism,Paper Towns,Paper Towns,1,"['Drama', 'Mystery', 'Romance']",6.818181818181818,7.0,3.0,10.0,22,22,"['Drama', 'Mystery', 'Romance']",3,drama mystery romance,24,161,3.1354942159291497,3.1354942159291497
"Two young theologues are going to participate in an academic seminar about religions in Germany. Haj Agha Ferasati, the head of the seminary, prevents them from travelling. The young theologues convince Haj Agha and get him a visa.",optimism,Paradise,Paradise,1,"['Romance', 'Adventure']",5.2727272727272725,6.0,2.0,9.0,55,11,"['Romance', 'Adventure']",2,romance adventure,38,231,4.02535169073515,2.4849066497880004
An angel under the thumb of a ruthless gangster is saved by a trumpet player down on his luck.,optimism,Passion Play,Passion Play,1,"['Drama', 'Romance', 'Thriller']",6.695652173913044,7.0,2.0,10.0,23,23,"['Drama', 'Romance', 'Thriller']",3,drama romance thriller,19,94,3.1780538303479458,3.1780538303479458
"The true story of a heroic man, Hunter ""Patch"" Adams, determined to become a medical doctor because he enjoys helping people. He ventured where no doctor had ventured before, using humour and pathos.",optimism,Patch Adams,Patch Adams,1,"['Comedy', 'Drama']",7.363636363636363,8.0,3.0,10.0,11,11,"['Comedy', 'Drama']",2,comedy drama,33,199,2.4849066497880004,2.4849066497880004
"Father Eoin O'Donnell is unambiguous about the need to use violence to force Britain out of Ireland. He influences a young impressionable boy, Antainem to fight in the 1916 Rising. Fifty ...                See full summary »",optimism,Penance,Penance,1,['Drama'],4.444444444444445,4.0,2.0,8.0,9,9,['Drama'],1,drama,36,224,2.302585092994046,2.302585092994046
"The Darling family children receive a visit from Peter Pan, who takes them to Never Never Land where an ongoing war with the evil Pirate Captain Hook is taking place.",optimism,Peter Pan,Peter Pan,1,"['Animation', 'Music', 'Family', 'Adventure', 'Fantasy']",7.1875,7.0,5.0,9.0,80,16,"['Animation', 'Music', 'Family', 'Adventure', 'Fantasy']",5,animation music family adventure fantasy,30,166,4.394449154672439,2.833213344056216
Unrequited love motivates a guy to write about his experiences.,optimism,Playing It Cool,Playing It Cool,1,"['Comedy', 'Romance']",6.0476190476190474,6.0,2.0,10.0,21,21,"['Comedy', 'Romance']",2,comedy romance,10,63,3.091042453358316,3.091042453358316
"Sparks fly when spirited Elizabeth Bennet meets single, rich, and proud Mr. Darcy. But Mr. Darcy reluctantly finds himself falling in love with a woman beneath his class. Can each overcome their own pride and prejudice?",optimism,Pride & Prejudice,Pride & Prejudice,1,"['Drama', 'Romance']",8.083333333333334,9.5,2.0,10.0,12,12,"['Drama', 'Romance']",2,drama romance,36,219,2.5649493574615367,2.5649493574615367
"A rich prince who lives in luxury wants to attain inner peace. He leaves his riches to become an ordinary villager and from there on, his adventure begins.",optimism,Prince,Prince,1,"['Comedy', 'Drama']",5.4,5.0,2.0,10.0,15,15,"['Comedy', 'Drama']",2,comedy drama,28,155,2.772588722239781,2.772588722239781
"A Gypsy band takes lots of stuff but always in a good cause. Led by Jane Withers, they pick up a socialite (Hudson) who has amnesia. She works as a fortuneteller and raises enough money for an operation to regain her memory.",optimism,Rascals,Rascals,1,"['Comedy', 'Foreign']",2.8333333333333335,1.5,1.0,8.0,6,6,"['Comedy', 'Foreign']",2,comedy foreign,42,224,1.9459101490553132,1.9459101490553132
she was everything he did not need.,optimism,Rebecca,Rebecca,1,"['Drama', 'Mystery']",5.181818181818182,5.0,2.0,9.0,11,11,"['Drama', 'Mystery']",2,drama mystery,7,35,2.4849066497880004,2.4849066497880004
A war-torn veteran rebuilds his life and revisits his love after nineteen years.,optimism,Reunion,Reunion,1,"['Drama', 'War']",6.8,9.0,3.0,9.0,10,5,"['Drama', 'War']",2,drama war,13,80,2.3978952727983707,1.791759469228055
The Chamber of Commerce brings together the Dionne quintuplets and other people Dr. John Luke delivered. He hands out wisdom and advice to all.,optimism,Reunion,Reunion,1,"['Drama', 'War']",6.8,9.0,3.0,9.0,10,5,"['Drama', 'War']",2,drama war,24,143,2.3978952727983707,1.791759469228055
Three friends return from abroad and every one of them comes upon at something from his past. Finally they go to their hometown to save the house of one of their childhood friends from being demolished.,optimism,Reunion,Reunion,1,"['Drama', 'War']",6.8,9.0,3.0,9.0,10,5,"['Drama', 'War']",2,drama war,36,202,2.3978952727983707,1.791759469228055
A nobleman becomes the vigilante Robin Hood who protects the oppressed English people from the tyrannical Prince John.,optimism,Robin Hood,Robin Hood,1,"['Animation', 'Family']",4.5,3.0,2.0,10.0,42,14,"['Animation', 'Family']",2,animation family,18,118,3.7612001156935624,2.70805020110221
Charles is a womanizer while Elaine is a gold digger. The duo learn humanity when forced to team up and pursue robot doubles of themselves.,optimism,Robots,Robots,1,"['Animation', 'Comedy', 'Family', 'Science Fiction']",5.928571428571429,6.5,2.0,10.0,14,14,"['Animation', 'Comedy', 'Family', 'Science Fiction']",4,animation comedy family science_fiction,25,139,2.70805020110221,2.70805020110221
"In a robot world, a young idealistic inventor travels to the big city to join his inspiration's company, only to find himself opposing its sinister new management.",optimism,Robots,Robots,1,"['Animation', 'Comedy', 'Family', 'Science Fiction']",5.928571428571429,6.5,2.0,10.0,14,14,"['Animation', 'Comedy', 'Family', 'Science Fiction']",4,animation comedy family science_fiction,27,163,2.70805020110221,2.70805020110221
"It's about how a youth named ""Rush"" find love and to what lengths he goes to keep it. He deceives his lover's family and sacrifice himself for the sake of the girl he loves. When the girl ...                See full summary »",optimism,Rush,Rush,1,"['Crime', 'Drama']",6.7272727272727275,6.0,4.0,9.0,22,11,"['Crime', 'Drama']",2,crime drama,42,225,3.1354942159291497,2.4849066497880004
"Bombay-based Anjali Aggarwal lives a wealthy lifestyle with her mom, Asha, and dad, Ajit, who is the owner of Aggarwal Industries. When Asha challenges Ajit that she can run the business ...                See full summary »",optimism,Safari,Safari,1,"['Adventure', 'Comedy']",5.0,5.0,5.0,5.0,1,1,"['Adventure', 'Comedy']",2,adventure comedy,36,224,0.6931471805599453,0.6931471805599453
"In a magically realistic version of Toronto, a young man must defeat his new girlfriend's seven evil exes one by one in order to win her heart.",optimism,Scott Pilgrim vs. the World,Scott Pilgrim vs. the World,1,"['Action', 'Adventure', 'Comedy']",7.230769230769231,8.0,2.0,10.0,13,13,"['Action', 'Adventure', 'Comedy']",3,action adventure comedy,27,143,2.6390573296152584,2.6390573296152584
"When one of the brothers (Ohayn) dies, all the whole family comes for Shiva (Jewish tradition,when the family sits seven days at the home after the death one of their family). A large ...                See full summary »",optimism,Shiva,Shiva,1,"['Drama', 'Action', 'Foreign']",1.0,1.0,1.0,1.0,4,2,"['Drama', 'Action', 'Foreign']",3,drama action foreign,38,221,1.6094379124341003,1.0986122886681098
"the upmanship between an idealistic schoolmaster of the village, Tarak and Abani, a trade union leader who mixes poison in the ponds of the villagers which makes the villagers sick. He ...                See full summary »",optimism,Shooter,Shooter,1,"['Action', 'Drama', 'Mystery', 'Thriller', 'Crime']",6.833333333333333,8.0,2.0,10.0,18,18,"['Action', 'Drama', 'Mystery', 'Thriller', 'Crime']",5,action drama mystery thriller crime,36,222,2.9444389791664403,2.9444389791664403
"Reluctantly designated as the heir to the land of Far, Far Away, Shrek hatches a plan to install the rebellious Artie as the new king while Princess Fiona tries to fend off a coup d'état by the jilted Prince Charming.",optimism,Shrek the Third,Shrek the Third,1,"['Fantasy', 'Adventure', 'Animation', 'Comedy', 'Family']",5.35,6.0,2.0,9.0,20,20,"['Fantasy', 'Adventure', 'Animation', 'Comedy', 'Family']",5,fantasy adventure animation comedy family,40,217,3.044522437723423,3.044522437723423
A young woman fumbles with love and ethics as she navigates a career with one of corporate America's darlings...the pharmaceutical industry.,optimism,Side Effects,Side Effects,1,"['Thriller', 'Crime', 'Drama']",6.666666666666667,7.0,2.0,9.0,30,15,"['Thriller', 'Crime', 'Drama']",3,thriller crime drama,21,140,3.4339872044851463,2.772588722239781
A chance meeting on the street kickstarts a romance that crosses social boundaries.,optimism,Sideways,Sideways,1,"['Comedy', 'Drama', 'Romance']",5.4,4.0,2.0,9.0,20,10,"['Comedy', 'Drama', 'Romance']",3,comedy drama romance,13,83,3.044522437723423,2.3978952727983707
The story centers on a man and woman with relationship issues who decide to go on a meditation retreat that requires absolute silence for three days along with the man's best friend and recently widowed mother.,optimism,Silent Retreat,Silent Retreat,1,"['Mystery', 'Thriller', 'Horror']",3.5714285714285716,3.0,2.0,7.0,14,7,"['Mystery', 'Thriller', 'Horror']",3,mystery thriller horror,36,210,2.70805020110221,2.0794415416798357
"Freshman Neil's Vanguard stories are all he cares about...until he meets the older Julia, who pushes him to put his own fan fic online. When the website's moderator takes a special interest in Neil's work, it opens up a whole new universe.",optimism,Slash,Slash,1,['Comedy'],5.125,5.0,2.0,7.0,8,8,['Comedy'],1,comedy,42,239,2.1972245773362196,2.1972245773362196
The story follows a young man (Bobby Deol) who flees India and arrives in Australia seeking vengence for something that started in India. In Australia he meets and falls in love with the daughter of a rich and powerful man(Suresh Oberoi). The story keeps the covers on Bobby Deols plan until the end when everything is revealed as to why he is a SOLDIER.,optimism,Soldier,Soldier,1,"['Action', 'War', 'Science Fiction']",7.117647058823529,8.0,2.0,10.0,34,17,"['Action', 'War', 'Science Fiction']",3,action war science_fiction,64,354,3.5553480614894135,2.8903717578961645
A young hitchhiker meets a fire-spotter and is invited to stay with he and his teen son. A sightseeing flight in a Tiger Moth bi-plane adds to the story.,optimism,Solo,Solo,1,"['Action', 'Adventure', 'Science Fiction', 'Thriller']",5.3125,4.5,1.0,10.0,48,16,"['Action', 'Adventure', 'Science Fiction', 'Thriller']",4,action adventure science_fiction thriller,29,153,3.8918202981106265,2.833213344056216
"It follows a career-oriented girl whose priorities have always been clear for her, even if it compromises the things she really wants to do. When a typhoon worsens while she's at work, she ...                See full summary »",optimism,Stranded,Stranded,1,"['Thriller', 'Drama', 'Science Fiction']",2.8260869565217392,2.0,1.0,8.0,115,23,"['Thriller', 'Drama', 'Science Fiction']",3,thriller drama science_fiction,38,226,4.7535901911063645,3.1780538303479458
"A young person actor obtains a rapid ascent to the world of the reputation. Little by little it will see if world to change, sheltering in his work and guarding secrets that it will not be able to bear in a lot of time.",optimism,Sunset,Sunset,1,"['Action', 'Comedy', 'Crime', 'Mystery', 'Thriller']",9.0,9.0,9.0,9.0,1,1,"['Action', 'Comedy', 'Crime', 'Mystery', 'Thriller']",5,action comedy crime mystery thriller,44,219,0.6931471805599453,0.6931471805599453
"Faced with the suspicious death of their father, two brothers must motivate one another to get back on their bikes and take the Las Vegas Motocross Championships by storm.",optimism,Supercross,Supercross,1,"['Action', 'Adventure', 'Drama', 'Romance']",7.421052631578948,8.0,3.0,10.0,19,19,"['Action', 'Adventure', 'Drama', 'Romance']",4,action adventure drama romance,29,171,2.995732273553991,2.995732273553991
"Sam and Tusker are traveling across England in their old RV to visit friends, family and places from their past. Since Tusker was diagnosed with dementia two years ago, their time together is the most important thing they have.",optimism,Supernova,Supernova,1,"['Horror', 'Science Fiction', 'Thriller']",1.9166666666666667,1.0,1.0,6.0,48,24,"['Horror', 'Science Fiction', 'Thriller']",3,horror science_fiction thriller,39,227,3.8918202981106265,3.2188758248682006
"A woman lures emotionally crippled men into affairs, then helps them repair their lives.",optimism,Sweet November,Sweet November,1,"['Drama', 'Romance']",7.416666666666667,8.0,2.0,10.0,12,12,"['Drama', 'Romance']",2,drama romance,14,88,2.5649493574615367,2.5649493574615367
"A workaholic executive, and an unconventional woman agree to a personal relationship for a short period. In this short period she changes his life.",optimism,Sweet November,Sweet November,1,"['Drama', 'Romance']",7.416666666666667,8.0,2.0,10.0,12,12,"['Drama', 'Romance']",2,drama romance,24,147,2.5649493574615367,2.5649493574615367
A woman finds romance when she takes a job at an aircraft plant to help make ends meet after her husband goes off to war.,optimism,Swing Shift,Swing Shift,1,"['Comedy', 'Drama', 'Romance']",4.0,4.0,4.0,4.0,2,2,"['Comedy', 'Drama', 'Romance']",3,comedy drama romance,25,121,1.0986122886681098,1.0986122886681098
"When an encounter with the swinging scene has an unexpected impact on David's impotence, Alice thinks she might have found the solution to all their problems, but the poly-amorous world is a difficult place for a love story to flourish.",optimism,Swung,Swung,1,"['Romance', 'Drama']",4.5,4.5,4.0,5.0,2,2,"['Romance', 'Drama']",2,romance drama,40,236,1.0986122886681098,1.0986122886681098
"A slacker hatches a million-dollar idea. But, in order to see it through, he has to learn to trust his attractive corporate counterpart. Based on Max Barry's novel.",optimism,Syrup,Syrup,1,"['Drama', 'Comedy']",6.375,6.0,3.0,9.0,8,8,"['Drama', 'Comedy']",2,drama comedy,28,164,2.1972245773362196,2.1972245773362196
"The film is based on the real life of Teo, a distinguished, prominent, outstanding lawyer with a four-year marriage and two small children, who decides to accomplish her long-time secret: to transition into a trans woman.",optimism,Tamara,Tamara,1,"['Fantasy', 'Horror', 'Thriller']",5.7,5.0,3.0,9.0,10,10,"['Fantasy', 'Horror', 'Thriller']",3,fantasy horror thriller,36,221,2.3978952727983707,2.3978952727983707
"Three religions, three nations, one city in the bay of Montenegro Boka in the time of beginning the First World War. Destinies are not always directed, some of them would be changed through time, as circumstances affect personalities.",optimism,The Bay,The Bay,1,"['Horror', 'Science Fiction', 'Thriller']",6.35,8.0,2.0,9.0,20,20,"['Horror', 'Science Fiction', 'Thriller']",3,horror science_fiction thriller,38,234,3.044522437723423,3.044522437723423
"Two women, one a married middle-aged airline stewardess, and the other a free-wheeling factory worker open to experience and opportunity to meet and decide to change their lives. Moving to ...                See full summary »",optimism,The Call,The Call,1,"['Crime', 'Thriller']",6.2272727272727275,7.0,2.0,10.0,22,22,"['Crime', 'Thriller']",2,crime thriller,35,226,3.1354942159291497,3.1354942159291497
"Ariel is about to make a crucial decision that will change her life-Should she stick with her loving partner, or search for that one true love. To her best friend, Keren, the answer is ...                See full summary »",optimism,The Cave,The Cave,1,"['Action', 'Adventure', 'Horror', 'Thriller']",5.631578947368421,6.0,2.0,8.0,19,19,"['Action', 'Adventure', 'Horror', 'Thriller']",4,action adventure horror thriller,39,222,2.995732273553991,2.995732273553991
Travis and Gabby first meet as neighbors in a small coastal town and wind up in a relationship that is tested by life's most defining events.,optimism,The Choice,The Choice,1,"['Drama', 'Romance']",3.0,3.0,2.0,4.0,4,2,"['Drama', 'Romance']",2,drama romance,26,141,1.6094379124341003,1.0986122886681098
"A compassionate young man, raised in an orphanage and trained to be a doctor there, decides to leave to see the world.",optimism,The Cider House Rules,The Cider House Rules,1,['Drama'],5.0,5.0,2.0,8.0,10,10,['Drama'],1,drama,22,118,2.3978952727983707,2.3978952727983707
"Paul Dietrich, at almost 30 years old, is a fading piano prodigy. Heidi Schoonover is a talented young pianist with a promising future. When Paul hears of an upcoming competition that could make his career, he dedicates himself to winning.",optimism,The Competition,The Competition,1,"['Drama', 'Romance', 'Music']",4.75,4.5,4.0,6.0,4,4,"['Drama', 'Romance', 'Music']",3,drama romance music,40,239,1.6094379124341003,1.6094379124341003
"Tells the story of Benjamin Button, a man who starts aging backwards with consequences.",optimism,The Curious Case of Benjamin Button,The Curious Case of Benjamin Button,1,"['Fantasy', 'Drama', 'Thriller', 'Mystery', 'Romance']",7.611111111111111,8.5,2.0,10.0,18,18,"['Fantasy', 'Drama', 'Thriller', 'Mystery', 'Romance']",5,fantasy drama thriller mystery romance,14,87,2.9444389791664403,2.9444389791664403
"Dewey Dominguez must make the decision of giving the fight his all and facing the consequences or realize that in his heart he doesn't need to pursue someone else's dream and instead ""Win"" for himself.",optimism,The Fall,The Fall,1,"['Adventure', 'Fantasy', 'Drama']",5.7,5.0,2.0,9.0,10,10,"['Adventure', 'Fantasy', 'Drama']",3,adventure fantasy drama,35,201,2.3978952727983707,2.3978952727983707
"With the background of the XX century Italian history, Carlo, a retired teacher, traces the vicissitudes of his family.",optimism,The Family,The Family,1,"['Romance', 'Drama']",5.714285714285714,7.0,2.0,9.0,28,14,"['Romance', 'Drama']",2,romance drama,19,119,3.367295829986474,2.70805020110221
"Lord Windermere appears to all, including his young wife Margaret, as the perfect husband. But their happy marriage is placed at risk after Lord Windermere starts spending his afternoons ...                See full summary »",optimism,The Fan,The Fan,1,"['Drama', 'Mystery', 'Thriller']",6.95,7.0,3.0,10.0,40,20,"['Drama', 'Mystery', 'Thriller']",3,drama mystery thriller,34,224,3.713572066704308,3.044522437723423
Two teenage cancer patients begin a life-affirming journey to visit a reclusive author in Amsterdam.,optimism,The Fault in Our Stars,The Fault in Our Stars,1,"['Romance', 'Drama']",7.625,9.0,2.0,10.0,16,16,"['Romance', 'Drama']",2,romance drama,15,100,2.833213344056216,2.833213344056216
A New York advertising executive travels to a small Southern town to collect an inheritance but finds he must create a gospel choir and lead it to success before he can collect.,optimism,The Fighting Temptations,The Fighting Temptations,1,"['Comedy', 'Music', 'Romance']",5.285714285714286,5.0,4.0,6.0,7,7,"['Comedy', 'Music', 'Romance']",3,comedy music romance,32,177,2.0794415416798357,2.0794415416798357
"As a modern-day scientist, Tommy is struggling with mortality, desperately searching for the medical breakthrough that will save the life of his cancer-stricken wife, Izzi.",optimism,The Fountain,The Fountain,1,"['Drama', 'Adventure', 'Science Fiction', 'Romance']",6.6,9.0,2.0,9.0,10,5,"['Drama', 'Adventure', 'Science Fiction', 'Romance']",4,drama adventure science_fiction romance,25,172,2.3978952727983707,1.791759469228055
"Boy meets girl, they fall in love, crisis arises and happy ending ensues complicated by deafness, insensitivity to individual challenges and saved by personal sacrifice.",optimism,The Gift,The Gift,1,"['Horror', 'Drama', 'Thriller', 'Mystery']",6.222222222222222,6.5,2.0,10.0,54,18,"['Horror', 'Drama', 'Thriller', 'Mystery']",4,horror drama thriller mystery,25,169,4.007333185232471,2.9444389791664403
"In a seemingly perfect community without war, pain, suffering, differences, or choices, a young boy is chosen to learn from an elderly man about the true pain and pleasure of the ""real"" world.",optimism,The Giver,The Giver,1,"['Drama', 'Science Fiction']",6.476190476190476,7.0,2.0,10.0,21,21,"['Drama', 'Science Fiction']",2,drama science_fiction,33,192,3.091042453358316,3.091042453358316
"Anyone thinking of having a child reflects on the emotional, moral, and practical implications of bringing a baby into this world. Follow three groups of individuals whose universes cross as they make the biggest decision of their lives.",optimism,The Glass House,The Glass House,1,"['Drama', 'Thriller']",6.4,7.0,2.0,10.0,30,15,"['Drama', 'Thriller']",2,drama thriller,38,237,3.4339872044851463,2.772588722239781
"Calm and quiet Daniel starts on Wall Street. His womanizing colleague, Tommy, encourages him to meet women. He unknowingly meets Tommy's girlfriend, Beth, and ends up in her 5 women book club. Will he find the woman?",optimism,The Good Guy,The Good Guy,1,"['Comedy', 'Romance']",6.25,5.5,5.0,9.0,4,4,"['Comedy', 'Romance']",2,comedy romance,37,216,1.6094379124341003,1.6094379124341003
"Working class New York bus driver Ralph Kramden is always coming up with get-rich-quick schemes for him and his best friend, Ed Norton, who's always around to help him get in (and out of) trouble.",optimism,The Honeymooners,The Honeymooners,1,['Comedy'],3.64,1.0,1.0,10.0,25,25,['Comedy'],1,comedy,35,196,3.258096538021482,3.258096538021482
"Standing on the precipice of adulthood, a group of friends navigate new relationships, while reexamining others, during their final summer before college.",optimism,The Last Summer,The Last Summer,1,[],5.0,4.0,3.0,9.0,5,5,[],0,unknown_genre,22,154,1.791759469228055,1.791759469228055
Conrad (Jason Bateman) is helped by his old friend Dylan (Billy Crudup) and returns the favor by falling for Dylan's girlfriend Beatrice (Olivia Wilde).,optimism,The Longest Week,The Longest Week,1,"['Comedy', 'Drama']",4.923076923076923,5.0,3.0,9.0,13,13,"['Comedy', 'Drama']",2,comedy drama,24,152,2.6390573296152584,2.6390573296152584
"Pitka, an American raised outside of his country by gurus, returns to the States in order to break into the self-help business. His first challenge is to settle the romantic troubles and subsequent professional skid of a star hockey player whose wife left him for a rival athlete.",optimism,The Love Guru,The Love Guru,1,"['Comedy', 'Romance']",5.12,7.0,1.0,10.0,25,25,"['Comedy', 'Romance']",2,comedy romance,48,280,3.258096538021482,3.258096538021482
A man begins a sort of orphic voyage to find his past and lost love.,optimism,The Missing,The Missing,1,"['Thriller', 'Western', 'Adventure']",6.0625,6.5,2.0,9.0,16,16,"['Thriller', 'Western', 'Adventure']",3,thriller western adventure,15,68,2.833213344056216,2.833213344056216
"Abbie, tired of failed relationships, has a one-night-stand with her gay friend; they agree to raise the resulting baby together.",optimism,The Next Best Thing,The Next Best Thing,1,['Comedy'],8.0,8.5,5.0,10.0,12,12,['Comedy'],1,comedy,20,129,2.5649493574615367,2.5649493574615367
Mr. Miyagi is back and he takes a new pupil under his wing: a troubled adolescent girl.,optimism,The Next Karate Kid,The Next Karate Kid,1,['Adventure'],7.05,7.5,2.0,10.0,20,20,['Adventure'],1,adventure,17,87,3.044522437723423,3.044522437723423
Two sisters contend for the affection of King Henry VIII.,optimism,The Other Boleyn Girl,The Other Boleyn Girl,1,['Drama'],6.333333333333333,6.5,2.0,10.0,18,18,['Drama'],1,drama,10,57,2.9444389791664403,2.9444389791664403
"A man must fight for his fiancée's affection, after her old college friend visits with plans of rekindling more than just a friendship.",optimism,The Other Side,The Other Side,1,['Documentary'],5.5,5.0,2.0,9.0,20,10,['Documentary'],1,documentary,23,135,3.044522437723423,2.3978952727983707
"With a fulfilling career and a desirable catch of a man, Lillian looks set for a home run towards happiness, but life doesn't always turn out the way you assume it will.",optimism,The Perfect Guy,The Perfect Guy,1,"['Drama', 'Thriller']",5.1875,5.0,3.0,9.0,16,16,"['Drama', 'Thriller']",2,drama thriller,32,169,2.833213344056216,2.833213344056216
Russell (Christian Keys) and Bailey (Jazsmin Lewis) Thomas' marriage fell apart years ago but they agreed to stay together until their son Justin left home for college.,optimism,The Perfect Man,The Perfect Man,1,"['Comedy', 'Drama', 'Family', 'Romance']",6.882352941176471,7.0,2.0,10.0,17,17,"['Comedy', 'Drama', 'Family', 'Romance']",4,comedy drama family romance,27,168,2.8903717578961645,2.8903717578961645
"A bedridden boy's grandfather reads him the story of a farmboy-turned-pirate who encounters numerous obstacles, enemies and allies in his quest to be reunited with his true love.",optimism,The Princess Bride,The Princess Bride,1,"['Adventure', 'Family', 'Fantasy', 'Comedy', 'Romance']",6.125,6.5,2.0,9.0,8,8,"['Adventure', 'Family', 'Fantasy', 'Comedy', 'Romance']",5,adventure family fantasy comedy romance,28,178,2.1972245773362196,2.1972245773362196
"Es la historia de el joven Manuel, quien en su veloz moto sale a recorrer la Patagonia argentina en busca de su padre, y de si mismo. En medio de su viaje encontrará lo inesperado, que se ...                See full summary »",optimism,The Road,The Road,1,"['Drama', 'Romance']",6.545454545454546,7.0,3.0,9.0,33,11,"['Drama', 'Romance']",2,drama romance,42,225,3.5263605246161616,2.4849066497880004
"It would seem that Marie has it all: a loving husband, a charming child, and a good job. But something elusive with a terrific force continues to pull her to another life to another man. (French with English subtitles).",optimism,The Secret,The Secret,1,['Documentary'],3.6666666666666665,4.0,3.0,4.0,9,3,['Documentary'],1,documentary,39,219,2.302585092994046,1.3862943611198906
"When both he and a colleague are about to lose their job, Walter takes action by embarking on an adventure more extraordinary than anything he ever imagined.",optimism,The Secret Life of Walter Mitty,The Secret Life of Walter Mitty,1,"['Comedy', 'Fantasy', 'Romance']",7.117647058823529,8.0,2.0,10.0,34,17,"['Comedy', 'Fantasy', 'Romance']",3,comedy fantasy romance,27,157,3.5553480614894135,2.8903717578961645
"A hard-partying high school senior's philosophy on life changes when he meets the not-so-typical ""nice girl.""",optimism,The Spectacular Now,The Spectacular Now,1,"['Comedy', 'Drama', 'Romance']",6.470588235294118,6.0,2.0,9.0,17,17,"['Comedy', 'Drama', 'Romance']",3,comedy drama romance,16,109,2.8903717578961645,2.8903717578961645
"An old man suffering from insomnia, who has kept silence for many years, begins to talk after the arrival of a kind nurse and recounts memories of his remote past.",optimism,The Strangers,The Strangers,1,"['Thriller', 'Horror', 'Mystery']",6.761904761904762,8.0,3.0,10.0,21,21,"['Thriller', 'Horror', 'Mystery']",3,thriller horror mystery,30,163,3.091042453358316,3.091042453358316
"10 stories, each inspired by one of the 10 Commandments.",optimism,The Ten,The Ten,1,['Comedy'],6.4375,7.0,3.0,10.0,16,16,['Comedy'],1,comedy,10,56,2.833213344056216,2.833213344056216
"France, 1625: Young d'Artagnan heads to Paris to join the Musketeers but the evil cardinal has disbanded them - save 3. He meets the 3, Athos, Porthos and Aramis, and joins them on their quest to save the king and country.",optimism,The Three Musketeers,The Three Musketeers,1,"['Action', 'Adventure', 'Comedy']",7.3125,8.0,3.0,10.0,112,16,"['Action', 'Adventure', 'Comedy']",3,action adventure comedy,41,222,4.727387818712341,2.833213344056216
"The young Gascon D'Artagnan arrives in Paris, his heart set on joining the king's Musketeers. He is taken under the wings of three of the most respected and feared Musketeers, Porthos, ...                See full summary »",optimism,The Three Musketeers,The Three Musketeers,1,"['Action', 'Adventure', 'Comedy']",7.3125,8.0,3.0,10.0,112,16,"['Action', 'Adventure', 'Comedy']",3,action adventure comedy,36,222,4.727387818712341,2.833213344056216
"After the birth of Renesmee/Nessie, the Cullens gather other vampire clans in order to protect the child from a false allegation that puts the family in front of the Volturi.",optimism,The Twilight Saga: Breaking Dawn - Part 2,The Twilight Saga: Breaking Dawn - Part 2,1,"['Adventure', 'Fantasy', 'Drama', 'Romance']",8.45,10.0,2.0,10.0,20,20,"['Adventure', 'Fantasy', 'Drama', 'Romance']",4,adventure fantasy drama romance,30,174,3.044522437723423,3.044522437723423
"After the Civil War, ex-Confederate soldiers heading for a new life in Mexico run into ex-Union cavalrymen selling horses to the Mexican government but they must join forces to fight off Mexican bandits and revolutionaries.",optimism,The Undefeated,The Undefeated,1,['Western'],9.0,10.0,1.0,10.0,38,19,['Western'],1,western,35,223,3.6635616461296463,2.995732273553991
"Ruth Merrill and her father both are serving prison terms but her's is lighter and she is released. She becomes the wife of the wealthy Dr. Richard Boulton, who knows nothing of her past. ...                See full summary »",optimism,The Victim,The Victim,1,"['Action', 'Drama', 'Foreign']",6.375,5.5,3.0,9.0,24,8,"['Action', 'Drama', 'Foreign']",3,action drama foreign,39,225,3.2188758248682006,2.1972245773362196
"Mitch and Elizabeth (Haylie Duff) make a pact that if in ten years they are both not married, they will marry each other. After ten years Mitch surprises Elizabeth by showing up announced and following through on their pact.",optimism,The Wedding Pact,The Wedding Pact,1,"['Comedy', 'Romance']",4.0,3.0,1.0,10.0,12,12,"['Comedy', 'Romance']",2,comedy romance,39,224,2.5649493574615367,2.5649493574615367
A groomsman must navigate a slew of disasters to maintain order at his best friend's wedding reception.,optimism,The Wedding Party,The Wedding Party,1,['Comedy'],5.5,5.5,5.0,6.0,8,4,['Comedy'],1,comedy,17,103,2.1972245773362196,1.6094379124341003
Chaos prevails when a family prepares for a lavish wedding.,optimism,The Wedding Party,The Wedding Party,1,['Comedy'],5.5,5.5,5.0,6.0,8,4,['Comedy'],1,comedy,10,59,2.1972245773362196,1.6094379124341003
"Robbie, a singer, and Julia, a waitress, are both engaged, but to the wrong people. Fortune intervenes to help them discover each other.",optimism,The Wedding Singer,The Wedding Singer,1,"['Romance', 'Comedy']",7.842105263157895,9.0,2.0,10.0,19,19,"['Romance', 'Comedy']",2,romance comedy,23,136,2.995732273553991,2.995732273553991
Luke Wilson plays a good-hearted ex-con who gets a job in a retirement hotel. Three elderly residents help him win back his girlfriend as he lends them a hand in fighting hotel corruption.,optimism,The Wendell Baker Story,The Wendell Baker Story,1,"['Comedy', 'Drama', 'Romance']",4.0,4.0,4.0,4.0,3,3,"['Comedy', 'Drama', 'Romance']",3,comedy drama romance,33,188,1.3862943611198906,1.3862943611198906
"Brad is about to hook up with the girl of his dreams, but runs into a problem, no condom. So Brad sets out into the night to find one, running into many obstacles along the way, while not knowing his best friend, Leah is in love with him.",optimism,Trojan War,Trojan War,1,['Comedy'],4.0,4.0,4.0,4.0,1,1,['Comedy'],1,comedy,48,238,0.6931471805599453,0.6931471805599453
"Donna and Michael are getting married. But first, they have to plan the reception, get the tux, buy the rings, and cope with their own uncertainty about the decision. Michael fears ...                See full summary »",optimism,True Love,True Love,1,"['Comedy', 'Romance']",5.0,5.0,5.0,5.0,1,1,"['Comedy', 'Romance']",2,comedy romance,36,218,0.6931471805599453,0.6931471805599453
"Three friends meet in New York more than 20 years after a crucial event that led to their dispersion. The three reassess their past, and by so doing, they also have a chance at changing their future.",optimism,Turbulence,Turbulence,1,"['Action', 'Thriller', 'Crime']",5.857142857142857,5.5,2.0,10.0,14,14,"['Action', 'Thriller', 'Crime']",3,action thriller crime,37,199,2.70805020110221,2.70805020110221
"When God decides to destroy Earth, four angels aim to redeem mankind through a young man and woman with their own troubles.",optimism,Two of a Kind,Two of a Kind,1,"['Fantasy', 'Comedy', 'Science Fiction', 'Romance']",6.4,6.0,3.0,10.0,30,15,"['Fantasy', 'Comedy', 'Science Fiction', 'Romance']",4,fantasy comedy science_fiction romance,22,123,3.4339872044851463,2.772588722239781
Mariel and Deena have been best friends since college. Their relationship is challenged as family obligations and a tragedy force them to re-evaluate the meaning of loyalty. Will this friendship survive the ultimate test of love?,optimism,Unbreakable,Unbreakable,1,"['Science Fiction', 'Thriller', 'Drama']",9.0,9.0,8.0,10.0,12,12,"['Science Fiction', 'Thriller', 'Drama']",3,science_fiction thriller drama,36,229,2.5649493574615367,2.5649493574615367
"The unforgettable battle between first love and soulmate, fought on the battleground of one's heart and mind.",optimism,Unforgettable,Unforgettable,1,"['Drama', 'Mystery', 'Science Fiction', 'Thriller']",6.222222222222222,7.0,4.0,9.0,18,9,"['Drama', 'Mystery', 'Science Fiction', 'Thriller']",4,drama mystery science_fiction thriller,17,109,2.9444389791664403,2.302585092994046
Thirtysomething lawyer Victoria is struggling with her past and looking for stability and true love in her life. Finally she realizes that love should not always be sought.,optimism,Victoria,Victoria,1,"['Drama', 'Romance', 'Thriller']",6.05,6.5,2.0,9.0,20,20,"['Drama', 'Romance', 'Thriller']",3,drama romance thriller,28,172,3.044522437723423,3.044522437723423
"After a highly unusual zombie saves a still-living girl from an attack, the two form a relationship that sets in motion events that might transform the entire lifeless world.",optimism,Warm Bodies,Warm Bodies,1,"['Horror', 'Comedy', 'Romance']",7.2631578947368425,8.0,4.0,10.0,19,19,"['Horror', 'Comedy', 'Romance']",3,horror comedy romance,29,174,2.995732273553991,2.995732273553991
"Nora is released from prison and has only one goal in mind: to find a young neo-punk artist named Léa. Mirror of each other, these two soulmates will get to know each other and rebuild their lives together.",optimism,Wild,Wild,1,['Drama'],4.55,3.0,2.0,9.0,20,20,['Drama'],1,drama,38,206,3.044522437723423,3.044522437723423
A young farmer is chosen to undertake a perilous journey in order to protect a special baby from an evil queen.,optimism,Willow,Willow,1,"['Adventure', 'Drama', 'Action']",6.4,7.0,3.0,9.0,10,10,"['Adventure', 'Drama', 'Action']",3,adventure drama action,21,111,2.3978952727983707,2.3978952727983707
"Diana O'Toole has a perfect life, she's climbing in her career, and she and her boyfriend, Finn, are about to embark on a romantic getaway to the Galápagos. Everything is about to change when Finn has to stay back in the city.",optimism,Wish You Were Here,Wish You Were Here,1,"['Comedy', 'Drama', 'Foreign', 'Romance']",4.0,4.0,4.0,4.0,2,1,"['Comedy', 'Drama', 'Foreign', 'Romance']",4,comedy drama foreign romance,42,226,1.0986122886681098,0.6931471805599453
"Set in the future when water is hard to find, a teenage boy sets out to protect his family and survive.",optimism,Young Ones,Young Ones,1,"['Western', 'Action', 'Drama', 'Science Fiction']",6.1,6.0,3.0,9.0,10,10,"['Western', 'Action', 'Drama', 'Science Fiction']",4,western action drama science_fiction,21,103,2.3978952727983707,2.3978952727983707
"Lifelong platonic friends Zack and Miri look to solve their respective cash-flow problems by making an adult film together. As the cameras roll, however, the duo begin to sense that they may have more feelings for each other than they previously thought.",optimism,Zack and Miri Make a Porno,Zack and Miri Make a Porno,1,['Comedy'],6.0,7.0,2.0,10.0,17,17,['Comedy'],1,comedy,42,254,2.8903717578961645,2.8903717578961645
Thierry's wife Zandalee married the poet he once was. Taking over his dad's company in New Orleans gives him stress and impotence. Thierry meets his high school buddy Johnny at a bachelor party. The painter Johnny can satisfy Zandalee.,optimism,Zandalee,Zandalee,1,"['Drama', 'Romance', 'Thriller']",5.4,5.0,4.0,8.0,5,5,"['Drama', 'Romance', 'Thriller']",3,drama romance thriller,39,235,1.791759469228055,1.791759469228055
"The story revolves around Bauua Singh (Shah Rukh Khan), a vertically challenged man, who is full of charm and wit, with a pinch of arrogance. Born to a wealthy family and raised in an environment of affluence, he is challenged to broaden his horizon and find purpose in life.",optimism,Zero,Zero,1,['Drama'],8.789473684210526,10.0,2.0,10.0,38,19,['Drama'],1,drama,49,275,3.6635616461296463,2.995732273553991
Nicole has six months to get married... she just doesn't have a fiancé yet.,sadness,11/11/11,11/11/11,1,"['Horror', 'Thriller']",2.2222222222222223,1.0,1.0,6.0,9,9,"['Horror', 'Thriller']",2,horror thriller,14,75,2.302585092994046,2.302585092994046
"The appearance of a Lady in Red results in a road accident. A head of a construction company finds himself in the afterlife, however, he is sent back to his body and becomes obsessed with the mystery brought on by a Messenger of God.",sadness,11:11,11:11,1,['Horror'],3.6666666666666665,3.0,1.0,10.0,21,21,['Horror'],1,horror,44,233,3.091042453358316,3.091042453358316
Mike O'Donnell is ungrateful for how his life turned out. He gets a chance to rewrite his life when he tried to save a janitor near a bridge and jumped after him into a time vortex.,sadness,17 Again,17 Again,1,['Comedy'],6.428571428571429,7.0,2.0,10.0,21,21,['Comedy'],1,comedy,36,181,3.091042453358316,3.091042453358316
An aging ruthless businessman swaps bodies with his grandson in the wake of getting into a car accident.,sadness,18 Again!,18 Again!,1,"['Fantasy', 'Comedy']",4.0,4.0,4.0,4.0,1,1,"['Fantasy', 'Comedy']",2,fantasy comedy,18,104,0.6931471805599453,0.6931471805599453
"Set in Shimla, a local painter discovers that the woman he loves is possessed by a vengeful spirit, who wants him dead.",sadness,1920: Evil Returns,1920: Evil Returns,1,"['Thriller', 'Horror']",4.888888888888889,6.0,2.0,7.0,9,9,"['Thriller', 'Horror']",2,thriller horror,22,119,2.302585092994046,2.302585092994046
Five former friends are brought together by the death of an old friend for a final weekend trip to Las Vegas on the weekend before college graduation.,sadness,21,21,1,"['Drama', 'Crime']",6.238095238095238,7.0,3.0,10.0,21,21,"['Drama', 'Crime']",2,drama crime,27,150,3.091042453358316,3.091042453358316
"After serving as a bridesmaid 27 times, a young woman wrestles with the idea of standing by her sister's side as her sibling marries the man she's secretly in love with.",sadness,27 Dresses,27 Dresses,1,"['Comedy', 'Romance']",6.055555555555555,6.0,2.0,10.0,18,18,"['Comedy', 'Romance']",2,comedy romance,31,169,2.9444389791664403,2.9444389791664403
A transient young man breaks into empty homes to partake of the vacationing residents' lives for a few days.,sadness,3-Iron,3-Iron,1,"['Drama', 'Romance', 'Crime']",7.0588235294117645,8.0,2.0,9.0,17,17,"['Drama', 'Romance', 'Crime']",3,drama romance crime,19,108,2.8903717578961645,2.8903717578961645
"After a brutal break-up, a young man vows to stay celibate during the forty days of Lent, but finds the girl of his dreams and is unable to do anything about it.",sadness,40 Days and 40 Nights,40 Days and 40 Nights,1,"['Comedy', 'Romance']",4.529411764705882,4.0,2.0,9.0,17,17,"['Comedy', 'Romance']",2,comedy romance,32,161,2.8903717578961645,2.8903717578961645
"A young couple, bound by a seemingly ideal love, begin to unravel as unexpected opportunities spin them down a volatile and violent path and threaten the future they had always imagined.",sadness,6 Years,6 Years,1,"['Romance', 'Drama']",5.538461538461538,5.0,3.0,9.0,13,13,"['Romance', 'Drama']",2,romance drama,31,186,2.6390573296152584,2.6390573296152584
"A street cleaner saves a young woman's life, and the pair slowly fall in love until war intervenes.",sadness,7th Heaven,7th Heaven,1,"['War', 'Drama', 'Romance']",7.0,7.0,7.0,7.0,1,1,"['War', 'Drama', 'Romance']",3,war drama romance,18,99,0.6931471805599453,0.6931471805599453
"A British investment broker inherits his uncle's chateau and vineyard in Provence, where he spent much of his childhood. He discovers a new laid-back lifestyle as he tries to renovate the estate to be sold.",sadness,A Good Year,A Good Year,1,"['Comedy', 'Drama', 'Romance']",6.55,7.0,2.0,10.0,20,20,"['Comedy', 'Drama', 'Romance']",3,comedy drama romance,35,206,3.044522437723423,3.044522437723423
A soon-to-be husband wakes up on the morning after his bachelor party in bed with another woman.,sadness,A Guy Thing,A Guy Thing,1,"['Comedy', 'Romance']",4.625,4.5,3.0,7.0,8,8,"['Comedy', 'Romance']",2,comedy romance,17,96,2.1972245773362196,2.1972245773362196
A husband struggles to help his wife remember their lives together as she suffers from an ailment that gradually causes her to lose her memory.,sadness,A Moment to Remember,A Moment to Remember,1,"['Drama', 'Romance']",7.8,8.0,6.0,9.0,10,10,"['Drama', 'Romance']",2,drama romance,25,143,2.3978952727983707,2.3978952727983707
A young couple's enduring love is tested when 27-year-old Su-jin is diagnosed with a rare form of Alzheimer's disease.,sadness,A Moment to Remember,A Moment to Remember,1,"['Drama', 'Romance']",7.8,8.0,6.0,9.0,10,10,"['Drama', 'Romance']",2,drama romance,19,118,2.3978952727983707,2.3978952727983707
"A married college professor begins a torrid affair with her failing student, who secretly moonlights as a late-night strip-club dancer.",sadness,A Night in Heaven,A Night in Heaven,1,"['Comedy', 'Drama', 'Romance']",5.375,5.5,4.0,6.0,8,8,"['Comedy', 'Drama', 'Romance']",3,comedy drama romance,20,135,2.1972245773362196,2.1972245773362196
"An English professor, one year after the sudden death of his boyfriend, is unable to cope with his typical days in 1960s Los Angeles.",sadness,A Single Man,A Single Man,1,"['Drama', 'Romance']",5.5,5.0,2.0,9.0,16,16,"['Drama', 'Romance']",2,drama romance,24,133,2.833213344056216,2.833213344056216
"A young woman comes to Hollywood with dreams of stardom, and achieves them only with the help of an alcoholic leading man whose best days are behind him.",sadness,A Star Is Born,A Star Is Born,1,['Drama'],7.136363636363637,7.5,2.0,10.0,44,22,['Drama'],1,drama,28,153,3.8066624897703196,3.1354942159291497
"A high school teacher in Austin, Texas takes sexual advantage over one of her students. Her life begins to unravel as the details of the relationship are exposed.",sadness,A Teacher,A Teacher,1,['Drama'],6.230769230769231,6.0,2.0,10.0,13,13,['Drama'],1,drama,28,162,2.6390573296152584,2.6390573296152584
"Tomás is 13-year-old and lives under the care of his mother. Between the pressure to pass exams and the anti-psychotic drugs he is forced to take, he finds a way to escape reality.",sadness,A Trip to the Moon,A Trip to the Moon,1,"['Adventure', 'Fantasy', 'Science Fiction']",6.785714285714286,8.0,4.0,9.0,14,14,"['Adventure', 'Fantasy', 'Science Fiction']",3,adventure fantasy science_fiction,33,180,2.70805020110221,2.70805020110221
"Two North Carolina teens, Landon Carter and Jamie Sullivan, are thrown together after Landon gets into trouble and is sentenced to perform community service.",sadness,A Walk to Remember,A Walk to Remember,1,"['Drama', 'Romance']",7.0,8.0,4.0,9.0,3,3,"['Drama', 'Romance']",2,drama romance,24,157,1.3862943611198906,1.3862943611198906
"Although wife and mother Mabel is loved by her husband Nick, her mental illness places a strain on the marriage.",sadness,A Woman Under the Influence,A Woman Under the Influence,1,"['Romance', 'Drama']",7.090909090909091,8.0,2.0,9.0,11,11,"['Romance', 'Drama']",2,romance drama,20,112,2.4849066497880004,2.4849066497880004
"A young Nigerian man intends to con a white British woman into marriage for her money, despite the misgivings of his Nigerian girlfriend, but his plans soon get out of control.",sadness,ATM,ATM,1,"['Horror', 'Thriller']",5.5,6.0,2.0,10.0,20,20,"['Horror', 'Thriller']",2,horror thriller,31,176,3.044522437723423,3.044522437723423
"At the age of 21, Tim discovers he can travel in time and change what happens and has happened in his own life. His decision to make his world a better place by getting a girlfriend turns out not to be as easy as you might think.",sadness,About Time,About Time,1,"['Comedy', 'Drama', 'Science Fiction']",7.571428571428571,8.0,2.0,10.0,14,14,"['Comedy', 'Drama', 'Science Fiction']",3,comedy drama science_fiction,47,229,2.70805020110221,2.70805020110221
"After the death of his activist wife, in an unfortunate accident, Sawanth must cope up with his tremendous loss. At the same time, he must figure whether his wifes accident was no accident at all.",sadness,Accident,Accident,1,"['Crime', 'Drama']",5.777777777777778,7.0,2.0,8.0,18,9,"['Crime', 'Drama']",2,crime drama,35,196,2.9444389791664403,2.302585092994046
"A small town waitress gets a nail accidentally lodged in her head causing unpredictable behavior that leads her to Washington, D.C., where sparks fly when she meets a clueless young senator who takes up her cause - but what happens when love interferes with what you stand for?",sadness,Accidental Love,Accidental Love,1,"['Romance', 'Comedy']",5.7894736842105265,6.0,2.0,10.0,19,19,"['Romance', 'Comedy']",2,romance comedy,48,277,2.995732273553991,2.995732273553991
The music of The Beatles and the Vietnam War form the backdrop for the romance between an upper-class American girl and a poor Liverpudlian artist.,sadness,Across the Universe,Across the Universe,1,"['Adventure', 'Drama', 'Music', 'Romance']",5.909090909090909,7.0,2.0,9.0,11,11,"['Adventure', 'Drama', 'Music', 'Romance']",4,adventure drama music romance,25,147,2.4849066497880004,2.4849066497880004
"Adam, a lonely man with Asperger's Syndrome, develops a relationship with his upstairs neighbor, Beth.",sadness,Adam,Adam,1,"['Drama', 'Romance']",5.190476190476191,5.0,1.0,10.0,63,21,"['Drama', 'Romance']",2,drama romance,15,102,4.1588830833596715,3.091042453358316
Adam and Eve start dating in college. Eve wants to remain a virgin until...? Neither Adam's nor Eve's roomies understand them.,sadness,Adam and Eve,Adam and Eve,1,"['Comedy', 'Romance']",5.7272727272727275,5.0,2.0,9.0,22,11,"['Comedy', 'Romance']",2,comedy romance,21,126,3.1354942159291497,2.4849066497880004
2 Korean brothers live together with the older's wife. The 2 each have a car accident and end up in a coma. After a year the younger wakes up but behaves like and claims to be the older brother. Is he and will the wife accept it?,sadness,Addicted,Addicted,1,"['Drama', 'Thriller']",4.625,5.0,3.0,6.0,16,8,"['Drama', 'Thriller']",2,drama thriller,47,229,2.833213344056216,2.1972245773362196
A gallerist risks her family and flourishing career when she enters into an affair with a talented painter and slowly loses control of her life.,sadness,Addicted,Addicted,1,"['Drama', 'Thriller']",4.625,5.0,3.0,6.0,16,8,"['Drama', 'Thriller']",2,drama thriller,25,144,2.833213344056216,2.1972245773362196
"Babanrav comes to the city in search of a living. He is mistaken as Baadshah by Baadshah's gang and Bajarang Rav, a police constable, who wants to get hold of Baadshah.",sadness,Aflatoon,Aflatoon,1,"['Crime', 'Action', 'Drama']",5.0,5.0,5.0,5.0,1,1,"['Crime', 'Action', 'Drama']",3,crime action drama,31,168,0.6931471805599453,0.6931471805599453
A young woman falls for a guy with a dark secret and the two embark on a rocky relationship. Based on the novel by Anna Todd.,sadness,After,After,1,['Drama'],7.888888888888889,9.5,2.0,10.0,36,18,['Drama'],1,drama,26,125,3.6109179126442243,2.9444389791664403
"When his girlfriend suddenly disappears, leaving a cryptic note as her only explanation, Hank's comfortable life and his sanity begin to crack. Then, from the woods surrounding his house, something terrible starts trying to break in.",sadness,After Midnight,After Midnight,1,"['Thriller', 'Horror']",4.5,4.5,2.0,7.0,8,4,"['Thriller', 'Horror']",2,thriller horror,36,233,2.1972245773362196,1.6094379124341003
The end of an affair from the woman's point of view.,sadness,After Sex,After Sex,1,['Comedy'],6.0,6.0,6.0,6.0,1,1,['Comedy'],1,comedy,11,52,0.6931471805599453,0.6931471805599453
"Day-dreamer and Artist, Pyarelal, lives a poor lifestyle in Bombay with his retired dad; housewife mom; married brother, Mohan and his wife, Malti; and unmarried sister, Vimla. It is now ...                See full summary »",sadness,Albela,Albela,1,[],5.0,5.0,4.0,6.0,2,2,[],0,unknown_genre,35,224,1.0986122886681098,1.0986122886681098
"Alby and his mentally challenged sister, Alice, adore each other. But when two strangers, Sophia and Victor, enter their lives forming strong bonds with them, it leads to tension between the siblings.",sadness,Alice in Wonderland,Alice in Wonderland,1,"['Animation', 'Adventure', 'Family', 'Fantasy']",5.666666666666667,5.0,2.0,10.0,168,21,"['Animation', 'Adventure', 'Family', 'Fantasy']",4,animation adventure family fantasy,32,200,5.1298987149230735,3.091042453358316
"Charlie and Itchy return to Earth to find Gabriel's Horn, but along the way meet up with a young boy named David, who ran away from home.",sadness,All Dogs Go to Heaven 2,All Dogs Go to Heaven 2,1,"['Romance', 'Animation', 'Family', 'Adventure', 'Fantasy']",4.0,4.0,4.0,4.0,1,1,"['Romance', 'Animation', 'Family', 'Adventure', 'Fantasy']",5,romance animation family adventure fantasy,27,137,0.6931471805599453,0.6931471805599453
"Maggie is an uptight, single mother and college writing teacher from New York City. In an effort to reconnect with her troubled teen daughter Summer, she decides to embark on a journey to a...                See full summary »",sadness,All Roads Lead to Rome,All Roads Lead to Rome,1,"['Comedy', 'Romance']",5.125,5.0,2.0,10.0,8,8,"['Comedy', 'Romance']",2,comedy romance,38,226,2.1972245773362196,2.1972245773362196
"In 1942, a Canadian intelligence officer in North Africa encounters a female French Resistance fighter on a deadly mission behind enemy lines. When they reunite in London, their relationship is tested by the pressures of war.",sadness,Allied,Allied,1,"['Action', 'Drama', 'War', 'Romance', 'Thriller']",6.2,6.5,2.0,9.0,20,20,"['Action', 'Drama', 'War', 'Romance', 'Thriller']",5,action drama war romance thriller,36,225,3.044522437723423,3.044522437723423
"To avoid a costly breach of contract suit, a rich young man marries a nightclub singer.",sadness,Almost Married,Almost Married,1,['Comedy'],5.0,5.0,5.0,5.0,1,1,['Comedy'],1,comedy,16,87,0.6931471805599453,0.6931471805599453
"In the South Seas, a half-caste island girl refuses to follow tradition and marry a fellow islander, instead falling in love with a white man and heir to an American fortune.",sadness,Aloha,Aloha,1,"['Drama', 'Comedy', 'Romance']",6.904761904761905,8.0,2.0,10.0,21,21,"['Drama', 'Comedy', 'Romance']",3,drama comedy romance,31,174,3.091042453358316,3.091042453358316
A buttoned-up newlywed finds his strictly organized life descend into chaos when he falls in love with an old classmate.,sadness,Along Came Polly,Along Came Polly,1,"['Comedy', 'Romance']",7.0,7.0,4.0,10.0,15,15,"['Comedy', 'Romance']",2,comedy romance,20,120,2.772588722239781,2.772588722239781
"Two young wolves at opposite ends of their pack's social order are thrown together into a foreign land and need each other to return home, but love complicates everything.",sadness,Alpha and Omega,Alpha and Omega,1,"['Family', 'Animation']",6.5,6.5,5.0,8.0,2,2,"['Family', 'Animation']",2,family animation,29,171,1.0986122886681098,1.0986122886681098
A movie publicist deals with the messy public split of his movie's co-stars while keeping reporters at bay while a reclusive director holds the film's print hostage.,sadness,America's Sweethearts,America's Sweethearts,1,"['Comedy', 'Romance']",5.428571428571429,6.5,2.0,10.0,14,14,"['Comedy', 'Romance']",2,comedy romance,27,165,2.70805020110221,2.70805020110221
Four friends embark on a cross-country journey to Las Vegas in an old RV to stop a wedding and save a friend from losing the love of his life.,sadness,American Idiots,American Idiots,1,"['Comedy', 'Romance']",3.2222222222222223,2.0,1.0,10.0,9,9,"['Comedy', 'Romance']",2,comedy romance,29,142,2.302585092994046,2.302585092994046
"The story of a young Marine, fresh from Camp Pendleton, who is forced to confront the complexities of adulthood and a volatile home life during a four-day Thanksgiving leave.",sadness,American Son,American Son,1,['Drama'],4.666666666666667,5.0,4.0,5.0,3,3,['Drama'],1,drama,29,174,1.3862943611198906,1.3862943611198906
"The last surviving child of the Russian Royal Family joins two con men to reunite with her grandmother, the Dowager Empress, while the undead Rasputin seeks her death.",sadness,Anastasia,Anastasia,1,"['Animation', 'Family']",5.5,6.0,2.0,9.0,20,10,"['Animation', 'Family']",2,animation family,28,167,3.044522437723423,2.3978952727983707
"Two young actresses fall in love with each other while filming a lesbian love scene, then break up months later, and then are forced to reunite in order to re-shoot the love scene for the movie's distribution.",sadness,Anatomy of a Love Seen,Anatomy of a Love Seen,1,"['Romance', 'Drama']",7.285714285714286,8.5,2.0,9.0,14,14,"['Romance', 'Drama']",2,romance drama,37,209,2.70805020110221,2.70805020110221
"Aspiring and incarcerated rock singer, Robin Shea (Rebecca De Mornay) seduces prison guard Billy Moran (Vincent Spano). Robin marries Billy to get out of jail, but Robin's concerns are on politician James Tiernan (Frank Langella).",sadness,And God Created Woman,And God Created Woman,1,"['Comedy', 'Drama', 'Romance']",5.0,4.0,2.0,9.0,9,9,"['Comedy', 'Drama', 'Romance']",3,comedy drama romance,35,230,2.302585092994046,2.302585092994046
A self-absorbed realtor enlists the help of his neighbor when he's suddenly left in charge of the granddaughter he never knew existed until his estranged son drops her off at his home.,sadness,And So It Goes,And So It Goes,1,"['Comedy', 'Drama', 'Romance']",6.4,7.0,3.0,9.0,15,15,"['Comedy', 'Drama', 'Romance']",3,comedy drama romance,32,184,2.772588722239781,2.772588722239781
A rich lawyer marries widows with kids in search for a fortune..,sadness,Angel,Angel,1,"['Comedy', 'Drama', 'Romance']",1.0,1.0,1.0,1.0,5,1,"['Comedy', 'Drama', 'Romance']",3,comedy drama romance,12,64,1.791759469228055,0.6931471805599453
"A woman and her husband take separate vacations, and she falls in love with another man.",sadness,Angel,Angel,1,"['Comedy', 'Drama', 'Romance']",1.0,1.0,1.0,1.0,5,1,"['Comedy', 'Drama', 'Romance']",3,comedy drama romance,16,88,1.791759469228055,0.6931471805599453
"Devastated with grief after the mysterious disappearance of her magician lover, Louise is sent to a psychiatric asylum. Nine months later, she gives birth to Angel, a baby boy with an ...                See full summary »",sadness,Angel,Angel,1,"['Comedy', 'Drama', 'Romance']",1.0,1.0,1.0,1.0,5,1,"['Comedy', 'Drama', 'Romance']",3,comedy drama romance,36,221,1.791759469228055,0.6931471805599453
"A mysterious man is drawn to a feisty female police officer and a unusual relationship ensues, as not everything is as it seems.",sadness,Angel Eyes,Angel Eyes,1,"['Drama', 'Romance', 'Thriller']",6.6923076923076925,7.0,2.0,10.0,13,13,"['Drama', 'Romance', 'Thriller']",3,drama romance thriller,23,128,2.6390573296152584,2.6390573296152584
"After numerous attempts at suicide fail, a couple decides to live it up, then kill themselves on New Year's Day.",sadness,Anjaana Anjaani,Anjaana Anjaani,1,"['Comedy', 'Drama', 'Music', 'Romance']",4.083333333333333,4.0,3.0,6.0,12,12,"['Comedy', 'Drama', 'Music', 'Romance']",4,comedy drama music romance,20,112,2.5649493574615367,2.5649493574615367
"Anna is a nurse and a nun, whose history catches up on her.",sadness,Anna,Anna,1,"['Drama', 'Romance', 'Music', 'Family']",4.2,4.0,2.0,7.0,10,5,"['Drama', 'Romance', 'Music', 'Family']",4,drama romance music family,13,59,2.3978952727983707,1.791759469228055
A married woman's affair with a dashing young officer has tragic results.,sadness,Anna Karenina,Anna Karenina,1,"['Drama', 'Romance']",6.066666666666666,7.0,2.0,10.0,15,15,"['Drama', 'Romance']",2,drama romance,12,73,2.772588722239781,2.772588722239781
Anna (Marceau) is a wife and mother who has an affair with the handsome Count Vronsky (Bean). Based on the novel by Tolstoy.,sadness,Anna Karenina,Anna Karenina,1,"['Drama', 'Romance']",6.066666666666666,7.0,2.0,10.0,15,15,"['Drama', 'Romance']",2,drama romance,23,124,2.772588722239781,2.772588722239781
"Anna Karenina is a married aristocrat and socialite living in Saint Petersburg. She is living a torrid romance with a wealthy and young count, he loves her and is willing to marry her once she leave her husband.",sadness,Anna Karenina,Anna Karenina,1,"['Drama', 'Romance']",6.066666666666666,7.0,2.0,10.0,15,15,"['Drama', 'Romance']",2,drama romance,38,211,2.772588722239781,2.772588722239781
Anna Karenina is a young wife of an older husband. She has an affair with the handsome Count Vronsky. By following her desires Anna complicates her life.,sadness,Anna Karenina,Anna Karenina,1,"['Drama', 'Romance']",6.066666666666666,7.0,2.0,10.0,15,15,"['Drama', 'Romance']",2,drama romance,27,153,2.772588722239781,2.772588722239781
"The married Anna Karenina falls in love with Count Vronsky despite her husband's refusal to grant a divorce, and both must contend with the social repercussions.",sadness,Anna Karenina,Anna Karenina,1,"['Drama', 'Romance']",6.066666666666666,7.0,2.0,10.0,15,15,"['Drama', 'Romance']",2,drama romance,26,161,2.772588722239781,2.772588722239781
"Caught between the undying love of her boyfriend Andy and the wild obsession of a crazed theater producer, Annie cannot remember the traumatic event that lead to her life as a ...                See full summary »",sadness,Annie,Annie,1,"['Comedy', 'Drama', 'Family', 'Music']",8.052631578947368,10.0,2.0,10.0,57,19,"['Comedy', 'Drama', 'Family', 'Music']",4,comedy drama family music,36,213,4.060443010546419,2.995732273553991
"Alvy Singer, a divorced Jewish comedian, reflects on his relationship with ex-lover Annie Hall, an aspiring nightclub singer, which ended abruptly just like his previous marriages.",sadness,Annie Hall,Annie Hall,1,"['Comedy', 'Drama', 'Romance']",6.0,6.5,2.0,10.0,12,12,"['Comedy', 'Drama', 'Romance']",3,comedy drama romance,26,180,2.5649493574615367,2.5649493574615367
"On the night of the discovery of a duplicate Earth in the Solar system, an ambitious young student and an accomplished composer cross paths in a tragic accident.",sadness,Another Earth,Another Earth,1,"['Drama', 'Science Fiction']",7.266666666666667,8.0,2.0,10.0,15,15,"['Drama', 'Science Fiction']",2,drama science_fiction,28,161,2.772588722239781,2.772588722239781
Four gay high school friends make a pact to lose their virginity before they go to college.,sadness,Another Gay Movie,Another Gay Movie,1,"['Comedy', 'Romance']",8.071428571428571,8.5,2.0,10.0,14,14,"['Comedy', 'Romance']",2,comedy romance,17,91,2.70805020110221,2.70805020110221
"When the popular local bully who is struggling to come to terms with his sexuality falls for the outcasted gay neighbour who attempts to pursue him; they jeopardize their secret, social status, friends and risk their lives",sadness,Another World,Another World,1,['Documentary'],7.2,8.0,2.0,10.0,45,15,['Documentary'],1,documentary,37,222,3.828641396489095,2.772588722239781
A Finnish man goes to the city to find a job after the mine where he worked is closed and his father commits suicide.,sadness,Ariel,Ariel,1,"['Drama', 'Crime']",9.0,9.0,9.0,9.0,1,1,"['Drama', 'Crime']",2,drama crime,24,117,0.6931471805599453,0.6931471805599453
"An Army lieutenant at a remote post in Arizona tells a young woman that he does not love her, so she contrives to marry his commanding officer, who is also his best friend.",sadness,Arizona,Arizona,1,['Western'],3.8,4.0,3.0,5.0,5,5,['Western'],1,western,33,172,1.791759469228055,1.791759469228055
"Alcoholic billionaire playboy Arthur Bach must marry a woman he does not love, or he will be cut off from his $750,000,000 fortune. But when Arthur falls in love with a poor waitress, he must decide if he wants to choose love or money.",sadness,Arthur,Arthur,1,"['Comedy', 'Drama', 'Romance']",5.0,4.5,2.0,10.0,36,18,"['Comedy', 'Drama', 'Romance']",3,comedy drama romance,44,235,3.6109179126442243,2.9444389791664403
"Arthur loses his fortune for staying with Linda, right as the two were preparing to adopt a child. As their marriage suffers, Arthur plans for a way to get his money back, but first he must sober up and get a real job.",sadness,Arthur 2: On the Rocks,Arthur 2: On the Rocks,1,"['Comedy', 'Romance']",7.25,8.0,2.0,10.0,16,16,"['Comedy', 'Romance']",2,comedy romance,43,218,2.833213344056216,2.833213344056216
"A single mother and waitress, a misanthropic author, and a gay artist form an unlikely friendship after the artist is assaulted in a robbery.",sadness,As Good as It Gets,As Good as It Gets,1,"['Comedy', 'Romance']",6.285714285714286,7.5,2.0,10.0,14,14,"['Comedy', 'Romance']",2,comedy romance,24,141,2.70805020110221,2.70805020110221
A blind man has an operation to regain his sight at the urging of his girlfriend and must deal with the changes to his life.,sadness,At First Sight,At First Sight,1,"['Drama', 'Romance']",6.133333333333334,6.0,3.0,9.0,15,15,"['Drama', 'Romance']",2,drama romance,25,124,2.772588722239781,2.772588722239781
"Four socialite old friends unexpectedly clash, and switch partners during a party and attempt to make each other jealous.",sadness,At Long Last Love,At Long Last Love,1,"['Comedy', 'Music', 'Romance']",5.0,5.0,5.0,5.0,2,2,"['Comedy', 'Music', 'Romance']",3,comedy music romance,19,121,1.0986122886681098,1.0986122886681098
Thirteen-year-old fledgling writer Briony Tallis irrevocably changes the course of several lives when she accuses her older sister's lover of a crime he did not commit.,sadness,Atonement,Atonement,1,"['Drama', 'Romance']",7.4,9.0,2.0,10.0,15,15,"['Drama', 'Romance']",2,drama romance,26,168,2.772588722239781,2.772588722239781
"Young Laura Hamilton turns down a marriage proposal from Vincent Carlson and marries Theodore Proctor, a bank president. Proctor's financially strapped brother asks him for help, and he has...                See full summary »",sadness,Atonement,Atonement,1,"['Drama', 'Romance']",7.4,9.0,2.0,10.0,15,15,"['Drama', 'Romance']",2,drama romance,33,226,2.772588722239781,2.772588722239781
"Set in northern Australia before WWII, an Englishwoman who inherits a sprawling ranch reluctantly pacts with a stock-man in order to drive 2,000 head of cattle over unforgiving landscapes.",sadness,Australia,Australia,1,['Drama'],7.0625,8.0,2.0,10.0,16,16,['Drama'],1,drama,29,188,2.833213344056216,2.833213344056216
"Keaton, a thirty-something former bachelor, is stuck in limbo. His ex-girlfriend (who he's still in love with) just gave birth to his son, his current girlfriend is saying 'it's her or me,'...                See full summary »",sadness,Autumn,Autumn,1,['Comedy'],3.04,1.0,1.0,10.0,50,25,['Comedy'],1,comedy,36,226,3.9318256327243257,3.258096538021482
"Romantic drama about an aging playboy who falls for a sweet, but terminally ill, young woman.",sadness,Autumn in New York,Autumn in New York,1,"['Drama', 'Romance']",7.0,7.0,2.0,10.0,15,15,"['Drama', 'Romance']",2,drama romance,16,93,2.772588722239781,2.772588722239781
"Jack Dunton, an honest gambler, discovers that his ward, Verde, wants to study mine engineering, and he begins to cheat at cards in order to finance the boy's education. Returning from ...                See full summary »",sadness,Avalanche,Avalanche,1,"['Action', 'Adventure', 'Drama']",4.0,4.0,1.0,8.0,18,18,"['Action', 'Adventure', 'Drama']",3,action adventure drama,36,222,2.9444389791664403,2.9444389791664403
"Alex's dreary life is reignited when he meets Rachel, the woman of his dreams. The only thing that stands in the way of their perfect, serendipitous relationship is that Rachel has recently passed away.",sadness,Awaken,Awaken,1,"['Horror', 'Thriller', 'Action']",4.666666666666667,4.5,1.0,8.0,24,12,"['Horror', 'Thriller', 'Action']",3,horror thriller action,34,202,3.2188758248682006,2.5649493574615367
"A successful, single businesswoman who dreams of having a baby discovers she is infertile and hires a working class woman to be her unlikely surrogate.",sadness,Baby Mama,Baby Mama,1,['Comedy'],6.55,7.0,2.0,10.0,20,20,['Comedy'],1,comedy,25,151,3.044522437723423,3.044522437723423
Life for a successful power couple get thrown for a loop when the wife finds out she's pregnant.,sadness,Baby on Board,Baby on Board,1,[],3.8333333333333335,2.5,2.0,7.0,6,6,[],0,unknown_genre,18,96,1.9459101490553132,1.9459101490553132
"A middle-class, undisciplined boy falls in love with a highly educated girl whose family is very disciplined and traditional. The struggles of this young couple as they try to make their relationship work against all odds.",sadness,Bad Boy,Bad Boy,1,['Drama'],7.0,7.0,7.0,7.0,1,1,['Drama'],1,drama,36,222,0.6931471805599453,0.6931471805599453
Kayla and Meriç seeks to find love inbetween purposeless teenagers who wants to fight Meriç without any reason.,sadness,Bad Boy,Bad Boy,1,['Drama'],7.0,7.0,7.0,7.0,1,1,['Drama'],1,drama,18,111,0.6931471805599453,0.6931471805599453
"When young Gloria Waring's wealthy father dies, she discovers that her brother--who is heir to the family fortune--is about to marry a well-known golddigger named Teddy Lamont. Gloria ...                See full summary »",sadness,Bad Company,Bad Company,1,"['Action', 'Crime', 'Romance', 'Thriller']",6.6875,7.0,2.0,10.0,48,16,"['Action', 'Crime', 'Romance', 'Thriller']",4,action crime romance thriller,33,221,3.8918202981106265,2.833213344056216
"A lazy, incompetent middle school teacher who hates her job, her students, and her co-workers is forced to return to teaching to make enough money for breast implants after her wealthy fiancé dumps her.",sadness,Bad Teacher,Bad Teacher,1,['Comedy'],6.266666666666667,7.0,2.0,10.0,15,15,['Comedy'],1,comedy,34,202,2.772588722239781,2.772588722239781
In China in the 1930s a singer (Faye) and journalist (Baxter) meet on a train attacked by bandits.,sadness,Barricade,Barricade,1,"['Horror', 'Mystery', 'Thriller']",4.478260869565218,4.0,2.0,9.0,46,23,"['Horror', 'Mystery', 'Thriller']",3,horror mystery thriller,18,98,3.8501476017100584,3.1780538303479458
"While Danny's father and mother independently search for love, Danny is on his own desperate quest to find a prom date. Danny's search becomes progressively more pathetic once he and his family learn that Bart, the school's biggest dweeb, not only secured a date for the prom, but got a hotel room as well.",sadness,Bart Got a Room,Bart Got a Room,1,"['Comedy', 'Drama', 'Romance']",4.0,4.0,4.0,4.0,1,1,"['Comedy', 'Drama', 'Romance']",3,comedy drama romance,54,306,0.6931471805599453,0.6931471805599453
A prince cursed to spend his days as a hideous monster sets out to regain his humanity by earning a young woman's love.,sadness,Beauty and the Beast,Beauty and the Beast,1,"['Romance', 'Family', 'Animation', 'Fantasy', 'Music']",2.764705882352941,2.0,1.0,8.0,136,17,"['Romance', 'Family', 'Animation', 'Fantasy', 'Music']",5,romance family animation fantasy music,23,119,4.919980925828125,2.8903717578961645
"A selfish Prince is cursed to become a monster for the rest of his life, unless he learns to fall in love with a beautiful young woman he keeps prisoner.",sadness,Beauty and the Beast,Beauty and the Beast,1,"['Romance', 'Family', 'Animation', 'Fantasy', 'Music']",2.764705882352941,2.0,1.0,8.0,136,17,"['Romance', 'Family', 'Animation', 'Fantasy', 'Music']",5,romance family animation fantasy music,30,153,4.919980925828125,2.8903717578961645
"A hapless loser sells his soul to the Devil in exchange for seven wishes, but has trouble winning over the girl of his dreams.",sadness,Bedazzled,Bedazzled,1,"['Fantasy', 'Comedy', 'Romance']",7.2727272727272725,8.0,2.0,10.0,11,11,"['Fantasy', 'Comedy', 'Romance']",3,fantasy comedy romance,24,126,2.4849066497880004,2.4849066497880004
"About desire, obsession and ultimately, redemption. The film explores the dark and bizarre possibilities of love and relationships, while depicting the plight of women in a world where discrimination and violence against them never stops.",sadness,Bedtime Stories,Bedtime Stories,1,"['Fantasy', 'Comedy', 'Family', 'Romance']",7.2,7.0,2.0,10.0,20,20,"['Fantasy', 'Comedy', 'Family', 'Romance']",4,fantasy comedy family romance,35,238,3.044522437723423,3.044522437723423
"Beethoven, the St. Bernard dog, becomes a father, but his girlfriend Missy is dognapped, and his puppies are in danger of the same fate.",sadness,Beethoven's 2nd,Beethoven's 2nd,1,"['Family', 'Comedy']",7.052631578947368,6.0,4.0,10.0,19,19,"['Family', 'Comedy']",2,family comedy,24,136,2.995732273553991,2.995732273553991
"A young man and woman meet on a train in Europe, and wind up spending one evening together in Vienna. Unfortunately, both know that this will probably be their only night together.",sadness,Before Sunrise,Before Sunrise,1,"['Drama', 'Romance']",5.6,4.0,3.0,9.0,5,5,"['Drama', 'Romance']",2,drama romance,32,180,1.791759469228055,1.791759469228055
"Judah Ben-Hur, a Jewish prince falsely accused of treason by his adopted brother, an officer in the Roman army, returns to his homeland after years at sea to seek revenge, but finds redemption.",sadness,Ben-Hur,Ben-Hur,1,"['Action', 'Adventure', 'Drama', 'History']",6.136363636363637,7.0,2.0,10.0,44,22,"['Action', 'Adventure', 'Drama', 'History']",4,action adventure drama history,33,193,3.8066624897703196,3.1354942159291497
"Two ambitious girls, despite their parents' wishes, have their hearts set on careers in professional football.",sadness,Bend It Like Beckham,Bend It Like Beckham,1,"['Comedy', 'Drama', 'Romance']",8.23076923076923,9.0,2.0,10.0,13,13,"['Comedy', 'Drama', 'Romance']",3,comedy drama romance,16,110,2.6390573296152584,2.6390573296152584
"After being ditched by long term girlfriend Gemma (Lincoln) for fame in L.A., Leo (Kaae) finds himself desperately chasing after her in order to reconcile. But things soon take a turn for the worse.",sadness,Betrayal,Betrayal,1,['Drama'],4.5,4.5,4.0,5.0,4,2,['Drama'],1,drama,34,198,1.6094379124341003,1.0986122886681098
Felix and Misela are father and daughter and one must betray the other in order to go on living.,sadness,Betrayal,Betrayal,1,['Drama'],4.5,4.5,4.0,5.0,4,2,['Drama'],1,drama,19,96,1.6094379124341003,1.0986122886681098
"Failed to be famous, young female singer LIN met DONG, a formal rocker who suffered from ALS, when she decided to commit suicide. With the shared love of music, the two desperate people changed each other's lives profoundly from then on.",sadness,Between Us,Between Us,1,['Drama'],4.0,4.0,4.0,4.0,2,1,['Drama'],1,drama,41,237,1.0986122886681098,0.6931471805599453
Two best friends are looking for love in all the wrong places.,sadness,Between Us,Between Us,1,['Drama'],4.0,4.0,4.0,4.0,2,1,['Drama'],1,drama,12,62,1.0986122886681098,0.6931471805599453
"While on vacation in Mexico, Chloe, a ritzy Beverly Hills chihuahua, finds herself lost and in need of assistance in order to get back home.",sadness,Beverly Hills Chihuahua,Beverly Hills Chihuahua,1,"['Adventure', 'Comedy', 'Family']",6.08,7.0,1.0,10.0,25,25,"['Adventure', 'Comedy', 'Family']",3,adventure comedy family,25,140,3.258096538021482,3.258096538021482
Follows the turbulent relationship of Cole and Maya as they struggle to survive in a world where the human population has been decimated by an extra-terrestrial attack.,sadness,Beyond,Beyond,1,['Drama'],6.555555555555555,8.0,2.0,9.0,36,9,['Drama'],1,drama,27,168,3.6109179126442243,2.302585092994046
A frustrated son tries to determine the fact from fiction in his dying father's life.,sadness,Big Fish,Big Fish,1,"['Adventure', 'Fantasy', 'Drama']",7.777777777777778,9.0,2.0,10.0,9,9,"['Adventure', 'Fantasy', 'Drama']",3,adventure fantasy drama,15,85,2.302585092994046,2.302585092994046
"A shy French anthropologist who happens to be secretly in love with her college superior, chooses ""bimbos"" as the subject of her thesis. She becomes one of them in order to do that, and the professor she loves falls for her new identity.",sadness,Bimboland,Bimboland,1,"['Comedy', 'Romance']",5.0,5.0,5.0,5.0,2,2,"['Comedy', 'Romance']",2,comedy romance,43,237,1.0986122886681098,1.0986122886681098
"When Mavela, member of the notorious youth gang Black Bronx, falls madly in love with a boy from a rival gang, she is forced to make a choice between loyalty and love. A choice that will have dramatic consequences.",sadness,Black,Black,1,['Drama'],6.0,6.0,2.0,9.0,16,8,['Drama'],1,drama,39,214,2.833213344056216,2.1972245773362196
On a cruise ship a professional gambler comes to the aid of a young man victimized by a jewel thief. The young man turns out to be his son.,sadness,Black Sheep,Black Sheep,1,['Comedy'],6.625,7.0,2.0,10.0,48,16,['Comedy'],1,comedy,29,139,3.8918202981106265,2.833213344056216
Sanna (Nathalie Bloom) a rocker girl who is stuck in her old high school life with her boyfriend Micke (Lars Sandberg) who rather hangs out with his friend Latino (Robert Isberg) than ...                See full summary »,sadness,Blackout,Blackout,1,"['Thriller', 'Mystery']",5.125,5.0,2.0,9.0,80,16,"['Thriller', 'Mystery']",2,thriller mystery,37,221,4.394449154672439,2.833213344056216
Best friends and their daughters vacation in Rio de Janeiro only for one to fall for the other's daughter.,sadness,Blame It on Rio,Blame It on Rio,1,"['Comedy', 'Romance']",5.0,5.0,3.0,9.0,5,5,"['Comedy', 'Romance']",2,comedy romance,19,106,1.791759469228055,1.791759469228055
"After a bad blind date, a man and woman find themselves stuck together at a resort for families, where their attraction grows as their respective kids benefit from the burgeoning relationship.",sadness,Blended,Blended,1,['Comedy'],7.421052631578948,8.0,3.0,10.0,19,19,['Comedy'],1,comedy,31,192,2.995732273553991,2.995732273553991
"A workaholic needs a date for a dinner with new important clientele, but who his brother sets him up with could lead to disaster.",sadness,Blind Date,Blind Date,1,"['Comedy', 'Romance']",7.2105263157894735,7.0,3.0,10.0,95,19,"['Comedy', 'Romance']",2,comedy romance,24,129,4.564348191467836,2.995732273553991
A young woman is torn between a wealthy suitor who wants her body and the honest young man who wants what's best for her.,sadness,Blind Date,Blind Date,1,"['Comedy', 'Romance']",7.2105263157894735,7.0,3.0,10.0,95,19,"['Comedy', 'Romance']",2,comedy romance,24,121,4.564348191467836,2.995732273553991
"Affected by tragedy, a married couple decide to role play a blind date.",sadness,Blind Date,Blind Date,1,"['Comedy', 'Romance']",7.2105263157894735,7.0,3.0,10.0,95,19,"['Comedy', 'Romance']",2,comedy romance,13,71,4.564348191467836,2.995732273553991
An Israeli diplomat romances a young woman on the condition that he not be seen.,sadness,Blind Date,Blind Date,1,"['Comedy', 'Romance']",7.2105263157894735,7.0,3.0,10.0,95,19,"['Comedy', 'Romance']",2,comedy romance,15,80,4.564348191467836,2.995732273553991
A teenage werewolf is torn between honoring her family's secret and her love for a man.,sadness,Blood and Chocolate,Blood and Chocolate,1,"['Drama', 'Fantasy', 'Horror', 'Romance']",6.2,6.0,3.0,9.0,15,15,"['Drama', 'Fantasy', 'Horror', 'Romance']",4,drama fantasy horror romance,16,87,2.772588722239781,2.772588722239781
A toreador's (Rudolph Valentino) familial and social life is threatened when he has an affair.,sadness,Blood and Sand,Blood and Sand,1,"['Drama', 'Romance']",5.5,5.5,5.0,6.0,4,2,"['Drama', 'Romance']",2,drama romance,15,94,1.6094379124341003,1.0986122886681098
Illiterate peasant Juan Gallardo rises meteorically to fame and fortune in the bullfight arena only to sow the seeds of his own fall.,sadness,Blood and Sand,Blood and Sand,1,"['Drama', 'Romance']",5.5,5.5,5.0,6.0,4,2,"['Drama', 'Romance']",2,drama romance,23,133,1.6094379124341003,1.0986122886681098
A police officer goes undercover to investigate the disappearance of inmates at a prison.,sadness,Bloodsport: The Dark Kumite,Bloodsport: The Dark Kumite,1,"['Action', 'Thriller']",3.0,2.0,1.0,7.0,15,15,"['Action', 'Thriller']",2,action thriller,14,89,2.772588722239781,2.772588722239781
"An introverted schoolgirl falls in love and starts a relationship with one of her classmates. Set in a small seaside town in Japan, the love of her life eventually leaves her for her boyfriend in Tokyo.",sadness,Blue,Blue,1,['Drama'],3.739130434782609,3.0,1.0,8.0,92,23,['Drama'],1,drama,36,202,4.532599493153256,3.1780538303479458
"After being fired for insubordination, homicide detective Mike Carter is hired as bodyguard by the owner of a local meat-packing plant where a meat inspector has been murdered.",sadness,Bodyguard,Bodyguard,1,"['Drama', 'Action', 'Comedy', 'Romance']",7.7368421052631575,8.0,3.0,10.0,19,19,"['Drama', 'Action', 'Comedy', 'Romance']",4,drama action comedy romance,28,176,2.995732273553991,2.995732273553991
A successful executive and womanizer finds his lifestyle choices have turned back on him when his new female boss turns out to be an even bigger deviant than he is.,sadness,Boomerang,Boomerang,1,"['Comedy', 'Romance']",6.875,8.0,2.0,10.0,16,16,"['Comedy', 'Romance']",2,comedy romance,30,164,2.833213344056216,2.833213344056216
"Abandoned at birth at the Kasturba Annarthalay by her father, Gangulal, due to her gender, Anuradha grows up, and feels rejected when she is by-passed for adoption. When she grows up, she ...                See full summary »",sadness,Boss,Boss,1,"['Action', 'Comedy', 'Drama']",5.166666666666667,5.0,3.0,9.0,12,12,"['Action', 'Comedy', 'Drama']",3,action comedy drama,37,225,2.5649493574615367,2.5649493574615367
"A surgeon becomes obsessed with the seductive woman he once was in an affair with. Refusing to accept that she has moved on, he amputates her limbs and holds her captive in his mansion.",sadness,Boxing Helena,Boxing Helena,1,"['Drama', 'Romance']",7.75,8.0,2.0,10.0,16,16,"['Drama', 'Romance']",2,drama romance,34,185,2.833213344056216,2.833213344056216
A songwriter struggles to produce another successful hit for the National Brazilian song contest.,sadness,Brazil,Brazil,1,"['Comedy', 'Science Fiction']",5.5,4.5,2.0,9.0,10,10,"['Comedy', 'Science Fiction']",2,comedy science_fiction,14,97,2.3978952727983707,2.3978952727983707
A couple circa 30 breaks up after 2 1/2 years - or do they?,sadness,Breaking Up,Breaking Up,1,"['Comedy', 'Drama', 'Romance']",6.083333333333333,6.5,2.0,9.0,12,12,"['Comedy', 'Drama', 'Romance']",3,comedy drama romance,14,59,2.5649493574615367,2.5649493574615367
"A comic book artist struggling with his ""Brenda Starr"" strip decides to draw himself into it when his comic book character is disappointed and leaves the strip.",sadness,Brenda Starr,Brenda Starr,1,"['Adventure', 'Fantasy']",4.833333333333333,4.5,4.0,6.0,6,6,"['Adventure', 'Fantasy']",2,adventure fantasy,27,160,1.9459101490553132,1.9459101490553132
Two best friends become rivals when they schedule their respective weddings on the same day.,sadness,Bride Wars,Bride Wars,1,['Comedy'],5.904761904761905,6.0,2.0,10.0,21,21,['Comedy'],1,comedy,15,92,3.091042453358316,3.091042453358316
"Meeting a stranger in a railway station, a woman is tempted to cheat on her husband.",sadness,Brief Encounter,Brief Encounter,1,"['Drama', 'Romance']",4.888888888888889,5.0,2.0,9.0,9,9,"['Drama', 'Romance']",2,drama romance,16,84,2.302585092994046,2.302585092994046
Ennis and Jack are two shepherds who develop a sexual and emotional relationship. Their relationship becomes complicated when both of them get married to their respective girlfriends.,sadness,Brokeback Mountain,Brokeback Mountain,1,"['Drama', 'Romance']",9.529411764705882,10.0,3.0,10.0,17,17,"['Drama', 'Romance']",2,drama romance,27,183,2.8903717578961645,2.8903717578961645
"The relationship between Hoes and Antonie Kamerling, a well-known actor and singer in the Netherlands who suffered from severe depression and who died in 2010.",sadness,Broken,Broken,1,"['Horror', 'Thriller']",6.6,6.0,4.0,9.0,15,5,"['Horror', 'Thriller']",2,horror thriller,25,159,2.772588722239781,1.791759469228055
Three suburban English families' lives intertwine with tragic consequences.,sadness,Broken,Broken,1,"['Horror', 'Thriller']",6.6,6.0,4.0,9.0,15,5,"['Horror', 'Thriller']",2,horror thriller,9,75,2.772588722239781,1.791759469228055
"As the extremely withdrawn Don Johnston is dumped by his latest woman, he receives an anonymous letter from a former lover informing him that he has a son who may be looking for him. A freelance sleuth neighbor moves Don to embark on a cross-country search for his old flames in search of answers.",sadness,Broken Flowers,Broken Flowers,1,"['Comedy', 'Drama', 'Mystery', 'Romance']",6.888888888888889,7.5,2.0,9.0,18,18,"['Comedy', 'Drama', 'Mystery', 'Romance']",4,comedy drama mystery romance,54,297,2.9444389791664403,2.9444389791664403
"An Irish immigrant lands in 1950s Brooklyn, where she quickly falls into a romance with a local. When her past catches up with her, however, she must choose between two countries and the lives that exist within.",sadness,Brooklyn,Brooklyn,1,"['Drama', 'Romance']",6.714285714285714,7.5,2.0,9.0,14,14,"['Drama', 'Romance']",2,drama romance,37,211,2.70805020110221,2.70805020110221
"Bob Naughton and Eddie Connolly are identical-twin brothers who were separated in infancy. Bob is raised by a rich lawyer and has all the advantages, but is a drunk with no moral character....                See full summary »",sadness,Brothers,Brothers,1,['Drama'],6.823529411764706,7.0,4.0,9.0,51,17,['Drama'],1,drama,37,226,3.9512437185814275,2.8903717578961645
"Kristoffer is a billboard hanger, 24 years old and carefree. When his girlfriend Elisabeth dumps him for the boss of her trend bureau, his life falls into pieces. He feels like a loser. By ...                See full summary »",sadness,Buddy,Buddy,1,"['Adventure', 'Comedy', 'Family']",5.9,5.5,4.0,8.0,20,10,"['Adventure', 'Comedy', 'Family']",3,adventure comedy family,39,226,3.044522437723423,2.3978952727983707
A guy's regrets over moving in with his girlfriend are compounded when she dies and comes back as a zombie.,sadness,Burying the Ex,Burying the Ex,1,"['Comedy', 'Horror']",4.8125,5.0,3.0,6.0,16,16,"['Comedy', 'Horror']",2,comedy horror,20,107,2.833213344056216,2.833213344056216
"The flapping of a butterfly divides Romina's universe into two parallel possibilities: In the first one, she is abandoned by her biological mother, and then raised by another family with ...                See full summary »",sadness,Butterfly,Butterfly,1,['Drama'],4.5,4.5,4.0,5.0,12,4,['Drama'],1,drama,35,224,2.5649493574615367,1.6094379124341003
A travel writer (Graham) who begrudgingly assumes control of her father's wedding magazine finds the new experience might just change her take on love.,sadness,Cake,Cake,1,"['Drama', 'Comedy', 'Romance']",6.2727272727272725,6.5,2.0,10.0,44,22,"['Drama', 'Comedy', 'Romance']",3,drama comedy romance,24,151,3.8066624897703196,3.1354942159291497
A woman who takes care of her aging parents and their land is joined by her sister when their parents' health worsens.,sadness,Cake,Cake,1,"['Drama', 'Comedy', 'Romance']",6.2727272727272725,6.5,2.0,10.0,44,22,"['Drama', 'Comedy', 'Romance']",3,drama comedy romance,22,118,3.8066624897703196,3.1354942159291497
"A Parisian courtesan must choose between the young man who loves her and the callous baron who wants her, even as her own health begins to fail.",sadness,Camille,Camille,1,"['Drama', 'Romance']",4.0,4.0,4.0,4.0,2,1,"['Drama', 'Romance']",2,drama romance,27,144,1.0986122886681098,0.6931471805599453
"A courtesan and an idealistic young man fall in love, only for her to give up the relationship at his status-conscious father's request.",sadness,Camille,Camille,1,"['Drama', 'Romance']",4.0,4.0,4.0,4.0,2,1,"['Drama', 'Romance']",2,drama romance,23,136,1.0986122886681098,0.6931471805599453
"Max is agoraphobic and lives in a cabin in the middle of nowhere. One night, he finds a beautiful unconscious woman (Bianca). Her body is covered with blood.",sadness,Cannibal,Cannibal,1,['Thriller'],6.0,6.0,6.0,6.0,4,2,['Thriller'],1,thriller,28,157,1.6094379124341003,1.0986122886681098
"When a fisherman leaves to fight with the Greek army during World War II, his fiancée falls in love with the local Italian commander.",sadness,Captain Corelli's Mandolin,Captain Corelli's Mandolin,1,"['Drama', 'History', 'Romance']",6.833333333333333,7.0,2.0,10.0,18,18,"['Drama', 'History', 'Romance']",3,drama history romance,24,133,2.9444389791664403,2.9444389791664403
A young girl from a provincial town learns the bitter reality of a big city and great love.,sadness,Carrie,Carrie,1,"['Horror', 'Thriller']",7.111111111111111,8.0,2.0,10.0,72,18,"['Horror', 'Thriller']",2,horror thriller,18,91,4.290459441148391,2.9444389791664403
A cynical expatriate American cafe owner struggles to decide whether or not to help his former lover and her fugitive husband escape the Nazis in French Morocco.,sadness,Casablanca,Casablanca,1,"['Drama', 'Romance']",2.3333333333333335,2.0,2.0,3.0,3,3,"['Drama', 'Romance']",2,drama romance,27,161,1.3862943611198906,1.3862943611198906
A FedEx executive undergoes a physical and emotional transformation after crash landing on a deserted island.,sadness,Cast Away,Cast Away,1,"['Adventure', 'Drama']",8.583333333333334,9.0,6.0,10.0,12,12,"['Adventure', 'Drama']",2,adventure drama,16,109,2.5649493574615367,2.5649493574615367
A woman struggles to accept the death of her fiancé and the secrets he kept from her as she rebuilds her life.,sadness,Catch and Release,Catch and Release,1,"['Comedy', 'Drama', 'Romance']",6.777777777777778,7.5,2.0,10.0,18,18,"['Comedy', 'Drama', 'Romance']",3,comedy drama romance,22,110,2.9444389791664403,2.9444389791664403
"Two friends are off on a weekend outing. Marshall thinks the trip is to re-establish their friendship, but Sam has ulterior motives in mind as he crashes the wedding of a woman he still loves.",sadness,Ceremony,Ceremony,1,"['Comedy', 'Romance']",4.0,4.0,4.0,4.0,2,2,"['Comedy', 'Romance']",2,comedy romance,35,192,1.0986122886681098,1.0986122886681098
"A successful executive in the cosmetic industry has three sexy girlfriends in three different states. When they decide to visit him in L.A., he's in big trouble.",sadness,Chasing Papi,Chasing Papi,1,"['Comedy', 'Romance']",6.7272727272727275,7.0,2.0,10.0,11,11,"['Comedy', 'Romance']",2,comedy romance,27,161,2.4849066497880004,2.4849066497880004
A French woman and her young daughter open up a chocolate shop in a small remote village that shakes up the rigid morality of the community.,sadness,Chocolat,Chocolat,1,"['Comedy', 'Drama', 'Romance']",1.0,1.0,1.0,1.0,3,1,"['Comedy', 'Drama', 'Romance']",3,comedy drama romance,26,140,1.3862943611198906,0.6931471805599453
"Shyam, an irresponsible guy joins a women's college, only to satisfy the wish of his mother who is also a lecturer there.",sadness,Chocolate,Chocolate,1,"['Action', 'Comedy', 'Crime']",6.125,6.0,3.0,8.0,16,16,"['Action', 'Comedy', 'Crime']",3,action comedy crime,22,121,2.833213344056216,2.833213344056216
A young woman forced into servitude by her step-family gets a chance to attend the royal ball.,sadness,Cinderella,Cinderella,1,"['Family', 'Fantasy', 'Animation', 'Romance']",5.473684210526316,4.0,2.0,10.0,209,19,"['Family', 'Fantasy', 'Animation', 'Romance']",4,family fantasy animation romance,17,94,5.3471075307174685,2.995732273553991
"When Cinderella's cruel stepmother prevents her from attending the Royal Ball, she gets some unexpected help from the lovable mice Gus and Jaq and from her Fairy Godmother.",sadness,Cinderella,Cinderella,1,"['Family', 'Fantasy', 'Animation', 'Romance']",5.473684210526316,4.0,2.0,10.0,209,19,"['Family', 'Fantasy', 'Animation', 'Romance']",4,family fantasy animation romance,28,172,5.3471075307174685,2.995732273553991
"When her father unexpectedly dies, young Ella finds herself at the mercy of her cruel stepmother and her scheming stepsisters. Never one to give up hope, Ella's fortunes begin to change after meeting a dashing stranger.",sadness,Cinderella,Cinderella,1,"['Family', 'Fantasy', 'Animation', 'Romance']",5.473684210526316,4.0,2.0,10.0,209,19,"['Family', 'Fantasy', 'Animation', 'Romance']",4,family fantasy animation romance,36,219,5.3471075307174685,2.995732273553991
"With the aid of a wealthy erratic tippler, a dewy-eyed tramp who has fallen in love with a sightless flower girl accumulates money to be able to help her medically.",sadness,City Lights,City Lights,1,"['Comedy', 'Drama', 'Romance']",7.222222222222222,7.0,4.0,9.0,9,9,"['Comedy', 'Drama', 'Romance']",3,comedy drama romance,30,164,2.302585092994046,2.302585092994046
"The wealthy president of a big railroad, who's beginning to crumble under the combined pressure of business, personal and physical problems, meets up with a pair of hoboes from whom he ...                See full summary »",sadness,City Limits,City Limits,1,"['Action', 'Science Fiction']",2.272727272727273,1.0,1.0,10.0,11,11,"['Action', 'Science Fiction']",2,action science_fiction,36,222,2.4849066497880004,2.4849066497880004
"A young man in private school spends one crazy night out, but soon realizes the woman he hooked up with is not who he expected.",sadness,Class,Class,1,"['Comedy', 'Drama']",5.8,6.0,3.0,9.0,10,10,"['Comedy', 'Drama']",2,comedy drama,25,127,2.3978952727983707,2.3978952727983707
"A penniless, skirt-chasing Italian nobleman finds love and scandal when he travels to New York City.",sadness,Cobra,Cobra,1,"['Drama', 'Romance']",7.230769230769231,8.0,2.0,10.0,26,13,"['Drama', 'Romance']",2,drama romance,16,100,3.295836866004329,2.6390573296152584
"A love triangle between a guy and two girls, who are best friends but the complete opposite of one another.",sadness,Cocktail,Cocktail,1,"['Drama', 'Romance']",7.647058823529412,8.0,2.0,10.0,34,17,"['Drama', 'Romance']",2,drama romance,20,107,3.5553480614894135,2.8903717578961645
"In the waning days of the American Civil War, a wounded soldier embarks on a perilous journey back home to Cold Mountain, North Carolina to reunite with his sweetheart.",sadness,Cold Mountain,Cold Mountain,1,['Drama'],6.666666666666667,7.5,2.0,9.0,6,6,['Drama'],1,drama,29,168,1.9459101490553132,1.9459101490553132
Maciste and his people flee their volcano-ravaged island. They end up caught in between two warring tribes.,sadness,Colossus and the Headhunters,Colossus and the Headhunters,1,"['Action', 'Adventure', 'Romance']",2.5,2.5,1.0,5.0,8,8,"['Action', 'Adventure', 'Romance']",3,action adventure romance,17,107,2.1972245773362196,2.1972245773362196
"This teen/twentysomething drama takes us on the afflicted journey of Ewan McKinnis the greeting card writer, whose true love Charlotte Hart has left him alone with his inability to commit ...                See full summary »",sadness,Come Together,Come Together,1,"['Family', 'Drama', 'Comedy']",7.0,8.5,2.0,9.0,4,4,"['Family', 'Drama', 'Comedy']",3,family drama comedy,35,225,1.6094379124341003,1.6094379124341003
Chander joins the army as a Commando but has to deal with the corrupt officials who deal with international criminals.,sadness,Commando,Commando,1,"['Action', 'Adventure', 'Thriller']",6.681818181818182,8.0,2.0,10.0,22,22,"['Action', 'Adventure', 'Thriller']",3,action adventure thriller,20,118,3.1354942159291497,3.1354942159291497
A college grad lands a job as a financial journalist in New York City to support where she nurtures her shopping addiction and falls for a wealthy entrepreneur.,sadness,Confessions of a Shopaholic,Confessions of a Shopaholic,1,"['Comedy', 'Romance']",6.2631578947368425,7.0,2.0,10.0,19,19,"['Comedy', 'Romance']",2,comedy romance,28,160,2.995732273553991,2.995732273553991
"A teenage girl is convinced that her home city revolves around her until her family packs up and moves to the suburbs, where she finds herself competing for attention.",sadness,Confessions of a Teenage Drama Queen,Confessions of a Teenage Drama Queen,1,['Comedy'],5.071428571428571,4.0,2.0,10.0,14,14,['Comedy'],1,comedy,29,167,2.70805020110221,2.70805020110221
A Duchess tries to divert her nephew's love from a woman of her own age to a younger girl.,sadness,Confetti,Confetti,1,"['Comedy', 'Romance']",4.0,4.0,4.0,4.0,1,1,"['Comedy', 'Romance']",2,comedy romance,19,90,0.6931471805599453,0.6931471805599453
A rapper gets stuck in a small town and falls for a local girl whose family is in witness protection.,sadness,Cool as Ice,Cool as Ice,1,"['Drama', 'Action', 'Comedy', 'Music', 'Romance']",4.095238095238095,1.0,1.0,10.0,21,21,"['Drama', 'Action', 'Comedy', 'Music', 'Romance']",5,drama action comedy music romance,20,101,3.091042453358316,3.091042453358316
"When a shy groom practices his wedding vows in the inadvertent presence of a deceased young woman, she rises from the grave assuming he has married her.",sadness,Corpse Bride,Corpse Bride,1,"['Romance', 'Fantasy', 'Animation', 'Music']",8.4,9.0,4.0,10.0,15,15,"['Romance', 'Fantasy', 'Animation', 'Music']",4,romance fantasy animation music,27,152,2.772588722239781,2.772588722239781
Tells the tale of three buddies in their 20's whose love-lives are in shambles. They go to Aspen to pursue the booming trend of dating cougars: hot older women who prey on hot young guys.,sadness,Cougar Hunting,Cougar Hunting,1,"['Comedy', 'Romance']",8.0,8.0,7.0,9.0,4,4,"['Comedy', 'Romance']",2,comedy romance,35,187,1.6094379124341003,1.6094379124341003
"Sixteen years ago, SYLVIE's first love mysteriously disappeared. Now, she's a badass private eye with a tough emotional shell and she's forced to solve a dangerous case with the man who broke her heart...CREED.",sadness,Creed,Creed,1,['Drama'],6.714285714285714,8.0,2.0,10.0,21,21,['Drama'],1,drama,34,210,3.091042453358316,3.091042453358316
"In the aftermath of a family tragedy, an aspiring author is torn between love for her childhood friend and the temptation of a mysterious outsider. Trying to escape the ghosts of her past, she is swept away to a house that breathes, bleeds - and remembers.",sadness,Crimson Peak,Crimson Peak,1,"['Mystery', 'Thriller', 'Fantasy', 'Horror', 'Drama']",5.7894736842105265,7.0,2.0,9.0,19,19,"['Mystery', 'Thriller', 'Fantasy', 'Horror', 'Drama']",5,mystery thriller fantasy horror drama,46,256,2.995732273553991,2.995732273553991
"Leila has developed a sunlight serum, friends are working on a vampirism cure but is Lance willing to give up his vampire and become human for his family? Will his decision cost him his family and the destruction of his entire coven?",sadness,Crossroads,Crossroads,1,"['Action', 'Adventure', 'Comedy', 'Drama', 'Family', 'Music', 'Romance']",3.1052631578947367,1.0,1.0,10.0,57,19,"['Action', 'Adventure', 'Comedy', 'Drama', 'Family', 'Music', 'Romance']",7,action adventure comedy drama family music romance,42,233,4.060443010546419,2.995732273553991
"Three childhood best friends, and a guy they just met, take a road trip across the country, finding themselves and their friendship in the process.",sadness,Crossroads,Crossroads,1,"['Action', 'Adventure', 'Comedy', 'Drama', 'Family', 'Music', 'Romance']",3.1052631578947367,1.0,1.0,10.0,57,19,"['Action', 'Adventure', 'Comedy', 'Drama', 'Family', 'Music', 'Romance']",7,action adventure comedy drama family music romance,25,147,4.060443010546419,2.995732273553991
"A homeless man and his young companion, who survive by conning people, meet a woman who may need them even more than they need her.",sadness,Curly Sue,Curly Sue,1,"['Comedy', 'Drama', 'Family', 'Romance']",7.5,7.0,4.0,10.0,16,16,"['Comedy', 'Drama', 'Family', 'Romance']",4,comedy drama family romance,25,131,2.833213344056216,2.833213344056216
A widower finds out the woman he fell in love with is his brother's girlfriend.,sadness,Dan in Real Life,Dan in Real Life,1,"['Comedy', 'Romance', 'Drama']",8.0,8.0,4.0,10.0,18,18,"['Comedy', 'Romance', 'Drama']",3,comedy romance drama,15,79,2.9444389791664403,2.9444389791664403
"As Jahaan is going to die in a few months, Bahman, his brother, arranges for his closest friends to gather in Jahaan's farm house in north, to celebrate his (probably) last birthday together...",sadness,Dance with Me,Dance with Me,1,"['Drama', 'Music', 'Romance']",4.0,4.0,4.0,4.0,1,1,"['Drama', 'Music', 'Romance']",3,drama music romance,33,193,0.6931471805599453,0.6931471805599453
"A woman doesn't realize that the man she has just married is a gangster. When she is implicated in a murder he committed, she turns to an ex-boyfriend, who is now a park ranger, for help.",sadness,Dark Mountain,Dark Mountain,1,"['Horror', 'Science Fiction', 'Thriller']",5.0,5.0,5.0,5.0,1,1,"['Horror', 'Science Fiction', 'Thriller']",3,horror science_fiction thriller,36,187,0.6931471805599453,0.6931471805599453
"A man cheats on his wife with his secretary, but things take a major shift after he accidentally kills her.",sadness,Darling,Darling,1,"['Drama', 'Romance']",5.0,5.0,4.0,6.0,15,5,"['Drama', 'Romance']",2,drama romance,20,107,2.772588722239781,1.791759469228055
"To save himself from an unwanted marriage to a gangster's daughter, a man tells the story of reuniting with his childhood sweetheart in Switzerland.",sadness,Darling,Darling,1,"['Drama', 'Romance']",5.0,5.0,4.0,6.0,15,5,"['Drama', 'Romance']",2,drama romance,24,148,2.772588722239781,1.791759469228055
Two guys who make a pact to lose their virginity before prom find their friendship tested when one of them comes out of the closet.,sadness,Date and Switch,Date and Switch,1,['Comedy'],6.0,5.0,4.0,9.0,3,3,['Comedy'],1,comedy,25,131,1.3862943611198906,1.3862943611198906
"The whole movie occurs entirely in one place; a big white vacation house in Tagaytay, Cavite and only with two male characters. In a single narrative time, intending by way of voyeurism, the film allows viewers to discover what happens when two men spend one night contemplating whether to break up or continue their relationship.",sadness,Daybreak,Daybreak,1,"['Action', 'Drama', 'Romance', 'Science Fiction', 'TV Movie']",4.2,4.0,2.0,7.0,5,5,"['Action', 'Drama', 'Romance', 'Science Fiction', 'TV Movie']",5,action drama romance science_fiction tv_movie,55,330,1.791759469228055,1.791759469228055
Two college students kill their roommate and make it look like a suicide.,sadness,Dead Man's Curve,Dead Man's Curve,1,"['Drama', 'Horror', 'Mystery', 'Thriller']",4.0,4.0,4.0,4.0,1,1,"['Drama', 'Horror', 'Mystery', 'Thriller']",4,drama horror mystery thriller,13,73,0.6931471805599453,0.6931471805599453
"Trent Butler, a listless 20 something, accidentally kills himself after a breakup. He negotiates with Death to get a 2 week extension to accomplish something with his life.",sadness,Deadline,Deadline,1,"['Drama', 'Thriller']",5.043478260869565,4.0,2.0,10.0,115,23,"['Drama', 'Thriller']",2,drama thriller,28,172,4.7535901911063645,3.1780538303479458
"After marrying her long-lost love, a musician finds the relationship threatened by a wealthy composer who is besotted with her.",sadness,Deception,Deception,1,"['Drama', 'Romance']",1.0,1.0,1.0,1.0,2,1,"['Drama', 'Romance']",2,drama romance,20,127,1.0986122886681098,0.6931471805599453
"The story of the ill-fated second wife of the English king Henry VIII, whose marriage to the Henry led to momentous political and religious turmoil in England.",sadness,Deception,Deception,1,"['Drama', 'Romance']",1.0,1.0,1.0,1.0,2,1,"['Drama', 'Romance']",2,drama romance,27,159,1.0986122886681098,0.6931471805599453
"15-year-old dropout Mike takes a job at Newford Baths, where inappropriate sexual behaviour abounds, and becomes obsessed with his coworker Susan.",sadness,Deep End,Deep End,1,"['Romance', 'Drama', 'Comedy']",1.0,1.0,1.0,1.0,1,1,"['Romance', 'Drama', 'Comedy']",3,romance drama comedy,21,146,0.6931471805599453,0.6931471805599453
A political consultant tries to explain his impending divorce and past relationships to his 11-year-old daughter.,sadness,"Definitely, Maybe","Definitely, Maybe",1,"['Comedy', 'Romance']",6.8,7.0,2.0,9.0,20,20,"['Comedy', 'Romance']",2,comedy romance,16,113,3.044522437723423,3.044522437723423
An uptown girl loses her memory after getting a disturbing message from her doctor and ends up in the wrong part of town among criminals and prostitutes.,sadness,Derailed,Derailed,1,"['Drama', 'Thriller']",3.5714285714285716,3.0,1.0,10.0,42,21,"['Drama', 'Thriller']",2,drama thriller,27,153,3.7612001156935624,3.091042453358316
"Two friends lose their jobs, then part bitterly after they get exposed as male strippers.",sadness,Desi Boyz,Desi Boyz,1,"['Comedy', 'Drama']",4.916666666666667,5.0,3.0,7.0,12,12,"['Comedy', 'Drama']",2,comedy drama,15,89,2.5649493574615367,2.5649493574615367
"After breaking up with his childhood sweetheart, a young man finds solace in drugs. Meanwhile, a teenage girl is caught in the world of prostitution. Will they be destroyed, or will they find redemption?",sadness,Dev.D,Dev.D,1,"['Comedy', 'Drama', 'Romance']",6.6923076923076925,8.0,2.0,9.0,13,13,"['Comedy', 'Drama', 'Romance']",3,comedy drama romance,34,203,2.6390573296152584,2.6390573296152584
"During the last two years of her life, Princess Diana embarks on a final rite of passage: a secret love affair with Pakistani heart surgeon Hasnat Khan.",sadness,Diana,Diana,1,"['Drama', 'Romance']",5.714285714285714,6.0,2.0,9.0,14,14,"['Drama', 'Romance']",2,drama romance,27,152,2.70805020110221,2.70805020110221
A couple's seemingly solid marriage begins to crumble when the wife discovers that her husband intends to divorce her.,sadness,Diary of a Mad Black Woman,Diary of a Mad Black Woman,1,"['Comedy', 'Drama', 'Romance']",4.0,4.0,4.0,4.0,1,1,"['Comedy', 'Drama', 'Romance']",3,comedy drama romance,19,118,0.6931471805599453,0.6931471805599453
"In New York City, an estranged couple who witness a murder are relocated to small town Wyoming as part of the Witness Protection Program.",sadness,Did You Hear About the Morgans?,Did You Hear About the Morgans?,1,['Comedy'],5.136363636363637,6.0,1.0,10.0,22,22,['Comedy'],1,comedy,24,137,3.1354942159291497,3.1354942159291497
"Three inseparable childhood friends are just out of college. Nothing comes between them - until they each fall in love, and their wildly different approaches to relationships creates tension.",sadness,Dil Chahta Hai,Dil Chahta Hai,1,"['Drama', 'Romance']",6.2,6.5,2.0,9.0,10,10,"['Drama', 'Romance']",2,drama romance,29,191,2.3978952727983707,2.3978952727983707
"The siblings of two estranged lovers fall for each other, unaware of the violent past that drove them apart.",sadness,Dilwale,Dilwale,1,"['Crime', 'Action', 'Comedy']",6.444444444444445,6.0,2.0,10.0,9,9,"['Crime', 'Action', 'Comedy']",3,crime action comedy,19,108,2.302585092994046,2.302585092994046
A jilted photographer goes on a mission to get back at her philandering model boyfriend and along the way discovers that not all love is created equal.,sadness,Dirty Love,Dirty Love,1,['Comedy'],4.695652173913044,1.0,1.0,10.0,23,23,['Comedy'],1,comedy,27,151,3.1780538303479458,3.1780538303479458
"The life of a Russian physician and poet who, although married to another, falls in love with a political activist's wife and experiences hardship during World War I and then the October Revolution.",sadness,Doctor Zhivago,Doctor Zhivago,1,"['Drama', 'Romance', 'War']",5.214285714285714,5.5,2.0,9.0,14,14,"['Drama', 'Romance', 'War']",3,drama romance war,33,198,2.70805020110221,2.70805020110221
"In the English countryside, young Mary Viner has an opportunity to marry Arnold Furze, the hard-working but lonely owner of the oddly-named Doomsday Farm. He sacrifices a treasured stand of...                See full summary »",sadness,Doomsday,Doomsday,1,"['Action', 'Thriller', 'Science Fiction']",6.578947368421052,7.0,2.0,10.0,19,19,"['Action', 'Thriller', 'Science Fiction']",3,action thriller science_fiction,34,226,2.995732273553991,2.995732273553991
"Shy, timid banker Florian Amidon is assaulted, robbed, and knocked out while on vacation. When he wakes up he discovers that he's in the booming oil town of Bakerstown, has no memory of how...                See full summary »",sadness,Double Trouble,Double Trouble,1,"['Comedy', 'Music', 'Romance']",5.5,5.0,3.0,9.0,12,4,"['Comedy', 'Music', 'Romance']",3,comedy music romance,38,226,2.5649493574615367,1.6094379124341003
Siavash Roozbehan is a young man and he has lost his father after his mysterious suicide.His uncle is managing his father's wealth. He is in love with his cousin Mahtab whose father is his ...                See full summary »,sadness,Doubt,Doubt,1,"['Drama', 'Mystery']",5.785714285714286,6.0,2.0,9.0,14,14,"['Drama', 'Mystery']",2,drama mystery,39,226,2.70805020110221,2.70805020110221
A young man wins and loses the first serious love of his life. Al Connelly falls in love with the girl of his dreams. After the summer she breaks up with him. As he tries to recover Al goes to desperate measures.,sadness,Down to You,Down to You,1,"['Comedy', 'Drama', 'Family', 'Romance']",5.25,5.0,2.0,10.0,12,12,"['Comedy', 'Drama', 'Family', 'Romance']",4,comedy drama family romance,42,212,2.5649493574615367,2.5649493574615367
An accident puts the consciousness of an elderly dream researcher into the body of a bratty teenager. The problem? The kid prefers dreamworld limbo to real life.,sadness,Dream a Little Dream,Dream a Little Dream,1,"['Fantasy', 'Comedy', 'Science Fiction', 'Romance']",5.0,5.0,5.0,5.0,1,1,"['Fantasy', 'Comedy', 'Science Fiction', 'Romance']",4,fantasy comedy science_fiction romance,27,161,0.6931471805599453,0.6931471805599453
"Nicole and Chase used to be BFFs, then junior high happened. The high school centennial dance is coming but Nicole gets dumped. So does Chase. They stage a relationship to get at their exes. They visit each other's worlds. Love in the air?",sadness,Drive Me Crazy,Drive Me Crazy,1,"['Drama', 'Comedy', 'Romance', 'Family']",5.428571428571429,6.0,3.0,7.0,7,7,"['Drama', 'Comedy', 'Romance', 'Family']",4,drama comedy romance family,43,239,2.0794415416798357,2.0794415416798357
"A married woman realizes how unhappy her marriage really is, and that her life needs to go in a different direction. After a painful divorce, she takes off on a round-the-world journey to ""find herself"".",sadness,Eat Pray Love,Eat Pray Love,1,['Drama'],6.705882352941177,8.0,2.0,10.0,17,17,['Drama'],1,drama,35,203,2.8903717578961645,2.8903717578961645
"After getting dumped by his slutty girlfriend, Caleb falls in love with Gwen. However, thanks to Caleb's roommate, Gwen thinks he's gay and sets him up with her roommate, Marc.",sadness,Eating Out,Eating Out,1,['Comedy'],6.0,6.0,6.0,6.0,2,2,['Comedy'],1,comedy,30,176,1.0986122886681098,1.0986122886681098
The ups and downs of a relationship are shown throughout the course of two very different days and three equally different locations.,sadness,Echoes,Echoes,1,"['Drama', 'Horror', 'Thriller']",5.4,5.0,5.0,7.0,5,5,"['Drama', 'Horror', 'Thriller']",3,drama horror thriller,22,133,1.791759469228055,1.791759469228055
A successful chef falls for a married woman.,sadness,Eden,Eden,1,['Drama'],4.555555555555555,4.0,2.0,8.0,27,9,['Drama'],1,drama,8,44,3.332204510175204,2.302585092994046
The solitary life of an artificial man - who was incompletely constructed and has scissors for hands - is upended when he is taken in by a suburban family.,sadness,Edward Scissorhands,Edward Scissorhands,1,"['Fantasy', 'Drama', 'Romance']",7.5,10.0,2.0,10.0,22,22,"['Fantasy', 'Drama', 'Romance']",3,fantasy drama romance,29,155,3.1354942159291497,3.1354942159291497
Michael and Bruce are the joint owners of a computer software company which is the subject of a fierce takeover bid by a rival corporation.,sadness,Eloise,Eloise,1,"['Horror', 'Mystery', 'Thriller']",4.533333333333333,4.0,2.0,10.0,15,15,"['Horror', 'Mystery', 'Thriller']",3,horror mystery thriller,25,139,2.772588722239781,2.772588722239781
Emmanuelle and her architect husband continue their amoral lifestyle in the Seychelles. But when a casual dalliance between her and a film director starts to turn serious her husband shows very traditional signs of jealousy,sadness,Emmanuelle 3,Emmanuelle 3,1,['Drama'],6.5,6.5,6.0,7.0,2,2,['Drama'],1,drama,35,223,1.0986122886681098,1.0986122886681098
"A young maiden in a land called Andalasia, who is prepared to be wed, is sent away to New York City by an evil Queen, where she falls in love with a lawyer.",sadness,Enchanted,Enchanted,1,"['Comedy', 'Family', 'Fantasy', 'Romance']",6.444444444444445,8.0,2.0,10.0,18,18,"['Comedy', 'Family', 'Fantasy', 'Romance']",4,comedy family fantasy romance,33,156,2.9444389791664403,2.9444389791664403
The story of a privileged girl and a charismatic boy whose instant desire sparks a love affair made only more reckless by parents trying to keep them apart.,sadness,Endless Love,Endless Love,1,"['Romance', 'Drama']",7.384615384615385,10.0,3.0,10.0,26,13,"['Romance', 'Drama']",2,romance drama,28,156,3.295836866004329,2.6390573296152584
"When their relationship turns sour, a couple undergoes a medical procedure to have each other erased from their memories for ever.",sadness,Eternal Sunshine of the Spotless Mind,Eternal Sunshine of the Spotless Mind,1,"['Science Fiction', 'Drama', 'Romance']",4.0,4.0,4.0,4.0,1,1,"['Science Fiction', 'Drama', 'Romance']",3,science_fiction drama romance,21,130,0.6931471805599453,0.6931471805599453
"When Florette, a popular actress, and her friend Edith become rivals for the love of Walter Stanley, a leading man, Florette sacrifices her feelings for the other girl. Three years later, ...                See full summary »",sadness,Evidence,Evidence,1,"['Horror', 'Thriller', 'Mystery']",6.086956521739131,7.0,2.0,9.0,69,23,"['Horror', 'Thriller', 'Mystery']",3,horror thriller mystery,36,225,4.248495242049359,3.1780538303479458
"Featuring an award winning central performance by Chen Shiang-Chyi, the film focuses on a Taiwanese woman struggling with middle age and early-onset menopause, balancing her repressed desire against conforming to social expectations.",sadness,Exit,Exit,1,"['Drama', 'Mystery', 'Thriller']",10.0,10.0,10.0,10.0,3,1,"['Drama', 'Mystery', 'Thriller']",3,drama mystery thriller,32,233,1.3862943611198906,0.6931471805599453
"Young Maria lives her upper class life in the shadow of her husband Carl, and gets pregnant. She doubts her value as a wife, and is drawn to a couple of other less respectable men., which leads to a crisis.",sadness,Exit,Exit,1,"['Drama', 'Mystery', 'Thriller']",10.0,10.0,10.0,10.0,3,1,"['Drama', 'Mystery', 'Thriller']",3,drama mystery thriller,40,206,1.3862943611198906,0.6931471805599453
"A magazine reporter exposes a crooked District Attorney, resulting in his trial. Complications ensue, however, when the man is acquitted.",sadness,Exposed,Exposed,1,"['Drama', 'Music']",6.5,7.0,2.0,10.0,54,18,"['Drama', 'Music']",2,drama music,20,137,4.007333185232471,2.9444389791664403
"A young girl finds herself in a reform school after therapy since she was blamed for the death of a young boy. At the school she finds herself drawn to a fellow student, unaware that he is an angel, and has loved her for thousands of years.",sadness,Fallen,Fallen,1,"['Thriller', 'Fantasy', 'Crime', 'Drama']",7.444444444444445,8.0,3.0,10.0,72,18,"['Thriller', 'Fantasy', 'Crime', 'Drama']",4,thriller fantasy crime drama,47,240,4.290459441148391,2.9444389791664403
A young man becomes suspicious when his recently widowed mother decides to re-marry soon after his stepfather's death.,sadness,Fascination,Fascination,1,"['Foreign', 'Horror', 'Drama']",6.181818181818182,8.0,1.0,10.0,22,22,"['Foreign', 'Horror', 'Drama']",3,foreign horror drama,18,118,3.1354942159291497,3.1354942159291497
"A computer-scientist/novelist reunites with his childhood friend, hacks into government databases, and faces the dire and fateful consequences of the mystical actions he obtained as a child.",sadness,Fateful Findings,Fateful Findings,1,"['Drama', 'Fantasy', 'Thriller']",7.714285714285714,10.0,2.0,10.0,21,21,"['Drama', 'Fantasy', 'Thriller']",3,drama fantasy thriller,27,190,3.091042453358316,3.091042453358316
"George Banks must deal not only with his daughter's pregnancy, but also with his wife's.",sadness,Father of the Bride Part II,Father of the Bride Part II,1,['Comedy'],8.444444444444445,9.5,4.0,10.0,18,18,['Comedy'],1,comedy,15,88,2.9444389791664403,2.9444389791664403
"Several intertwined stories about couples of different ages and their relation to sex. A middle-aged woman discovers S&M, a police man suddenly gets a penis complex, a high school girl can not get the guy she wants.",sadness,Festival,Festival,1,"['Music', 'Documentary']",4.5,4.5,2.0,7.0,2,2,"['Music', 'Documentary']",2,music documentary,37,215,1.0986122886681098,1.0986122886681098
"In pre-revolutionary Russia, a Jewish peasant with traditional values contends with marrying off three of his daughters with modern romantic ideals while growing anti-Semitic sentiment threatens his village.",sadness,Fiddler on the Roof,Fiddler on the Roof,1,"['Drama', 'Romance']",5.090909090909091,5.0,2.0,8.0,11,11,"['Drama', 'Romance']",2,drama romance,28,207,2.4849066497880004,2.4849066497880004
A man embarks on a road trip to find his lost love.,sadness,Finding Fanny,Finding Fanny,1,"['Romance', 'Comedy', 'Drama']",4.0,3.5,3.0,6.0,4,4,"['Romance', 'Comedy', 'Drama']",3,romance comedy drama,12,51,1.6094379124341003,1.6094379124341003
"A young woman from a Catholic school and a young man from a nearby prison camp fall in love and must run away together to escape the law, the church and their parents.",sadness,Fire with Fire,Fire with Fire,1,"['Action', 'Crime', 'Drama', 'Thriller']",5.2727272727272725,5.0,2.0,10.0,44,22,"['Action', 'Crime', 'Drama', 'Thriller']",4,action crime drama thriller,33,167,3.8066624897703196,3.1354942159291497
"Lancelot falls in love with Guinevere, who is due to be married to King Arthur. Meanwhile, a violent warlord tries to seize power from Arthur and his Knights of the Round Table.",sadness,First Knight,First Knight,1,"['Action', 'Adventure', 'Drama', 'Romance']",6.647058823529412,7.0,2.0,10.0,17,17,"['Action', 'Adventure', 'Drama', 'Romance']",4,action adventure drama romance,32,177,2.8903717578961645,2.8903717578961645
A widowed professor gets the summer on a Greek island to finish his database on ancient love spells. He brings his daughter. She tries to find a woman or mermaid for her socially awkward dad.,sadness,Fishtales,Fishtales,1,"['Fantasy', 'Drama', 'Comedy', 'Science Fiction', 'Romance', 'Family', 'Foreign']",4.25,3.0,2.0,9.0,8,8,"['Fantasy', 'Drama', 'Comedy', 'Science Fiction', 'Romance', 'Family', 'Foreign']",7,fantasy drama comedy science_fiction romance family foreign,35,191,2.1972245773362196,2.1972245773362196
"A former Civil War soldier returns to take revenge from a Yaqui chief who killed his wife in the marriage night. Death plays with both men, plus gun-runners and gold-runners, as her emissaries on Earth, to do a large harvest of souls.",sadness,Five Bloody Graves,Five Bloody Graves,1,"['Western', 'Thriller']",4.0,5.0,2.0,6.0,5,5,"['Western', 'Thriller']",2,western thriller,42,234,1.791759469228055,1.791759469228055
Two prisoners chained together flee during an escape attempt gone bad.,sadness,Fled,Fled,1,"['Action', 'Comedy', 'Thriller']",5.333333333333333,5.0,3.0,9.0,12,12,"['Action', 'Comedy', 'Thriller']",3,action comedy thriller,11,70,2.5649493574615367,2.5649493574615367
"A city teenager moves to a small town where rock music and dancing have been banned, and his rebellious spirit shakes up the populace.",sadness,Footloose,Footloose,1,"['Drama', 'Family', 'Music', 'Romance']",5.636363636363637,4.0,3.0,10.0,22,11,"['Drama', 'Family', 'Music', 'Romance']",4,drama family music romance,24,134,3.1354942159291497,2.4849066497880004
"City teenager Ren MacCormack moves to a small town where rock music and dancing have been banned, and his rebellious spirit shakes up the populace.",sadness,Footloose,Footloose,1,"['Drama', 'Family', 'Music', 'Romance']",5.636363636363637,4.0,3.0,10.0,22,11,"['Drama', 'Family', 'Music', 'Romance']",4,drama family music romance,25,147,3.1354942159291497,2.4849066497880004
A soon-to-be-married man encounters an exciting stranger after his plane suffers an accident on takeoff.,sadness,Forces of Nature,Forces of Nature,1,"['Romance', 'Comedy']",7.3076923076923075,7.0,2.0,10.0,13,13,"['Romance', 'Comedy']",2,romance comedy,15,104,2.6390573296152584,2.6390573296152584
Two lovers from decades ago find themselves reincarnated in the modern world.,sadness,Forever,Forever,1,['Documentary'],5.7272727272727275,7.0,2.0,9.0,33,11,['Documentary'],1,documentary,12,77,3.5263605246161616,2.4849066497880004
"When Hannah's fiancee dies during a violent crime, she chooses to take custody of his child and run his bar. Clearly over her head, she accepts the help of Mike, a friend of her fiancee who has his own reasons for wanting to help.",sadness,Forever,Forever,1,['Documentary'],5.7272727272727275,7.0,2.0,9.0,33,11,['Documentary'],1,documentary,44,230,3.5263605246161616,2.4849066497880004
"Devastated Peter takes a Hawaiian vacation in order to deal with the recent break-up with his TV star girlfriend, Sarah. Little does he know, Sarah's traveling to the same resort as her ex - and she's bringing along her new boyfriend.",sadness,Forgetting Sarah Marshall,Forgetting Sarah Marshall,1,"['Comedy', 'Romance', 'Drama']",7.625,8.0,2.0,10.0,16,16,"['Comedy', 'Romance', 'Drama']",3,comedy romance drama,41,234,2.833213344056216,2.833213344056216
A couple struggles to visit all four of their divorced parents on Christmas.,sadness,Four Christmases,Four Christmases,1,"['Comedy', 'Romance', 'Drama']",4.823529411764706,5.0,2.0,9.0,17,17,"['Comedy', 'Romance', 'Drama']",3,comedy romance drama,13,76,2.8903717578961645,2.8903717578961645
"A psychosexual noir love story, set in Las Vegas and Paris, about love, obsession, sex, betrayal, revenge and, ultimately, the search for redemption.",sadness,Frank & Lola,Frank & Lola,1,"['Drama', 'Mystery', 'Romance']",4.0,4.0,4.0,4.0,1,1,"['Drama', 'Mystery', 'Romance']",3,drama mystery romance,23,149,0.6931471805599453,0.6931471805599453
"An overworked mother and her daughter do not get along. When they switch bodies, each is forced to adapt to the other's life for one freaky Friday.",sadness,Freaky Friday,Freaky Friday,1,"['Fantasy', 'Comedy', 'Family']",7.176470588235294,8.0,4.0,10.0,51,17,"['Fantasy', 'Comedy', 'Family']",3,fantasy comedy family,27,147,3.9512437185814275,2.8903717578961645
A soon-to-be-father policeman falls for a gay fellow officer and his life starts falling apart.,sadness,Free Fall,Free Fall,1,"['Drama', 'Romance']",4.545454545454546,4.0,3.0,6.0,22,11,"['Drama', 'Romance']",2,drama romance,15,95,3.1354942159291497,2.4849066497880004
"A Cincinnati college student breaks off his engagement to his wealthy fiancée after he falls in love with a backwoods Kentucky girl he meets at a party. She claims to be 20 years old, but ...                See full summary »",sadness,Fresh Horses,Fresh Horses,1,"['Drama', 'Romance']",6.75,7.0,2.0,9.0,12,12,"['Drama', 'Romance']",2,drama romance,40,225,2.5649493574615367,2.5649493574615367
"A young man and woman decide to take their friendship to the next level without becoming a couple, but soon discover that adding sex only leads to complications.",sadness,Friends with Benefits,Friends with Benefits,1,"['Romance', 'Comedy']",5.733333333333333,7.0,2.0,10.0,15,15,"['Romance', 'Comedy']",2,romance comedy,28,161,2.772588722239781,2.772588722239781
"After she quits her lucrative job, Olivia finds herself unsure about her future and her relationships with her successful and wealthy friends.",sadness,Friends with Money,Friends with Money,1,"['Comedy', 'Drama', 'Romance']",6.473684210526316,7.0,2.0,9.0,19,19,"['Comedy', 'Drama', 'Romance']",3,comedy drama romance,22,142,2.995732273553991,2.995732273553991
"A Latina spin on Jane Austen's ""Sense and Sensibility"": two spoiled sisters who have been left penniless after their father's sudden death are forced to move in with their estranged aunt in East Los Angeles.",sadness,From Prada to Nada,From Prada to Nada,1,"['Comedy', 'Drama', 'Romance']",5.818181818181818,6.0,3.0,9.0,11,11,"['Comedy', 'Drama', 'Romance']",3,comedy drama romance,35,207,2.4849066497880004,2.4849066497880004
"Simran, who relocates to Seoul, is distraught when Daya, a gangster, re-enters her life. She has to make a choice between him and her lover Akash, who is a singer at an Indian restaurant.",sadness,Gangster,Gangster,1,"['Romance', 'Crime', 'Drama']",4.666666666666667,4.5,1.0,9.0,6,6,"['Romance', 'Crime', 'Drama']",3,romance crime drama,34,187,1.9459101490553132,1.9459101490553132
A quietly troubled young man returns home for his mother's funeral after being estranged from his family for a decade.,sadness,Garden State,Garden State,1,"['Comedy', 'Drama', 'Romance']",6.0,8.0,2.0,9.0,5,5,"['Comedy', 'Drama', 'Romance']",3,comedy drama romance,20,118,1.791759469228055,1.791759469228055
A high school senior's girlfriend breaks up with him. His friends try to make him think of something else. His friend's sister Kelly helps him with the school musical. Spending time with Kelly has an effect.,sadness,Get Over It,Get Over It,1,"['Comedy', 'Romance']",5.833333333333333,6.0,3.0,9.0,12,12,"['Comedy', 'Romance']",2,comedy romance,36,207,2.5649493574615367,2.5649493574615367
"An expecting mother finds it difficult to see humor in her husband, who is unable to land a job.",sadness,Get a Job,Get a Job,1,['Comedy'],5.15,5.0,2.0,10.0,20,20,['Comedy'],1,comedy,19,96,3.044522437723423,3.044522437723423
"Bertram Pincus is a man whose people skills leave much to be desired. When Pincus dies unexpectedly, but is miraculously revived after seven minutes, he wakes up to discover that he now has the annoying ability to see ghosts.",sadness,Ghost Town,Ghost Town,1,"['Comedy', 'Fantasy', 'Romance']",5.222222222222222,5.0,2.0,9.0,9,9,"['Comedy', 'Fantasy', 'Romance']",3,comedy fantasy romance,39,225,2.302585092994046,2.302585092994046
"Elderly Scott kills himself after a heart attack wrecks his body, but then comes back as a ghost and convinces his loving young hot wife Katie to pick and kill a young man in order for Scott to possess his body and be with her again.",sadness,Ghosts Can't Do It,Ghosts Can't Do It,1,"['Fantasy', 'Action', 'Comedy', 'Science Fiction', 'Romance']",2.1,1.0,1.0,10.0,10,10,"['Fantasy', 'Action', 'Comedy', 'Science Fiction', 'Romance']",5,fantasy action comedy science_fiction romance,46,233,2.3978952727983707,2.3978952727983707
"While attending his brother's wedding, a serial womanizer is haunted by the ghosts of his past girlfriends.",sadness,Ghosts of Girlfriends Past,Ghosts of Girlfriends Past,1,"['Fantasy', 'Comedy', 'Romance']",6.142857142857143,6.0,2.0,10.0,21,21,"['Fantasy', 'Comedy', 'Romance']",3,fantasy comedy romance,17,107,3.091042453358316,3.091042453358316
"A mattress salesman's plan to adopt a Chinese baby is augmented by the arrival of a young woman who comes to his workplace, falls asleep on one of the beds, and upon waking starts to affect his life.",sadness,Gigantic,Gigantic,1,"['Comedy', 'Romance']",6.111111111111111,6.0,4.0,9.0,9,9,"['Comedy', 'Romance']",2,comedy romance,38,199,2.302585092994046,2.302585092994046
"A story set in Santiago and centered on Gloria, a free-spirited older woman, and the realities of her whirlwind relationship with a former naval officer whom she meets out in the clubs.",sadness,Gloria,Gloria,1,"['Drama', 'Action', 'Thriller', 'Crime']",4.0,4.0,4.0,4.0,3,1,"['Drama', 'Action', 'Thriller', 'Crime']",4,drama action thriller crime,32,185,1.3862943611198906,0.6931471805599453
"When 80-year-old Max Sabatini dies, he leaves his three prized orangutans in the care of his only son, Foster. To inherit his father's $5-million fortune, Foster must take care of the apes for the next five years.",sadness,Going Ape!,Going Ape!,1,['Comedy'],8.0,8.0,7.0,9.0,4,4,['Comedy'],1,comedy,37,213,1.6094379124341003,1.6094379124341003
"What would you do if everything you knew and loved just disappeared from your memories? Scott Bainer (Drew Kochera) used to live a great life, until a group of people broke into his house ...                See full summary »",sadness,Gone,Gone,1,"['Drama', 'Thriller']",6.391304347826087,7.0,2.0,10.0,46,23,"['Drama', 'Thriller']",2,drama thriller,39,225,3.8501476017100584,3.1780538303479458
"A narcissistic, self-centered weatherman finds himself in a time loop on Groundhog Day, and the day keeps repeating until he gets it right.",sadness,Groundhog Day,Groundhog Day,1,"['Romance', 'Fantasy', 'Drama', 'Comedy']",8.058823529411764,9.0,2.0,10.0,17,17,"['Romance', 'Fantasy', 'Drama', 'Comedy']",4,romance fantasy drama comedy,23,139,2.8903717578961645,2.8903717578961645
A doctor washes ashore on an island inhabited by little people.,sadness,Gulliver's Travels,Gulliver's Travels,1,"['Action', 'Adventure', 'Animation', 'Family']",3.7083333333333335,3.5,1.0,9.0,96,24,"['Action', 'Adventure', 'Animation', 'Family']",4,action adventure animation family,11,63,4.574710978503383,3.2188758248682006
An American widow finds unexpected love with a man living wild on Hampstead Heath when they take on the developers who want to destroy his home.,sadness,Hampstead,Hampstead,1,"['Romance', 'Comedy']",4.0,4.0,4.0,4.0,1,1,"['Romance', 'Comedy']",2,romance comedy,26,144,0.6931471805599453,0.6931471805599453
"A nocturnal taxi ride with an abandoned wife and a young taxi driver, an expert in acute love disasters. Encounters with a lost dog whose owners a retired old couple are never up to much. A...                See full summary »",sadness,Happy New Year,Happy New Year,1,"['Comedy', 'Crime', 'Romance']",8.7,10.0,3.0,10.0,60,20,"['Comedy', 'Crime', 'Romance']",3,comedy crime romance,40,226,4.110873864173311,3.044522437723423
Nick and Charlie (Peter Falk and Charles Durning) are two crooks that rob Harry Winston's jewelry store. Nick portrays a rich elderly brother and sister by using prosthetics and make-up to con the manager.,sadness,Happy New Year,Happy New Year,1,"['Comedy', 'Crime', 'Romance']",8.7,10.0,3.0,10.0,60,20,"['Comedy', 'Crime', 'Romance']",3,comedy crime romance,34,205,4.110873864173311,3.044522437723423
"A young man, Aditya Singh (Adhyayan), who fell deeply in love with a beautiful girl (Ariana). Soon he had a severe heart-attack, and when consulted with his doctor-friend (Shekhar Suman), ...                See full summary »",sadness,Heartless,Heartless,1,"['Drama', 'Horror', 'Thriller']",5.9,5.0,3.0,9.0,10,10,"['Drama', 'Horror', 'Thriller']",3,drama horror thriller,35,225,2.3978952727983707,2.3978952727983707
"After a traumatic event reunites them, two former lovers are forced to examine their relationship and confront their past.",sadness,Heatstroke,Heatstroke,1,['Thriller'],4.8,4.0,1.0,10.0,10,10,['Thriller'],1,thriller,19,122,2.3978952727983707,2.3978952727983707
"A group of tough city kids have 'graduated' from reform school and are assigned to a ""Boy's Town"" type of inmate self-government city shelter. The shelter is run by Hiram Krispan (Grant ...                See full summary »",sadness,Hell's Kitchen,Hell's Kitchen,1,"['Crime', 'Drama']",7.166666666666667,7.0,4.0,9.0,12,12,"['Crime', 'Drama']",2,crime drama,37,223,2.5649493574615367,2.5649493574615367
A police officer receives a heart transplant from a murdered man whose ghost then follows him around insisting that he solve and avenge his murder.,sadness,Hello Brother,Hello Brother,1,"['Comedy', 'Foreign', 'Romance']",6.0,4.0,4.0,10.0,3,3,"['Comedy', 'Foreign', 'Romance']",3,comedy foreign romance,25,147,1.3862943611198906,1.3862943611198906
"In a near future, a lonely writer develops an unlikely relationship with an operating system designed to meet his every need.",sadness,Her,Her,1,"['Romance', 'Science Fiction', 'Drama']",8.416666666666666,9.0,3.0,10.0,12,12,"['Romance', 'Science Fiction', 'Drama']",3,romance science_fiction drama,21,125,2.5649493574615367,2.5649493574615367
The living Volkswagen Beetle helps an old lady protect her home from a corrupt developer.,sadness,Herbie Rides Again,Herbie Rides Again,1,"['Romance', 'Comedy', 'Family', 'Fantasy']",6.125,6.0,5.0,9.0,8,8,"['Romance', 'Comedy', 'Family', 'Fantasy']",4,romance comedy family fantasy,15,89,2.1972245773362196,2.1972245773362196
"A drama centered on three people - a blue-collar American, a French journalist and a London school boy - who are touched by death in different ways.",sadness,Hereafter,Hereafter,1,"['Drama', 'Fantasy']",6.894736842105263,8.0,2.0,10.0,19,19,"['Drama', 'Fantasy']",2,drama fantasy,27,148,2.995732273553991,2.995732273553991
"A boy and a girl find themselves stuck in a whirlpool of such intense love that they would do anything, go to any extent and face all odds for the one they love.",sadness,Hero,Hero,1,"['Drama', 'Comedy', 'Thriller', 'Mystery']",4.5,3.5,1.0,10.0,60,20,"['Drama', 'Comedy', 'Thriller', 'Mystery']",4,drama comedy thriller mystery,33,161,4.110873864173311,3.044522437723423
Two young people find love despite the violent landscape in which they live.,sadness,Heropanti,Heropanti,1,"['Romance', 'Action']",5.545454545454546,5.0,4.0,9.0,11,11,"['Romance', 'Action']",2,romance action,13,76,2.4849066497880004,2.4849066497880004
A homeless family lays claim to an abandoned house only to discover gangsters use it as a safe house after committing robberies.,sadness,Hideaway,Hideaway,1,"['Drama', 'Thriller']",5.166666666666667,5.5,4.0,6.0,6,6,"['Drama', 'Thriller']",2,drama thriller,22,128,1.9459101490553132,1.9459101490553132
"Rob, a record store owner and compulsive list maker, recounts his top five breakups, including the one in progress.",sadness,High Fidelity,High Fidelity,1,"['Comedy', 'Drama', 'Romance', 'Music']",7.666666666666667,8.0,3.0,9.0,9,9,"['Comedy', 'Drama', 'Romance', 'Music']",4,comedy drama romance music,19,115,2.302585092994046,2.302585092994046
"Disappointed that all his friends are married and happy, Ricky goes on the dating site and soon starts dating Danita, who seems to be way out of his league. However, everything comes at a price, he soon realizes.",sadness,Hit by Lightning,Hit by Lightning,1,"['Romance', 'Comedy', 'Crime']",4.25,4.5,3.0,5.0,4,4,"['Romance', 'Comedy', 'Crime']",3,romance comedy crime,38,212,1.6094379124341003,1.6094379124341003
A smooth-talking man falls for a hardened columnist while helping a shy accountant woo a beautiful heiress.,sadness,Hitch,Hitch,1,"['Comedy', 'Drama', 'Romance']",8.181818181818182,10.0,3.0,10.0,11,11,"['Comedy', 'Drama', 'Romance']",3,comedy drama romance,17,107,2.4849066497880004,2.4849066497880004
A fishergirl learns she is a duke's lost daughter but returns to her humble family.,sadness,Home,Home,1,['Documentary'],3.0,3.0,3.0,3.0,5,1,['Documentary'],1,documentary,15,83,1.791759469228055,0.6931471805599453
A romance set in 21st century Israel between two young Israelis trying to cope with the pressures of love and commitment in a reality that's aggressive hostile and isolating.,sadness,Home,Home,1,['Documentary'],3.0,3.0,3.0,3.0,5,1,['Documentary'],1,documentary,29,174,1.791759469228055,0.6931471805599453
"Lou mostly keeps to herself, grandmother Frida grieves for her husband's death, Tom isn't good at anything, and Henrik always finds the right book in his second-hand bookshop.",sadness,Home,Home,1,['Documentary'],3.0,3.0,3.0,3.0,5,1,['Documentary'],1,documentary,28,175,1.791759469228055,0.6931471805599453
"She watches him through the window as he loads the final pieces of furniture into the truck. They are counting down the last hours in their home. Their seven-month-old baby is asleep, ...                See full summary »",sadness,Home,Home,1,['Documentary'],3.0,3.0,3.0,3.0,5,1,['Documentary'],1,documentary,37,221,1.791759469228055,0.6931471805599453
"At the end of WW2, aboard a repatriation ship, an Army doctor reminisces about his war years while being interviewed by a reporter.",sadness,Homecoming,Homecoming,1,"['Horror', 'Thriller']",4.0,4.0,4.0,4.0,4,2,"['Horror', 'Thriller']",2,horror thriller,23,131,1.6094379124341003,1.0986122886681098
"Following World War I, after a long imprisonment, two German prisoner-of-war soldiers escape from a Siberian lead-mine. Karl manages to reach Germany before Richard, and is sheltered by ...                See full summary »",sadness,Homecoming,Homecoming,1,"['Horror', 'Thriller']",4.0,4.0,4.0,4.0,4,2,"['Horror', 'Thriller']",2,horror thriller,33,223,1.6094379124341003,1.0986122886681098
"When adventurous pets Chance, Shadow, and Sassy are accidentally separated from their vacationing humans, they're left to fend for themselves on the mean streets of San Francisco, searching for the ""golden bridge"" that will take them home.",sadness,Homeward Bound II: Lost in San Francisco,Homeward Bound II: Lost in San Francisco,1,"['Adventure', 'Comedy', 'Drama', 'Family']",6.222222222222222,6.0,4.0,9.0,9,9,"['Adventure', 'Comedy', 'Drama', 'Family']",4,adventure comedy drama family,37,239,2.302585092994046,2.302585092994046
"Honey is a sexy, tough music video choreographer who shakes up her life after her mentor gives her an ultimatum: sleep with him or be blacklisted within their industry.",sadness,Honey,Honey,1,"['Romance', 'Music', 'Family']",6.333333333333333,7.0,2.0,10.0,30,15,"['Romance', 'Music', 'Family']",3,romance music family,29,168,3.4339872044851463,2.772588722239781
A newlywed couple finds their lake-country honeymoon descend into chaos after Paul finds Bea wandering and disoriented in the middle of the night.,sadness,Honeymoon,Honeymoon,1,['Comedy'],6.7,7.0,3.0,10.0,60,20,['Comedy'],1,comedy,23,146,4.110873864173311,3.044522437723423
Eric is marrying Louise. His brother Anthony has been married to Helen for eight years and wants to warn Eric marriage won't be that great. Helen's not too happy either.,sadness,Honeymoon,Honeymoon,1,['Comedy'],6.7,7.0,3.0,10.0,60,20,['Comedy'],1,comedy,30,169,4.110873864173311,3.044522437723423
"Dracula, who operates a high-end resort away from the human world, goes into overprotective mode when a boy discovers the resort and falls for the count's teenaged daughter.",sadness,Hotel Transylvania,Hotel Transylvania,1,"['Animation', 'Comedy', 'Family', 'Fantasy']",6.045454545454546,7.0,2.0,9.0,22,22,"['Animation', 'Comedy', 'Family', 'Fantasy']",4,animation comedy family fantasy,28,173,3.1354942159291497,3.1354942159291497
"A romantic police captain breaks a beautiful member of a rebel group out of prison to help her rejoin her fellows, but things are not what they seem.",sadness,House of Flying Daggers,House of Flying Daggers,1,"['Adventure', 'Drama', 'Action', 'Romance']",7.153846153846154,8.0,4.0,9.0,13,13,"['Adventure', 'Drama', 'Action', 'Romance']",4,adventure drama action romance,28,149,2.6390573296152584,2.6390573296152584
"Believing himself to be jinxed, a man attempts to find true love, but instead gets caught in a web of lies.",sadness,Housefull,Housefull,1,"['Comedy', 'Drama', 'Romance']",5.0,5.0,3.0,7.0,7,7,"['Comedy', 'Drama', 'Romance']",3,comedy drama romance,21,107,2.0794415416798357,2.0794415416798357
"A father doesn't want his three daughters to get married. Now, it's up to three men to try to and convince the father that they're a good fit for his daughters.",sadness,Housefull 3,Housefull 3,1,"['Comedy', 'Romance']",6.894736842105263,7.0,3.0,10.0,19,19,"['Comedy', 'Romance']",2,comedy romance,31,160,2.995732273553991,2.995732273553991
"After being cut from the U.S.A. softball team and feeling a bit past her prime, Lisa finds herself evaluating her life and in the middle of a love triangle, as a corporate guy in crisis competes with her current, baseball-playing beau.",sadness,How Do You Know,How Do You Know,1,"['Comedy', 'Drama', 'Romance']",6.166666666666667,7.0,2.0,10.0,18,18,"['Comedy', 'Drama', 'Romance']",3,comedy drama romance,41,235,2.9444389791664403,2.9444389791664403
A sarcastic humanoid duck is pulled from his homeworld to Earth where he must stop an alien invasion with the help of a nerdy scientist and a struggling female rock singer.,sadness,Howard the Duck,Howard the Duck,1,"['Comedy', 'Fantasy', 'Science Fiction']",6.055555555555555,7.0,1.0,10.0,18,18,"['Comedy', 'Fantasy', 'Science Fiction']",3,comedy fantasy science_fiction,31,172,2.9444389791664403,2.9444389791664403
"Raju, a waiter, is crazy about TV reporter, Geeta. During an investigation, in order to prolong their meetings, he bears false witness to a murder and misleads the police with a fake description.",sadness,Hum To Mohabbat Karega,Hum To Mohabbat Karega,1,[],9.0,9.0,9.0,9.0,1,1,[],0,unknown_genre,33,195,0.6931471805599453,0.6931471805599453
"Gopal's blissful married life with Radha blemishes when Radha gets obsessed with the career of her friend, Suraj, who is a singer. Ripped apart by jealousy, Gopal deserts Radha.",sadness,Hum Tumhare Hain Sanam,Hum Tumhare Hain Sanam,1,"['Drama', 'Romance', 'Foreign']",4.75,5.0,3.0,6.0,4,4,"['Drama', 'Romance', 'Foreign']",3,drama romance foreign,29,177,1.6094379124341003,1.6094379124341003
A woman finds her marriage on the rocks after she reveals to her husband some but not all the details of her one-time relationship with a current associate of his.,sadness,Hush,Hush,1,"['Drama', 'Thriller']",7.75,7.5,4.0,10.0,80,20,"['Drama', 'Thriller']",2,drama thriller,30,163,4.394449154672439,3.044522437723423
"A cop turns con man once he comes out of the closet. Once imprisoned, he meets the second love of his life, whom he'll stop at nothing to be with.",sadness,I Love You Phillip Morris,I Love You Phillip Morris,1,"['Comedy', 'Drama', 'Romance']",8.1875,9.0,3.0,10.0,16,16,"['Comedy', 'Drama', 'Romance']",3,comedy drama romance,30,146,2.833213344056216,2.833213344056216
"The story of the country-western singer Hank Williams, who in his brief life created one of the greatest bodies of work in American music. The film chronicles his rise to fame and its tragic effect on his health and personal life.",sadness,I Saw the Light,I Saw the Light,1,"['Drama', 'Music']",4.7,5.0,3.0,6.0,10,10,"['Drama', 'Music']",2,drama music,41,230,2.3978952727983707,2.3978952727983707
"After the lynching death of his black brother in Memphis, a light-skinned African-American, heads to a small Southern town, where he draws the attention of a heiress, and learns that the place is as racist as his hometown.",sadness,I Spit on Your Grave,I Spit on Your Grave,1,"['Horror', 'Thriller']",7.7272727272727275,8.0,6.0,10.0,22,11,"['Horror', 'Thriller']",2,horror thriller,38,222,3.1354942159291497,2.4849066497880004
A married man who daydreams about being with other women finds his will and morals tested after he's visited by the ex-mistress of his old friend.,sadness,I Think I Love My Wife,I Think I Love My Wife,1,"['Comedy', 'Romance']",6.0,6.0,3.0,9.0,10,10,"['Comedy', 'Romance']",2,comedy romance,26,146,2.3978952727983707,2.3978952727983707
A woman reeling from the death of her parents becomes attached to an alluring man whose sudden disappearance sends her and her friends into a haunted high-rise to find him,sadness,I Will Follow You Into the Dark,I Will Follow You Into the Dark,1,"['Drama', 'Horror', 'Romance', 'Thriller']",4.75,5.0,4.0,5.0,4,4,"['Drama', 'Horror', 'Romance', 'Thriller']",4,drama horror romance thriller,30,171,1.6094379124341003,1.6094379124341003
A bitter love story between a talented writer and a gentle nurse.,sadness,In Love and War,In Love and War,1,"['Drama', 'Romance']",5.75,5.5,3.0,9.0,4,4,"['Drama', 'Romance']",2,drama romance,12,65,1.6094379124341003,1.6094379124341003
"When his B-24 bomber is shot from the sky over Yugoslavia, a young American navigator ""Rockets"" parachutes into one of the strangest love stories of World War II. Injured, he is guided to ...                See full summary »",sadness,In Love and War,In Love and War,1,"['Drama', 'Romance']",5.75,5.5,3.0,9.0,4,4,"['Drama', 'Romance']",2,drama romance,38,225,1.6094379124341003,1.6094379124341003
"During the Bosnian War, Danijel, a soldier fighting for the Serbs, re-encounters Ajla, a Bosnian who's now a captive in his camp he oversees. Their once promising connection has become ambiguous as their motives have changed.",sadness,In the Land of Blood and Honey,In the Land of Blood and Honey,1,"['Drama', 'Romance', 'War']",8.666666666666666,10.0,2.0,10.0,24,24,"['Drama', 'Romance', 'War']",3,drama romance war,36,225,3.2188758248682006,3.2188758248682006
"Two neighbors form a strong bond after both suspect extramarital activities of their spouses. However, they agree to keep their bond platonic so as not to commit similar wrongs.",sadness,In the Mood for Love,In the Mood for Love,1,"['Drama', 'Romance']",4.916666666666667,4.5,2.0,9.0,12,12,"['Drama', 'Romance']",2,drama romance,29,177,2.5649493574615367,2.5649493574615367
"A tough, hard-driving business tycoon suffers a broken leg and is left to die in the desert by his scheming wife and her greedy lover.",sadness,Inferno,Inferno,1,"['Horror', 'Thriller']",5.8125,6.0,2.0,10.0,64,16,"['Horror', 'Thriller']",2,horror thriller,25,134,4.174387269895637,2.833213344056216
"In 1970, drug-fueled Los Angeles private investigator Larry ""Doc"" Sportello investigates the disappearance of a former girlfriend.",sadness,Inherent Vice,Inherent Vice,1,"['Comedy', 'Romance', 'Crime', 'Drama', 'Mystery']",7.0625,8.5,2.0,10.0,16,16,"['Comedy', 'Romance', 'Crime', 'Drama', 'Mystery']",5,comedy romance crime drama mystery,17,130,2.833213344056216,2.833213344056216
An agoraphobic must give up his sheltered life and venture outside after a series of personal and financial problems.,sadness,Inside Out,Inside Out,1,"['Drama', 'Crime']",4.8,2.0,2.0,9.0,15,5,"['Drama', 'Crime']",2,drama crime,19,117,2.772588722239781,1.791759469228055
"Akbar loses his father in his childhood, he raises his brother with difficulty and sends him to Farang to continue his education.",sadness,Invincible,Invincible,1,"['Drama', 'War']",3.857142857142857,3.0,1.0,9.0,28,14,"['Drama', 'War']",2,drama war,22,129,3.367295829986474,2.70805020110221
Prizefighter Mason loses his opening fight so wife Rose leaves him for Hollywood. Without her around Mason trains and starts winning. Rose comes back and wants Mason to dump his manager Regan and replace him with her secret lover Lewis.,sadness,Iron Man,Iron Man,1,"['Action', 'Science Fiction', 'Adventure']",8.117647058823529,8.0,2.0,10.0,34,17,"['Action', 'Science Fiction', 'Adventure']",3,action science_fiction adventure,40,236,3.5553480614894135,2.8903717578961645
"This is the story of a dysfunctional New York family, and their attempts to reconcile.",sadness,It Runs in the Family,It Runs in the Family,1,"['Comedy', 'Drama', 'Family']",4.0,4.0,4.0,4.0,2,2,"['Comedy', 'Drama', 'Family']",3,comedy drama family,15,86,1.0986122886681098,1.0986122886681098
"Alyssa and Amanda are two little girls who are identical, but complete strangers, that accidentally meet one day.",sadness,It Takes Two,It Takes Two,1,"['Comedy', 'Family', 'Romance']",7.0,8.0,2.0,10.0,22,11,"['Comedy', 'Family', 'Romance']",3,comedy family romance,18,113,3.1354942159291497,2.4849066497880004
"Ben is engaged to marry a sweet girl, but then his high school crush comes back.",sadness,It's Complicated,It's Complicated,1,"['Comedy', 'Romance']",7.5625,8.0,2.0,10.0,16,16,"['Comedy', 'Romance']",2,comedy romance,16,80,2.833213344056216,2.833213344056216
"When attending their son's college graduation, a couple reignite the spark in their relationship. But the complicated fact is they're divorced and he's remarried.",sadness,It's Complicated,It's Complicated,1,"['Comedy', 'Romance']",7.5625,8.0,2.0,10.0,16,16,"['Comedy', 'Romance']",2,comedy romance,24,162,2.833213344056216,2.833213344056216
A clinically-depressed teenager gets a new start after he checks himself into an adult psychiatric ward.,sadness,It's Kind of a Funny Story,It's Kind of a Funny Story,1,"['Comedy', 'Drama']",7.157894736842105,8.0,2.0,9.0,19,19,"['Comedy', 'Drama']",2,comedy drama,16,104,2.995732273553991,2.995732273553991
"Four youngsters, who are friends, lead a carefree life. However, things take a turn when two of them fall in love with the same girl.",sadness,Jackpot,Jackpot,1,[],2.3333333333333335,2.0,1.0,4.0,9,3,[],0,unknown_genre,25,133,2.302585092994046,1.3862943611198906
A playboy's life changes after he met and slept with a girl who hasn't turned 18 yet.,sadness,Jailbait,Jailbait,1,"['Crime', 'Drama', 'Thriller']",5.75,6.0,3.0,8.0,8,4,"['Crime', 'Drama', 'Thriller']",3,crime drama thriller,17,85,2.1972245773362196,1.6094379124341003
"Jenny's parents and siblings are always trying to set her up with a man when she visits them. What they don't know is that she's already met the right person, her ""roommate"" Kitty, 5 years ago and she wants to marry her and start a family.",sadness,Jenny's Wedding,Jenny's Wedding,1,"['Comedy', 'Drama']",6.75,7.0,3.0,9.0,8,8,"['Comedy', 'Drama']",2,comedy drama,46,239,2.1972245773362196,2.1972245773362196
Three ex-girlfriends of a serial cheater set up their former lover to fall for the new girl in town so they can watch him get his heart broken.,sadness,John Tucker Must Die,John Tucker Must Die,1,['Comedy'],6.105263157894737,7.0,2.0,10.0,19,19,['Comedy'],1,comedy,28,143,2.995732273553991,2.995732273553991
A wedding planner in search of love finds herself falling for the groom who's marrying one of her clients.,sadness,June,June,1,"['Science Fiction', 'Horror']",4.538461538461538,5.0,2.0,7.0,13,13,"['Science Fiction', 'Horror']",2,science_fiction horror,19,106,2.6390573296152584,2.6390573296152584
"What happens when a man meets the woman of his dreams, and it turns out she wants to be Just Friends?",sadness,Just Friends,Just Friends,1,"['Comedy', 'Romance']",7.136363636363637,8.0,2.0,10.0,22,22,"['Comedy', 'Romance']",2,comedy romance,21,101,3.1354942159291497,3.1354942159291497
"While visiting his hometown during Christmas, a man comes face-to-face with his old high school crush whom he was best friends with -- a woman whose rejection of him turned him into a ferocious womanizer.",sadness,Just Friends,Just Friends,1,"['Comedy', 'Romance']",7.136363636363637,8.0,2.0,10.0,22,22,"['Comedy', 'Romance']",2,comedy romance,35,204,3.1354942159291497,3.1354942159291497
"On a weekend trip to Hawaii, a plastic surgeon convinces his loyal assistant to pose as his soon-to-be-divorced wife in order to cover up a careless lie he told to his much-younger girlfriend.",sadness,Just Go with It,Just Go with It,1,"['Romance', 'Comedy']",6.615384615384615,8.0,2.0,10.0,13,13,"['Romance', 'Comedy']",2,romance comedy,33,192,2.6390573296152584,2.6390573296152584
"A young newlywed couple honeymoon in Europe, where obstacles challenge their ability to sustain the marriage.",sadness,Just Married,Just Married,1,['Comedy'],5.75,6.0,2.0,10.0,16,16,['Comedy'],1,comedy,16,109,2.833213344056216,2.833213344056216
A physical therapist falls for the basketball player she is helping recover from a career-threatening injury.,sadness,Just Wright,Just Wright,1,"['Comedy', 'Drama', 'Romance']",5.5,6.0,3.0,7.0,12,12,"['Comedy', 'Drama', 'Romance']",3,comedy drama romance,16,109,2.5649493574615367,2.5649493574615367
A star basketball player decides to dress up as a woman and join the women's professional basketball league when his on-court antics get him suspended.,sadness,Juwanna Mann,Juwanna Mann,1,"['Comedy', 'Drama']",6.0588235294117645,6.0,2.0,10.0,17,17,"['Comedy', 'Drama']",2,comedy drama,25,151,2.8903717578961645,2.8903717578961645
A popular singer with two identities falls in love with a prostitute.,sadness,Kajraare,Kajraare,1,"['Romance', 'Drama', 'Crime']",6.0,6.0,5.0,7.0,3,3,"['Romance', 'Drama', 'Crime']",3,romance drama crime,12,69,1.3862943611198906,1.3862943611198906
"A father who runs a marriage bureau believes that his son is a failure in life. In order to prove him wrong, his son takes on the task of finding a match for a gangster's sister.",sadness,Khiladi 786,Khiladi 786,1,"['Action', 'Comedy']",5.842105263157895,6.0,2.0,10.0,19,19,"['Action', 'Comedy']",2,action comedy,36,178,2.995732273553991,2.995732273553991
"Karan and Khushi fall in love, but her conservative family balks at accepting Karan's modern ideas.",sadness,Khushi,Khushi,1,"['Romance', 'Drama', 'Action']",5.5,5.5,4.0,7.0,2,2,"['Romance', 'Drama', 'Action']",3,romance drama action,16,99,1.0986122886681098,1.0986122886681098
"While playing matchmaker to a pair of their friends, two young university students begin developing feelings for each other.",sadness,Khushi,Khushi,1,"['Romance', 'Drama', 'Action']",5.5,5.5,4.0,7.0,2,2,"['Romance', 'Drama', 'Action']",3,romance drama action,19,124,1.0986122886681098,1.0986122886681098
"Family man Phil Weston, a lifelong victim of his father's competitive nature, takes on the coaching duties of a kids' soccer team, and soon finds that he's also taking on his father's dysfunctional way of relating.",sadness,Kicking & Screaming,Kicking & Screaming,1,"['Romance', 'Comedy', 'Family']",5.157894736842105,5.0,2.0,10.0,19,19,"['Romance', 'Comedy', 'Family']",3,romance comedy family,36,214,2.995732273553991,2.995732273553991
"A vacationing woman meets her ideal man, leading to a swift marriage. Back at home, however, their idyllic life is upset when they discover their neighbors could be assassins who have been contracted to kill the couple.",sadness,Killers,Killers,1,"['Action', 'Comedy', 'Thriller', 'Romance']",5.105263157894737,3.0,1.0,10.0,38,19,"['Action', 'Comedy', 'Thriller', 'Romance']",4,action comedy thriller romance,37,219,3.6635616461296463,2.995732273553991
"A luckless architect discovers a social activist to be his lucky charm. Unfortunately, she's protecting the community center he's aiming to win a contract to tear down.",sadness,Kismat Konnection,Kismat Konnection,1,"['Drama', 'Comedy', 'Romance', 'Foreign']",4.0,4.0,4.0,4.0,1,1,"['Drama', 'Comedy', 'Romance', 'Foreign']",4,drama comedy romance foreign,27,168,0.6931471805599453,0.6931471805599453
"A man befriends and protects a British girl from a group of nationalists that want England to hand India back to them. They fall for each other, but the man is due to marry.",sadness,Kisna: The Warrior Poet,Kisna: The Warrior Poet,1,"['Drama', 'Romance', 'Foreign']",6.0,6.0,6.0,6.0,3,3,"['Drama', 'Romance', 'Foreign']",3,drama romance foreign,34,173,1.3862943611198906,1.3862943611198906
"A Legionnaire in love with an aspiring opera singer is expected to marry the general's daughter, who in turn is in love with another soldier.",sadness,Kiss Me Again,Kiss Me Again,1,"['Comedy', 'Drama', 'Romance']",6.0,6.0,6.0,6.0,2,1,"['Comedy', 'Drama', 'Romance']",3,comedy drama romance,25,141,1.0986122886681098,0.6931471805599453
"A married couple decides to test the boundaries of their relationship with a seductive Spanish woman. When an unlikely relationship ensues, all three are forced to rethink their definition of love.",sadness,Kiss Me Again,Kiss Me Again,1,"['Comedy', 'Drama', 'Romance']",6.0,6.0,6.0,6.0,2,1,"['Comedy', 'Drama', 'Romance']",3,comedy drama romance,31,197,1.0986122886681098,0.6931471805599453
"A prize-fighter falls under the nefarious influence of an unscrupulous boxing promoter-manager, to the detriment of his marriage.",sadness,Knockout,Knockout,1,"['Drama', 'Action']",5.5,6.5,2.0,7.0,16,8,"['Drama', 'Action']",2,drama action,18,129,2.833213344056216,2.1972245773362196
"As a new year at school begins, Lola's heart is broken by her boyfriend, though soon she's surprised by her best friend, promising musician Kyle, who reveals his feelings for her.",sadness,LOL,LOL,1,"['Drama', 'Comedy', 'Romance']",5.48,8.0,1.0,10.0,25,25,"['Drama', 'Comedy', 'Romance']",3,drama comedy romance,31,179,3.258096538021482,3.258096538021482
"A slovenly cable repairman becomes a big city Health Inspector, and is tasked with uncovering the source of a food poisoning epidemic.",sadness,Larry the Cable Guy: Health Inspector,Larry the Cable Guy: Health Inspector,1,['Comedy'],4.76,4.0,1.0,10.0,25,25,['Comedy'],1,comedy,22,134,3.258096538021482,3.258096538021482
A delusional young man strikes up an unconventional relationship with a doll he finds on the Internet.,sadness,Lars and the Real Girl,Lars and the Real Girl,1,"['Comedy', 'Romance', 'Drama']",5.8125,6.0,2.0,9.0,16,16,"['Comedy', 'Romance', 'Drama']",3,comedy romance drama,17,102,2.833213344056216,2.833213344056216
"Angela, the beautiful Mexican mistress of a NY mobster, asks virginal Father Michael for protection after Zena, the mobster's wife, kills her cheating husband. Michael becomes torn between his vows, Angela and his sister - Zena.",sadness,Last Rites,Last Rites,1,"['Adventure', 'Horror', 'Action', 'Science Fiction']",5.642857142857143,5.0,2.0,9.0,14,14,"['Adventure', 'Horror', 'Action', 'Science Fiction']",4,adventure horror action science_fiction,36,228,2.70805020110221,2.70805020110221
"Ev, her husband Harold, and their friend Martin go scuba diving while on vacation in Puerto Rico. When they surface, they find that everyone on the island has died.",sadness,Last Woman on Earth,Last Woman on Earth,1,"['Mystery', 'Romance', 'Science Fiction', 'Drama']",5.055555555555555,5.5,2.0,7.0,18,18,"['Mystery', 'Romance', 'Science Fiction', 'Drama']",4,mystery romance science_fiction drama,29,164,2.9444389791664403,2.9444389791664403
A detective slowly falls in love with a woman during a murder investigation.,sadness,Laura,Laura,1,"['Drama', 'Mystery']",6.25,6.5,2.0,9.0,12,12,"['Drama', 'Mystery']",2,drama mystery,13,76,2.5649493574615367,2.5649493574615367
A young woman's life is changed when an angel with a broken wing lands on her balcony.,sadness,Lavender,Lavender,1,"['Drama', 'Thriller']",5.111111111111111,5.0,4.0,6.0,9,9,"['Drama', 'Thriller']",2,drama thriller,17,86,2.302585092994046,2.302585092994046
"Laura's personal life consists of one affair after another. She meets Arturo and the pair enter into an intense, violent sexual relationship. As days go by, Laura crosses out the days on a calendar, revealing her secret past to her lover.",sadness,Leap Year,Leap Year,1,"['Romance', 'Comedy']",7.222222222222222,8.0,2.0,10.0,36,18,"['Romance', 'Comedy']",2,romance comedy,41,238,3.6109179126442243,2.9444389791664403
"Ben Sanderson, a Hollywood screenwriter who lost everything because of his alcoholism, arrives in Las Vegas to drink himself to death. There, he meets and forms an uneasy friendship and non-interference pact with prostitute Sera.",sadness,Leaving Las Vegas,Leaving Las Vegas,1,"['Drama', 'Romance']",5.0,4.0,2.0,9.0,11,11,"['Drama', 'Romance']",2,drama romance,35,229,2.4849066497880004,2.4849066497880004
"Elle Woods, a fashionable sorority queen, is dumped by her boyfriend. She decides to follow him to law school. While she is there, she figures out that there is more to her than just looks.",sadness,Legally Blonde,Legally Blonde,1,['Comedy'],8.153846153846153,8.0,6.0,10.0,13,13,['Comedy'],1,comedy,35,189,2.6390573296152584,2.6390573296152584
"In the early 1900s, three brothers and their father living in the remote wilderness of Montana are affected by betrayal, history, love, nature, and war.",sadness,Legends of the Fall,Legends of the Fall,1,"['Adventure', 'Drama', 'Romance', 'War']",6.111111111111111,6.0,2.0,9.0,9,9,"['Adventure', 'Drama', 'Romance', 'War']",4,adventure drama romance war,25,152,2.302585092994046,2.302585092994046
"In 19th-century France, Jean Valjean, who for decades has been hunted by the ruthless policeman Javert after breaking parole, agrees to care for a factory worker's daughter. The decision changes their lives forever.",sadness,Les Misérables,Les Misérables,1,"['Crime', 'Drama', 'History', 'Romance']",8.1,10.0,3.0,10.0,60,10,"['Crime', 'Drama', 'History', 'Romance']",4,crime drama history romance,33,215,4.110873864173311,2.3978952727983707
"Valjean, a former criminal, has atoned for his past and now finds himself in the midst of the French Revolution, avoiding a law-obsessed policeman hell-bent on capturing him.",sadness,Les Misérables,Les Misérables,1,"['Crime', 'Drama', 'History', 'Romance']",8.1,10.0,3.0,10.0,60,10,"['Crime', 'Drama', 'History', 'Romance']",4,crime drama history romance,28,174,4.110873864173311,2.3978952727983707
Two young lovers meet on a series of snowy days in high school.,sadness,Let It Snow,Let It Snow,1,"['TV Movie', 'Drama', 'Romance', 'Family']",5.666666666666667,5.5,3.0,9.0,6,6,"['TV Movie', 'Drama', 'Romance', 'Family']",4,tv_movie drama romance family,13,63,1.9459101490553132,1.9459101490553132
"Oskar, an overlooked and bullied boy, finds love and revenge through Eli, a beautiful but peculiar girl.",sadness,Let the Right One In,Let the Right One In,1,"['Horror', 'Drama']",4.833333333333333,4.5,2.0,9.0,6,6,"['Horror', 'Drama']",2,horror drama,17,104,1.9459101490553132,1.9459101490553132
"An outgoing, sexually aggressive young woman meets and begins a torrid affair with an equally aggressive young man in which their affair begins to bring a strain on their personal lives.",sadness,Lie with Me,Lie with Me,1,['Drama'],6.538461538461538,7.0,3.0,9.0,13,13,['Drama'],1,drama,31,186,2.6390573296152584,2.6390573296152584
"May and Lily are two juvenile delinquents and experts in burglary and theft. Both have the hears for fellow rascal Jack (Sam Lee), who has his life savings cheated by his gang leader. As ...                See full summary »",sadness,Life,Life,1,"['Comedy', 'Crime']",7.095238095238095,8.0,3.0,10.0,84,21,"['Comedy', 'Crime']",2,comedy crime,39,224,4.442651256490317,3.091042453358316
"A reporter interviews a psychic, who tells her that she's going to die and her life is meaningless.",sadness,Life or Something Like It,Life or Something Like It,1,"['Comedy', 'Drama', 'Romance']",5.75,5.5,3.0,10.0,16,16,"['Comedy', 'Drama', 'Romance']",3,comedy drama romance,18,99,2.833213344056216,2.833213344056216
A struggling street artist falls in love with a woman making more money than him.,sadness,Lion,Lion,1,['Drama'],6.466666666666667,6.0,3.0,9.0,15,15,['Drama'],1,drama,15,81,2.772588722239781,2.772588722239781
"The lives of two lovelorn spouses from separate marriages, a registered sex offender, and a disgraced ex-police officer intersect as they struggle to resist their vulnerabilities and temptations in suburban Massachusetts.",sadness,Little Children,Little Children,1,"['Romance', 'Drama']",5.923076923076923,6.0,3.0,9.0,13,13,"['Romance', 'Drama']",2,romance drama,31,221,2.6390573296152584,2.6390573296152584
"Family-patriarch Jack Byrnes wants to appoint a successor. Does his son-in-law, the male nurse Greg Focker, have what it takes?",sadness,Little Fockers,Little Fockers,1,"['Comedy', 'Romance']",6.0,6.0,2.0,10.0,19,19,"['Comedy', 'Romance']",2,comedy romance,20,127,2.995732273553991,2.995732273553991
"Rosa (Alice Brady)is told by her father that she must marry a man from her own clan. She refuses, and vows to marry the first man she meets. That man is Antonio (Norman Kerry), who is from ...                See full summary »",sadness,Little Italy,Little Italy,1,"['Comedy', 'Crime']",5.875,5.5,3.0,9.0,8,8,"['Comedy', 'Crime']",2,comedy crime,42,226,2.1972245773362196,2.1972245773362196
The lives and loves of four sisters during their pastor father's absence.,sadness,Little Women,Little Women,1,"['Drama', 'Romance']",4.857142857142857,4.5,2.0,9.0,42,14,"['Drama', 'Romance']",2,drama romance,12,73,3.7612001156935624,2.70805020110221
"The lives of 6 individuals from different walks of life who are going through their personal challenges collide at the same hospital. On the same night, the Prime Minister declares a lockdown.",sadness,Lockdown,Lockdown,1,"['Action', 'Crime', 'Drama', 'Thriller']",9.0,9.0,9.0,9.0,1,1,"['Action', 'Crime', 'Drama', 'Thriller']",4,action crime drama thriller,32,192,0.6931471805599453,0.6931471805599453
"A down-on-his-luck struggling writer, meets an enigmatic woman who enters his life at the right time.",sadness,Long Weekend,Long Weekend,1,"['Horror', 'Mystery', 'Thriller']",4.0,4.0,4.0,4.0,4,2,"['Horror', 'Mystery', 'Thriller']",3,horror mystery thriller,16,101,1.6094379124341003,1.0986122886681098
"A college student, branded a loser by his roommates and booted from the dorm, falls in love with a coed who has eyes for their condescending professor.",sadness,Loser,Loser,1,"['Drama', 'Comedy', 'Romance', 'Family']",7.222222222222222,7.5,2.0,10.0,18,18,"['Drama', 'Comedy', 'Romance', 'Family']",4,drama comedy romance family,27,151,2.9444389791664403,2.9444389791664403
A married woman compromises her social standing and family life when she falls for a young officer.,sadness,Love,Love,1,[],6.285714285714286,6.0,3.0,9.0,35,7,[],0,unknown_genre,17,99,3.58351893845611,2.0794415416798357
A would be marathon runner falls in love with a orphan girl from Korea.,sadness,Love,Love,1,[],6.285714285714286,6.0,3.0,9.0,35,7,[],0,unknown_genre,14,71,3.58351893845611,2.0794415416798357
"Ganga initially believes Vikram to be a womaniser but changes her mind when he saves her in a fire accident. However, after they start dating, the arrival of a mysterious woman changes their lives.",sadness,Love,Love,1,[],6.285714285714286,6.0,3.0,9.0,35,7,[],0,unknown_genre,34,197,3.58351893845611,2.0794415416798357
"In Jakarta, five couples of varying ages and backgrounds experience the different stages of romantic love, from its giddy start to its painful end.",sadness,Love,Love,1,[],6.285714285714286,6.0,3.0,9.0,35,7,[],0,unknown_genre,24,147,3.58351893845611,2.0794415416798357
"LOVE explores the relationship between friends, family, and lovers. This story begins with the origins of a blossoming friendship between two 10-year-old girls. Unfortunately, the childhood...                See full summary »",sadness,Love,Love,1,[],6.285714285714286,6.0,3.0,9.0,35,7,[],0,unknown_genre,30,226,3.58351893845611,2.0794415416798357
"Murphy is an American living in Paris who enters a highly sexually and emotionally charged relationship with Electra. Unaware of the effect it will have on their relationship, they invite their pretty neighbor into their bed.",sadness,Love,Love,1,[],6.285714285714286,6.0,3.0,9.0,35,7,[],0,unknown_genre,36,225,3.58351893845611,2.0794415416798357
"Prithvi and Maggie fall in love and decide to get married, but Maggie's mother objects looking at Prithvi's past.",sadness,Love,Love,1,[],6.285714285714286,6.0,3.0,9.0,35,7,[],0,unknown_genre,19,113,3.58351893845611,2.0794415416798357
Two Moscow students are mostly concerned with scoring with women but their lives change radically when one of them falls for a Jewish girl whose family is being persecuted by anonymous anti-Semites and is preparing to emigrate to Israel.,sadness,Love,Love,1,[],6.285714285714286,6.0,3.0,9.0,35,7,[],0,unknown_genre,39,237,3.58351893845611,2.0794415416798357
"In 1990s Pittsburgh, a medicine peddler starts a relationship with a young woman suffering from Parkinson's disease.",sadness,Love & Other Drugs,Love & Other Drugs,1,"['Drama', 'Comedy', 'Romance']",6.866666666666666,8.0,2.0,10.0,15,15,"['Drama', 'Comedy', 'Romance']",3,drama comedy romance,17,116,2.772588722239781,2.772588722239781
"A widower whose book about coping with loss turns him into a best-selling self-help guru, falls for the hotel florist where his seminar is given, only to learn that he hasn't yet truly confronted his wife's passing.",sadness,Love Happens,Love Happens,1,"['Drama', 'Romance']",5.2105263157894735,5.0,2.0,10.0,19,19,"['Drama', 'Romance']",2,drama romance,37,215,2.995732273553991,2.995732273553991
"When a young soldier in Vietnam gets dumped by his girlfriend back home, he and his best friend decide to go AWOL and return to the States to win her back.",sadness,Love and Honor,Love and Honor,1,"['Drama', 'Foreign', 'Romance']",4.666666666666667,5.0,3.0,6.0,12,6,"['Drama', 'Foreign', 'Romance']",3,drama foreign romance,31,155,2.5649493574615367,1.9459101490553132
"Rosie and Alex have been best friends since they were 5, so they couldn't possibly be right for one another...or could they? When it comes to love, life and making the right choices, these two are their own worst enemies.",sadness,"Love, Rosie","Love, Rosie",1,"['Comedy', 'Romance']",6.25,6.5,3.0,9.0,12,12,"['Comedy', 'Romance']",2,comedy romance,40,221,2.5649493574615367,2.5649493574615367
A happy newlywed marriage counselor's views on wedded bliss get thrown for a loop when she finds out her parents are getting divorced.,sadness,"Love, Wedding, Marriage","Love, Wedding, Marriage",1,"['Comedy', 'Romance']",4.888888888888889,5.0,2.0,10.0,9,9,"['Comedy', 'Romance']",2,comedy romance,23,134,2.302585092994046,2.302585092994046
"A young writer can't write a word for his next novel, he also doesn't feel right with his fiancée; because he falls in love with a woman, but he can't remember who she is and can't figure out if she's real or just a dream.",sadness,M,M,1,"['Drama', 'Action', 'Thriller', 'Crime']",5.533333333333333,6.0,3.0,9.0,30,15,"['Drama', 'Action', 'Thriller', 'Crime']",4,drama action thriller crime,45,222,3.4339872044851463,2.772588722239781
"Lucas Cano, (Machete) an ex-bodyguard for the Mexican President, tired of his life style, retires to a remote small town in Mexico, in hope of finding peace. But things do not work out for ...                See full summary »",sadness,Machete,Machete,1,"['Action', 'Comedy', 'Thriller']",7.384615384615385,8.0,3.0,10.0,13,13,"['Action', 'Comedy', 'Thriller']",3,action comedy thriller,39,226,2.6390573296152584,2.6390573296152584
A guy in love with an engaged woman tries to win her over after she asks him to be her maid of honor.,sadness,Made of Honor,Made of Honor,1,"['Comedy', 'Romance']",6.190476190476191,6.0,2.0,10.0,21,21,"['Comedy', 'Romance']",2,comedy romance,23,101,3.091042453358316,3.091042453358316
"While planning her family reunion, a pistol-packing grandma must contend with the other dramas on her plate, including the runaway who has been placed under her care, and her love-troubled nieces.",sadness,Madea's Family Reunion,Madea's Family Reunion,1,"['Drama', 'Comedy', 'Romance']",7.5,7.5,6.0,9.0,2,2,"['Drama', 'Comedy', 'Romance']",3,drama comedy romance,31,196,1.0986122886681098,1.0986122886681098
The story is about husband and wife who have a cold relationship. The wife is pregnant and the husband does not like to have a child and he is in doubt whether to tell her or not. In the ...                See full summary »,sadness,Magnolia,Magnolia,1,['Drama'],7.583333333333333,9.0,2.0,10.0,12,12,['Drama'],1,drama,44,224,2.5649493574615367,2.5649493574615367
"A Senatorial candidate falls for a hotel maid, thinking she is a socialite, when he sees her trying on a wealthy woman's dress.",sadness,Maid in Manhattan,Maid in Manhattan,1,"['Comedy', 'Drama', 'Romance']",6.071428571428571,7.0,2.0,10.0,14,14,"['Comedy', 'Drama', 'Romance']",3,comedy drama romance,23,127,2.70805020110221,2.70805020110221
"A vengeful fairy is driven to curse an infant princess, only to discover that the child may be the one person who can restore peace to their troubled land.",sadness,Maleficent,Maleficent,1,"['Fantasy', 'Adventure', 'Action', 'Family', 'Romance']",7.25,9.0,2.0,10.0,16,16,"['Fantasy', 'Adventure', 'Action', 'Family', 'Romance']",5,fantasy adventure action family romance,29,155,2.833213344056216,2.833213344056216
"A widower and two of his sons become infatuated with their beautiful housekeeper, and all three set out to seduce her using their own unique methods.",sadness,Malicious,Malicious,1,"['Drama', 'Thriller']",5.578947368421052,6.0,3.0,8.0,38,19,"['Drama', 'Thriller']",2,drama thriller,26,149,3.6635616461296463,2.995732273553991
"Both dumped by their girlfriends, two best friends seek refuge in the local mall.",sadness,Mallrats,Mallrats,1,"['Romance', 'Comedy']",5.3,5.5,2.0,9.0,10,10,"['Romance', 'Comedy']",2,romance comedy,14,81,2.3978952727983707,2.3978952727983707
"While on a trip to Thailand, a successful American businessman tries to radically change his life. Back in New York, his wife and daughter find their relationship with their live-in Filipino maid changing around them. At the same time, in the Philippines, the maid's family struggles to deal with her absence.",sadness,Mammoth,Mammoth,1,"['Drama', 'Romance']",4.476190476190476,5.0,1.0,10.0,42,21,"['Drama', 'Romance']",2,drama romance,51,309,3.7612001156935624,3.091042453358316
"A hard-boiled nightclub owner saves a beautiful young girl from drowning. He promptly falls in love with her, but she prefers a younger, more-genteel lover.",sadness,Man Trouble,Man Trouble,1,"['Comedy', 'Romance']",5.083333333333333,5.0,2.0,9.0,12,12,"['Comedy', 'Romance']",2,comedy romance,25,156,2.5649493574615367,2.5649493574615367
The life of a divorced television writer dating a teenage girl is further complicated when he falls in love with his best friend's mistress.,sadness,Manhattan,Manhattan,1,"['Comedy', 'Drama', 'Romance']",5.0,4.0,2.0,9.0,13,13,"['Comedy', 'Drama', 'Romance']",3,comedy drama romance,24,140,2.6390573296152584,2.6390573296152584
"A tough police detective is falsely accused of corruption, and goes on the run to clear his name. He is assisted by the beautiful daughter of a rich man.",sadness,Manhunt,Manhunt,1,"['Thriller', 'Horror']",6.75,8.0,2.0,9.0,32,16,"['Thriller', 'Horror']",2,thriller horror,29,153,3.4965075614664802,2.833213344056216
"Dim-witted nursemaid Annie Pogani, who loves children, steals a baby girl from Selene Herrick, a wealthy woman who cares more for auctions than for family life. The girl, known as Orchid, ...                See full summary »",sadness,Mannequin,Mannequin,1,"['Fantasy', 'Comedy', 'Romance']",7.684210526315789,8.0,2.0,10.0,38,19,"['Fantasy', 'Comedy', 'Romance']",3,fantasy comedy romance,36,225,3.6635616461296463,2.995732273553991
A beautiful but shy shepherdess plots vengeance on the men whose greedy conspiracy to acquire her father's land caused his death years earlier.,sadness,Manon of the Spring,Manon of the Spring,1,['Drama'],6.75,6.5,5.0,9.0,4,4,['Drama'],1,drama,23,143,1.6094379124341003,1.6094379124341003
"The retelling of France's iconic but ill-fated queen, Marie Antoinette. From her betrothal and marriage to Louis XVI at 14 to her reign as queen at 19 and to the end of her reign as queen, and ultimately the fall of Versailles.",sadness,Marie Antoinette,Marie Antoinette,1,"['Drama', 'History']",6.733333333333333,8.0,2.0,10.0,30,15,"['Drama', 'History']",2,drama history,42,227,3.4339872044851463,2.772588722239781
"The tragic life of Marie Antoinette, who became queen of France in her late teens.",sadness,Marie Antoinette,Marie Antoinette,1,"['Drama', 'History']",6.733333333333333,8.0,2.0,10.0,30,15,"['Drama', 'History']",2,drama history,15,82,3.4339872044851463,2.772588722239781
"At a turning point in his life, a former tennis pro falls for an actress who happens to be dating his friend and soon-to-be brother-in-law.",sadness,Match Point,Match Point,1,"['Drama', 'Thriller', 'Crime', 'Romance']",7.2727272727272725,9.0,2.0,9.0,11,11,"['Drama', 'Thriller', 'Crime', 'Romance']",4,drama thriller crime romance,25,139,2.4849066497880004,2.4849066497880004
"Two wealthy sisters, both heiresses to their family's cosmetics fortune, are given a wake-up call when a scandal and ensuing investigation strip them of their wealth.",sadness,Material Girls,Material Girls,1,['Comedy'],5.16,4.0,1.0,10.0,25,25,['Comedy'],1,comedy,26,166,3.258096538021482,3.258096538021482
A girl in a small town forms an unlikely bond with a recently-paralyzed man she's taking care of.,sadness,Me Before You,Me Before You,1,"['Drama', 'Romance']",7.2727272727272725,8.0,2.0,9.0,11,11,"['Drama', 'Romance']",2,drama romance,18,97,2.4849066497880004,2.4849066497880004
"High schooler Greg, who spends most of his time making parodies of classic movies with his co-worker Earl, finds his outlook forever altered after befriending a classmate who has just been diagnosed with cancer.",sadness,Me and Earl and the Dying Girl,Me and Earl and the Dying Girl,1,"['Comedy', 'Drama']",5.9411764705882355,6.0,2.0,9.0,17,17,"['Comedy', 'Drama']",2,comedy drama,34,211,2.8903717578961645,2.8903717578961645
The ghost of a dead porn star comes to Earth to help a nerd with his sex life.,sadness,Meatballs III: Summer Job,Meatballs III: Summer Job,1,['Comedy'],5.181818181818182,4.0,1.0,10.0,11,11,['Comedy'],1,comedy,18,78,2.4849066497880004,2.4849066497880004
"A crew of miniature aliens operate a spaceship that has a human form. While trying to save their planet, the aliens encounter a new problem, as their ship becomes smitten with an Earth woman.",sadness,Meet Dave,Meet Dave,1,"['Comedy', 'Science Fiction', 'Adventure', 'Family']",6.041666666666667,7.0,1.0,10.0,24,24,"['Comedy', 'Science Fiction', 'Adventure', 'Family']",4,comedy science_fiction adventure family,34,191,3.2188758248682006,3.2188758248682006
"Death, who takes the form of a young man killed in an accident, asks a media mogul to act as his guide to teach him about life on Earth and, in the process, he falls in love with the mogul's daughter.",sadness,Meet Joe Black,Meet Joe Black,1,"['Fantasy', 'Drama', 'Mystery']",7.4,9.0,2.0,9.0,5,5,"['Fantasy', 'Drama', 'Mystery']",3,fantasy drama mystery,41,200,1.791759469228055,1.791759469228055
"After having medical problems, and after a long time, Mina becomes pregnant, but she feels ignored by her husband, Hesam. Since he has become concerned and involved with the personal and ...                See full summary »",sadness,Melancholia,Melancholia,1,"['Drama', 'Science Fiction']",7.333333333333333,7.5,4.0,9.0,6,6,"['Drama', 'Science Fiction']",2,drama science_fiction,36,224,1.9459101490553132,1.9459101490553132
"After a freak accident, a company executive turns completely invisible, goes on the run and becomes hunted by a treacherous CIA official, whilst trying to cope with his new reality.",sadness,Memoirs of an Invisible Man,Memoirs of an Invisible Man,1,"['Comedy', 'Fantasy', 'Science Fiction']",7.136363636363637,7.0,4.0,10.0,22,22,"['Comedy', 'Fantasy', 'Science Fiction']",3,comedy fantasy science_fiction,30,181,3.1354942159291497,3.1354942159291497
"A chorus girl stranded in Paris is set up by a millionaire to break up his wife's affair with another man, while being romantically pursued by a cab driver.",sadness,Midnight,Midnight,1,"['Comedy', 'Romance']",7.2727272727272725,9.0,2.0,9.0,44,11,"['Comedy', 'Romance']",2,comedy romance,29,156,3.8066624897703196,2.4849066497880004
Captures the parallel lives and intersection of two downhearted strangers staying at the same hotel on New Year's Eve.,sadness,Midnight,Midnight,1,"['Comedy', 'Romance']",7.2727272727272725,9.0,2.0,9.0,44,11,"['Comedy', 'Romance']",2,comedy romance,19,118,3.8066624897703196,2.4849066497880004
A 17-year-old girl suffers from a condition that prevents her from being out in the sunlight.,sadness,Midnight Sun,Midnight Sun,1,"['Family', 'Adventure']",9.0,9.0,9.0,9.0,2,1,"['Family', 'Adventure']",2,family adventure,16,93,1.0986122886681098,0.6931471805599453
"Kaoru has a sickness that hindered her to go out when the sun is up. Despite this sickness, she fell in love with a boy named Koji. If she decides to pursue her love, it will mean risking her life.",sadness,Midnight Sun,Midnight Sun,1,"['Family', 'Adventure']",9.0,9.0,9.0,9.0,2,1,"['Family', 'Adventure']",2,family adventure,40,197,1.0986122886681098,0.6931471805599453
"Two hard-partying brothers place an online ad to find the perfect dates for their sister's Hawaiian wedding. Hoping for a wild getaway, the boys instead find themselves out-hustled by an uncontrollable duo.",sadness,Mike and Dave Need Wedding Dates,Mike and Dave Need Wedding Dates,1,['Comedy'],5.0,4.5,2.0,9.0,16,16,['Comedy'],1,comedy,32,206,2.833213344056216,2.833213344056216
A hard-working mother inches towards disaster as she divorces her husband and starts a successful restaurant business to support her spoiled daughter.,sadness,Mildred Pierce,Mildred Pierce,1,"['Crime', 'Drama']",7.111111111111111,8.0,2.0,9.0,36,18,"['Crime', 'Drama']",2,crime drama,22,150,3.6109179126442243,2.9444389791664403
"Eugene believes in no sex before marriage. So DID his girlfriend, Cindi. His BFF loves sex. At Senior Prom, just before sex with Cindi, he falls into a coma. Waking up 4 years later, his Cindi is Miss March in Playboy. Can he get her back?",sadness,Miss March,Miss March,1,"['Comedy', 'Romance']",6.1875,6.0,2.0,10.0,16,16,"['Comedy', 'Romance']",2,comedy romance,46,239,2.833213344056216,2.833213344056216
The Tramp struggles to live in modern industrial society with the help of a young homeless woman.,sadness,Modern Times,Modern Times,1,"['Drama', 'Comedy']",6.222222222222222,7.0,2.0,9.0,9,9,"['Drama', 'Comedy']",2,drama comedy,17,97,2.302585092994046,2.302585092994046
"In 1700s New York, a Boston artist working in the remote Fort Alden is torn between his love for 2 women and thrown into the middle of a Mohawk-Iroquois-American war.",sadness,Mohawk,Mohawk,1,"['Action', 'Western']",5.0,5.0,4.0,6.0,7,7,"['Action', 'Western']",2,action western,30,166,2.0794415416798357,2.0794415416798357
"Late in the War of 1812, a young Mohawk woman and her two lovers battle a squad of American soldiers hell-bent on revenge.",sadness,Mohawk,Mohawk,1,"['Action', 'Western']",5.0,5.0,4.0,6.0,7,7,"['Action', 'Western']",2,action western,23,122,2.0794415416798357,2.0794415416798357
"Trisha Rawlings, a Beverly Hills socialite suffers from loneliness following the separation of her womanizing husband Stu. Strip, a young drifter, became infatuated with her and, develops a May/December relationship with her.",sadness,Moment by Moment,Moment by Moment,1,"['Drama', 'Romance']",3.789473684210526,1.0,1.0,10.0,19,19,"['Drama', 'Romance']",2,drama romance,32,225,2.995732273553991,2.995732273553991
"After a family tragedy, a racist prison guard re-examines his attitudes while falling in love with the African-American wife of the last prisoner he executed.",sadness,Monster's Ball,Monster's Ball,1,"['Drama', 'Romance']",8.0,9.0,3.0,10.0,11,11,"['Drama', 'Romance']",2,drama romance,25,158,2.4849066497880004,2.4849066497880004
"The love life of Charlotte is reduced to an endless string of disastrous blind dates, until she meets the perfect man, Kevin. Unfortunately, his merciless mother will do anything to destroy their relationship.",sadness,Monster-in-Law,Monster-in-Law,1,"['Romance', 'Comedy']",6.2105263157894735,7.0,2.0,10.0,19,19,"['Romance', 'Comedy']",2,romance comedy,33,209,2.995732273553991,2.995732273553991
"Six years after Earth has suffered an alien invasion, a cynical journalist agrees to escort a shaken American tourist through an infected zone in Mexico to the safety of the U.S. border.",sadness,Monsters,Monsters,1,"['Drama', 'Thriller', 'Science Fiction']",7.857142857142857,8.0,2.0,10.0,14,14,"['Drama', 'Thriller', 'Science Fiction']",3,drama thriller science_fiction,32,186,2.70805020110221,2.70805020110221
"A countess flees to Monte Carlo on the day of her wedding, where she is courted by a count posing as a hairdresser.",sadness,Monte Carlo,Monte Carlo,1,"['Comedy', 'Music', 'Romance']",6.352941176470588,6.0,2.0,10.0,34,17,"['Comedy', 'Music', 'Romance']",3,comedy music romance,23,115,3.5553480614894135,2.8903717578961645
Three young women vacationing in Paris find themselves whisked away to Monte Carlo after one of the girls is mistaken for a British heiress.,sadness,Monte Carlo,Monte Carlo,1,"['Comedy', 'Music', 'Romance']",6.352941176470588,6.0,2.0,10.0,34,17,"['Comedy', 'Music', 'Romance']",3,comedy music romance,24,140,3.5553480614894135,2.8903717578961645
"A pair of young lovers flee their New England town, which causes a local search party to fan out to find them.",sadness,Moonrise Kingdom,Moonrise Kingdom,1,"['Comedy', 'Drama', 'Romance']",7.117647058823529,9.0,2.0,10.0,17,17,"['Comedy', 'Drama', 'Romance']",3,comedy drama romance,22,110,2.8903717578961645,2.8903717578961645
An upstart television producer accepts the challenge of reviving a struggling morning show program with warring co-hosts.,sadness,Morning Glory,Morning Glory,1,"['Drama', 'Romance']",5.380952380952381,5.0,2.0,10.0,42,21,"['Drama', 'Romance']",2,drama romance,17,121,3.7612001156935624,3.091042453358316
A poor Bohemian poet in 1890s Paris falls for a beautiful courtesan and nightclub star coveted by a jealous duke.,sadness,Moulin Rouge!,Moulin Rouge!,1,"['Drama', 'Music', 'Romance']",9.833333333333334,10.0,9.0,10.0,6,6,"['Drama', 'Music', 'Romance']",3,drama music romance,20,113,1.9459101490553132,1.9459101490553132
A couple who have been married for three years are shocked to learn that their marriage is not legally valid.,sadness,Mr. & Mrs. Smith,Mr. & Mrs. Smith,1,"['Comedy', 'Romance']",7.0,8.0,2.0,10.0,38,19,"['Comedy', 'Romance']",2,comedy romance,20,109,3.6635616461296463,2.995732273553991
"Jack Elliot, once a great baseball player, is forced to play in Japan where his brash, egotistical ways cause friction with his new teammates and friends.",sadness,Mr. Baseball,Mr. Baseball,1,"['Comedy', 'Romance']",6.1,6.0,4.0,9.0,10,10,"['Comedy', 'Romance']",2,comedy romance,26,154,2.3978952727983707,2.3978952727983707
"After being arrested during a manic episode, a man who suffers from bipolar disorder is treated by a psychiatrist who begins to develop romantic feelings towards him.",sadness,Mr. Jones,Mr. Jones,1,"['Drama', 'Romance']",6.1,6.0,2.0,10.0,40,20,"['Drama', 'Romance']",2,drama romance,27,166,3.713572066704308,3.044522437723423
"Taken aback by his mother's wedding announcement, a young man returns home in an effort to stop her from marrying his old high school gym teacher, a man who made middle school hell for generations of students.",sadness,Mr. Woodcock,Mr. Woodcock,1,"['Comedy', 'Romance']",5.0625,5.5,2.0,8.0,16,16,"['Comedy', 'Romance']",2,comedy romance,37,209,2.833213344056216,2.833213344056216
A young Greek woman falls in love with a non-Greek and struggles to get her family to accept him while she comes to terms with her heritage and cultural identity.,sadness,My Big Fat Greek Wedding,My Big Fat Greek Wedding,1,"['Comedy', 'Drama', 'Romance']",7.625,8.0,2.0,10.0,8,8,"['Comedy', 'Drama', 'Romance']",3,comedy drama romance,30,162,2.1972245773362196,2.1972245773362196
"After a man is asked to house sit for his boss, he becomes determined to get closer to the boss's daughter, but events keep unfolding that stop him from achieving his goal.",sadness,My Boss's Daughter,My Boss's Daughter,1,"['Comedy', 'Romance']",6.266666666666667,7.0,2.0,10.0,15,15,"['Comedy', 'Romance']",2,comedy romance,32,172,2.772588722239781,2.772588722239781
A disgruntled tour guide in Greece gains an unexpected new outlook on life thanks to one of the people on what she intends to be her last tour.,sadness,My Life in Ruins,My Life in Ruins,1,"['Comedy', 'Romance']",6.071428571428571,6.5,3.0,9.0,14,14,"['Comedy', 'Romance']",2,comedy romance,28,143,2.70805020110221,2.70805020110221
"A sweet Midwestern guy with his life planned out for himself is wooed, groomed, and ultimately dumped by a complicated, elusive gal.",sadness,My Sassy Girl,My Sassy Girl,1,"['Drama', 'Comedy', 'Romance']",5.8,6.0,2.0,9.0,20,10,"['Drama', 'Comedy', 'Romance']",3,drama comedy romance,22,132,3.044522437723423,2.3978952727983707
A self-conscious bride is tormented by the memory of her husband's dead first wife.,sadness,Naina,Naina,1,['Horror'],5.0,5.0,5.0,5.0,2,2,['Horror'],1,horror,14,83,1.0986122886681098,1.0986122886681098
"An American reporter stationed in post-war Moscow marries a ballet dancer, but their relationship is threatened by the country's political volatility.",sadness,Never Let Me Go,Never Let Me Go,1,"['Drama', 'Romance', 'Science Fiction']",6.533333333333333,7.0,2.0,9.0,15,15,"['Drama', 'Romance', 'Science Fiction']",3,drama romance science_fiction,21,150,2.772588722239781,2.772588722239781
"The lives of three friends, from their early school days into young adulthood, when the reality of the world they live in comes knocking.",sadness,Never Let Me Go,Never Let Me Go,1,"['Drama', 'Romance', 'Science Fiction']",6.533333333333333,7.0,2.0,9.0,15,15,"['Drama', 'Romance', 'Science Fiction']",3,drama romance science_fiction,24,137,2.772588722239781,2.772588722239781
Jane and Roxy Ryan are teenage Long Island twins who find themselves on numerous misadventures when they trek into Manhattan on a school day.,sadness,New York Minute,New York Minute,1,['Comedy'],7.666666666666667,10.0,2.0,10.0,15,15,['Comedy'],1,comedy,24,141,2.772588722239781,2.772588722239781
"A Miami, Florida businesswoman adjusts to her new life in a small Minnesota town.",sadness,New in Town,New in Town,1,['Comedy'],6.631578947368421,7.0,2.0,10.0,19,19,['Comedy'],1,comedy,14,81,2.995732273553991,2.995732273553991
"Through a series of bizarre coincidences, an artist finds himself falsely accused of bank robbery and murder and is pursued by the authorities and the real killers.",sadness,Nightfall,Nightfall,1,"['Action', 'Crime', 'Thriller']",1.8888888888888888,1.0,1.0,8.0,54,18,"['Action', 'Crime', 'Thriller']",3,action crime thriller,27,164,4.007333185232471,2.9444389791664403
"A doctor, who is travelling to see his estranged son, sparks with an unhappily married woman at a North Carolina inn.",sadness,Nights in Rodanthe,Nights in Rodanthe,1,"['Drama', 'Romance']",6.473684210526316,7.0,2.0,10.0,19,19,"['Drama', 'Romance']",2,drama romance,21,117,2.995732273553991,2.995732273553991
"Famous film director Guido Contini struggles to find harmony in his professional and personal lives, as he engages in dramatic relationships with his wife, his mistress, his muse, his agent, and his mother.",sadness,Nine,Nine,1,"['Drama', 'Music', 'Romance']",6.352941176470588,6.0,3.0,10.0,17,17,"['Drama', 'Music', 'Romance']",3,drama music romance,33,206,2.8903717578961645,2.8903717578961645
"When he finds out his longtime girlfriend is pregnant, a commitment-phobe realizes he might have to change his lifestyle for better or much, much worse.",sadness,Nine Months,Nine Months,1,['Comedy'],5.733333333333333,5.0,2.0,10.0,15,15,['Comedy'],1,comedy,25,152,2.772588722239781,2.772588722239781
"No Rest for the Wicked is a tragedy about two lovers, Issac and Kat, who are sent on the run from the law from a misunderstanding that results in the death of a cop. Along the way we study ...                See full summary »",sadness,No Rest for the Wicked,No Rest for the Wicked,1,['Thriller'],8.5,8.5,8.0,9.0,2,2,['Thriller'],1,thriller,44,226,1.0986122886681098,1.0986122886681098
"After watching her marriage collapse and business go under due to a Ponzi scheme, Felice Jackson is forced to adjust to single life and gets a little help from her three best friends who are all dealing with their own personal issues.",sadness,No Strings Attached,No Strings Attached,1,"['Comedy', 'Romance']",5.4,5.0,2.0,10.0,15,15,"['Comedy', 'Romance']",2,comedy romance,42,234,2.772588722239781,2.772588722239781
A sepia tinted weepie where a niave girl learns about men in more ways than one; a loss of innocence - but full of charm,sadness,Nobody's Fool,Nobody's Fool,1,"['Drama', 'Comedy']",7.357142857142857,8.5,2.0,10.0,28,14,"['Drama', 'Comedy']",2,drama comedy,25,120,3.367295829986474,2.70805020110221
A woman is released from prison and reunites with her sister. She soon discovers that her sister is in an online relationship with a man who may not be what he seems.,sadness,Nobody's Fool,Nobody's Fool,1,"['Drama', 'Comedy']",7.357142857142857,8.5,2.0,10.0,28,14,"['Drama', 'Comedy']",2,drama comedy,32,166,3.367295829986474,2.70805020110221
"Sam, an escaped convict, lands up on a farmland owned by a widow. When he learns that a ruthless contractor is trying to take over her land, he helps her to fight against the injustice.",sadness,Nowhere to Run,Nowhere to Run,1,"['Action', 'Adventure', 'Drama', 'Thriller']",6.333333333333333,7.0,2.0,10.0,21,21,"['Action', 'Adventure', 'Drama', 'Thriller']",4,action adventure drama thriller,35,185,3.091042453358316,3.091042453358316
"A successful asset manager, who has just received a huge promotion, is blissfully happy in his career and in his marriage. But when a temp worker starts stalking him, all the things he's worked so hard for are placed in jeopardy.",sadness,Obsessed,Obsessed,1,"['Drama', 'Thriller']",6.333333333333333,7.0,2.0,10.0,42,21,"['Drama', 'Thriller']",2,drama thriller,41,229,3.7612001156935624,3.091042453358316
"Gino, a drifter, begins an affair with inn-owner Giovanna, and they plan to get rid of her older husband.",sadness,Obsession,Obsession,1,"['Drama', 'Thriller', 'Mystery']",4.0,4.0,4.0,4.0,3,1,"['Drama', 'Thriller', 'Mystery']",3,drama thriller mystery,19,105,1.3862943611198906,0.6931471805599453
Tom and Nicole are a couple who are going through a divorce while keeping it under wraps as they both star in a film where they have to pretend to be lovers. Tom can't move on from the relationship to a point that seems OBSESSIVE.,sadness,Obsession,Obsession,1,"['Drama', 'Thriller', 'Mystery']",4.0,4.0,4.0,4.0,3,1,"['Drama', 'Thriller', 'Mystery']",3,drama thriller mystery,45,230,1.3862943611198906,0.6931471805599453
A scientist finds a medicine for heart issues at a cheaper cost but he gets chased by the medical mafia and runs away.,sadness,Octopus,Octopus,1,"['Action', 'Horror', 'Thriller']",4.5,3.0,1.0,10.0,18,18,"['Action', 'Horror', 'Thriller']",3,action horror thriller,23,118,2.9444389791664403,2.9444389791664403
"In one night, 2 strangers find themselves and each other...what could possibly go wrong?",sadness,One Night Stand,One Night Stand,1,['Drama'],6.142857142857143,7.0,2.0,8.0,7,7,['Drama'],1,drama,14,88,2.0794415416798357,2.0794415416798357
"Max/W.Snipes has a one night stand with Karen/N.Kinski in NYC. He returns to his wife, 2 kids and career in LA but is affected. A year later, Max and Karen meet again by chance, but this time they're with their spouses.",sadness,One Night Stand,One Night Stand,1,['Drama'],6.142857142857143,7.0,2.0,8.0,7,7,['Drama'],1,drama,41,219,2.0794415416798357,2.0794415416798357
"On a trip to South America, Brad is cursed by a shaman never to find love. Any girl who sleeps with him runs for the hills. Brad must find the shaman and get him to reverse the curse before his true love is gone forever.",sadness,One Night Stand,One Night Stand,1,['Drama'],6.142857142857143,7.0,2.0,8.0,7,7,['Drama'],1,drama,45,220,2.0794415416798357,2.0794415416798357
"The weeks leading up to a young couple's wedding are comic and stressful, especially as their respective fathers try to lay their long standing feud to rest.",sadness,Our Family Wedding,Our Family Wedding,1,['Comedy'],5.555555555555555,5.5,2.0,10.0,18,18,['Comedy'],1,comedy,27,157,2.9444389791664403,2.9444389791664403
"After struggling to become a success, Betty Miller and her all-girl orchestra finally hit pay dirt when crooner Herbie Fenton comes on board. Problems arise when Betty and her girls try to ...                See full summary »",sadness,Out of This World,Out of This World,1,"['Romance', 'Comedy', 'Music']",2.0,2.0,2.0,2.0,2,2,"['Romance', 'Comedy', 'Music']",3,romance comedy music,37,226,1.0986122886681098,1.0986122886681098
A physician in a small town suddenly finds himself the object of vilification and persecution when one of his patients commits suicide.,sadness,Outcast,Outcast,1,['Action'],6.066666666666666,6.0,2.0,10.0,15,15,['Action'],1,action,22,135,2.772588722239781,2.772588722239781
"Outcast is a 1928 silent film drama produced and distributed by First National Pictures. It was directed by William A. Seiter and stars Corinne Griffith, often considered one of the most ...                See full summary »",sadness,Outcast,Outcast,1,['Action'],6.066666666666666,6.0,2.0,10.0,15,15,['Action'],1,action,36,224,2.772588722239781,2.772588722239781
A ghost tries to sabotage her former boyfriend's current relationship with a psychic.,sadness,Over Her Dead Body,Over Her Dead Body,1,['Comedy'],4.882352941176471,4.0,2.0,10.0,17,17,['Comedy'],1,comedy,13,85,2.8903717578961645,2.8903717578961645
"After a spoiled, wealthy yacht owner is thrown overboard and loses his memory, a mistreated employee convinces him that he is her working-class husband.",sadness,Overboard,Overboard,1,"['Comedy', 'Romance']",7.611111111111111,8.5,2.0,10.0,18,18,"['Comedy', 'Romance']",2,comedy romance,24,152,2.9444389791664403,2.9444389791664403
A young widow discovers that her late husband has left her 10 messages intended to help ease her pain and start a new life.,sadness,P.S. I Love You,P.S. I Love You,1,"['Drama', 'Romance']",6.5,7.0,2.0,10.0,16,16,"['Drama', 'Romance']",2,drama romance,24,123,2.833213344056216,2.833213344056216
Kristine is a teenager living an affluent life with her mother and auntie. Her mother is the only one managing the hacienda of her late father. Since her mother is not used to managing the ...                See full summary »,sadness,P.S. I Love You,P.S. I Love You,1,"['Drama', 'Romance']",6.5,7.0,2.0,10.0,16,16,"['Drama', 'Romance']",2,drama romance,40,226,2.833213344056216,2.833213344056216
"The film follows an Egyptian young woman who travels to Lebanon, and faces lots of trouble throughout her journey, until a Lebanese man offers help, and their relationship develops into a deeper connection.",sadness,Paparazzi,Paparazzi,1,"['Action', 'Drama', 'Thriller']",2.0,2.0,2.0,2.0,2,1,"['Action', 'Drama', 'Thriller']",3,action drama thriller,33,206,1.0986122886681098,0.6931471805599453
It tells the story of two men who meet and fall in love in an Australian offshore detention center.,sadness,Paradise,Paradise,1,"['Romance', 'Adventure']",5.2727272727272725,6.0,2.0,9.0,55,11,"['Romance', 'Adventure']",2,romance adventure,19,99,4.02535169073515,2.4849066497880004
"On the Riviera, a doctor steals a milliner's winnings to save her from a gigolo.",sadness,Paradise,Paradise,1,"['Romance', 'Adventure']",5.2727272727272725,6.0,2.0,9.0,55,11,"['Romance', 'Adventure']",2,romance adventure,15,80,4.02535169073515,2.4849066497880004
"A rich, alcoholic widow assuages her loneliness through a ménage à trois with two seductive step-siblings, whose true motives threaten her sanity and life.",sadness,Paranoia,Paranoia,1,"['Drama', 'Thriller']",5.458333333333333,5.0,2.0,10.0,72,24,"['Drama', 'Thriller']",2,drama thriller,24,155,4.290459441148391,3.2188758248682006
"In the midst of a manmade biological disaster and a terrible fate, three couples try to find meaning in their lives.",sadness,Parts Per Billion,Parts Per Billion,1,['Science Fiction'],5.666666666666667,5.5,2.0,9.0,12,12,['Science Fiction'],1,science_fiction,21,116,2.5649493574615367,2.5649493574615367
A malfunction in a sleeping pod on a spacecraft traveling to a distant colony planet wakes one passenger 90 years early.,sadness,Passengers,Passengers,1,"['Drama', 'Mystery', 'Thriller', 'Romance']",6.666666666666667,7.0,2.0,10.0,36,18,"['Drama', 'Mystery', 'Thriller', 'Romance']",4,drama mystery thriller romance,21,120,3.6109179126442243,2.9444389791664403
"A young couple announces their wedding at a party with friends. The reactions of the latter reveal hitherto unexpressed sentimental flaws within the group. The following days, the tension rises to the surface.",sadness,Passion,Passion,1,"['Thriller', 'Drama', 'Crime', 'Mystery']",4.619047619047619,4.0,2.0,10.0,21,21,"['Thriller', 'Drama', 'Crime', 'Mystery']",4,thriller drama crime mystery,33,209,3.091042453358316,3.091042453358316
"The complicated relationship between Percy Grainger, famous Australian-born early 20th century folk musician, and his abusive unstable mother that lead to his interest in S&M, instability and failed relationships with women.",sadness,Passion,Passion,1,"['Thriller', 'Drama', 'Crime', 'Mystery']",4.619047619047619,4.0,2.0,10.0,21,21,"['Thriller', 'Drama', 'Crime', 'Mystery']",4,thriller drama crime mystery,31,224,3.091042453358316,3.091042453358316
Wendy (Sylvia Chang) and Ming (Cora Miao) are very good friends for many years. Both of them are widows and each has a daughter living with them.,sadness,Passion,Passion,1,"['Thriller', 'Drama', 'Crime', 'Mystery']",4.619047619047619,4.0,2.0,10.0,21,21,"['Thriller', 'Drama', 'Crime', 'Mystery']",4,thriller drama crime mystery,27,145,3.091042453358316,3.091042453358316
An uptight New York City lawyer takes her two teenagers to her hippie mother's farmhouse upstate for a family vacation.,sadness,"Peace, Love & Misunderstanding","Peace, Love & Misunderstanding",1,"['Comedy', 'Drama', 'Romance']",5.285714285714286,5.0,3.0,9.0,7,7,"['Comedy', 'Drama', 'Romance']",3,comedy drama romance,20,119,2.0794415416798357,2.0794415416798357
A shiftless young man becomes obsessed with a mysterious woman and yearns to find her again.,sadness,Phantom,Phantom,1,"['Drama', 'Fantasy']",5.833333333333333,6.0,3.0,9.0,36,12,"['Drama', 'Fantasy']",2,drama fantasy,16,92,3.6109179126442243,2.5649493574615367
A disfigured Holocaust survivor sets out to determine if the man she loved betrayed her trust.,sadness,Phoenix,Phoenix,1,"['Drama', 'Thriller', 'Crime', 'Romance']",8.0,8.0,7.0,9.0,9,3,"['Drama', 'Thriller', 'Crime', 'Romance']",4,drama thriller crime romance,16,94,2.302585092994046,1.3862943611198906
A young war widow remembers her short time with her husband.,sadness,Phoenix,Phoenix,1,"['Drama', 'Thriller', 'Crime', 'Romance']",8.0,8.0,7.0,9.0,9,3,"['Drama', 'Thriller', 'Crime', 'Romance']",4,drama thriller crime romance,11,60,2.302585092994046,1.3862943611198906
"Ladies' man Miles takes a challenge to ""complete"" the entire alphabet prior to graduation. All goes well until dream girl Gabrielle Xeropolos, aka: The X. Now he's torn between his feelings for her, and his allegiance to his dorm buddies.",sadness,Pigs,Pigs,1,['Comedy'],7.333333333333333,7.0,7.0,8.0,6,3,['Comedy'],1,comedy,40,238,1.9459101490553132,1.3862943611198906
A rising tennis star falls for an older woman engaged with a wealthy man she doesn't love. Will he become the next John McEnroe? Will she choose love over financial security?,sadness,Players,Players,1,"['Crime', 'Thriller']",6.0,6.5,3.0,8.0,18,18,"['Crime', 'Thriller']",2,crime thriller,31,174,2.9444389791664403,2.9444389791664403
A former sports star who's fallen on hard times starts coaching his son's football team as a way to get his life together. His attempts to become an adult are met with challenges from the attractive football moms who pursue him at every turn.,sadness,Playing for Keeps,Playing for Keeps,1,"['Comedy', 'Family']",5.428571428571429,5.0,3.0,9.0,42,21,"['Comedy', 'Family']",2,comedy family,44,242,3.7612001156935624,3.091042453358316
An English soldier and the daughter of an Algonquin chief share a romance when English colonists invade seventeenth century Virginia.,sadness,Pocahontas,Pocahontas,1,"['Adventure', 'Animation', 'Drama', 'Family']",7.214285714285714,8.5,2.0,10.0,14,14,"['Adventure', 'Animation', 'Drama', 'Family']",4,adventure animation drama family,20,133,2.70805020110221,2.70805020110221
"A slave-turned-gladiator finds himself in a race against time to save his true love, who has been betrothed to a corrupt Roman Senator. As Mount Vesuvius erupts, he must fight to save his beloved as Pompeii crumbles around him.",sadness,Pompeii,Pompeii,1,"['Action', 'Adventure', 'History', 'Romance', 'Drama']",5.428571428571429,4.0,2.0,10.0,21,21,"['Action', 'Adventure', 'History', 'Romance', 'Drama']",5,action adventure history romance drama,39,227,3.091042453358316,3.091042453358316
A teenage girl's life gets turned upside down when a new school friend turns out to be a pop star.,sadness,Popstar,Popstar,1,"['Romance', 'Family', 'Comedy']",5.25,4.5,1.0,10.0,16,16,"['Romance', 'Family', 'Comedy']",3,romance family comedy,20,98,2.833213344056216,2.833213344056216
"Middle aged man lies sleeplessly in bed, recalling his numerous sexual encounters. The various couplings are haphazard, loveless affairs in which most of the women are as anxious to release...                See full summary »",sadness,Porno,Porno,1,"['Comedy', 'Romance']",5.0,5.0,5.0,5.0,2,2,"['Comedy', 'Romance']",2,comedy romance,34,226,1.0986122886681098,1.0986122886681098
The story of life in the 18th century Jewish ghetto of Wurtemburg. Suess tries to better himself with the help of an evil Duke.,sadness,Power,Power,1,['Drama'],5.214285714285714,5.0,2.0,9.0,14,14,['Drama'],1,drama,24,127,2.70805020110221,2.70805020110221
"A man in a legal but hurtful business needs an escort for some social events, and hires a beautiful prostitute he meets... only to fall in love.",sadness,Pretty Woman,Pretty Woman,1,"['Romance', 'Comedy']",7.25,8.0,3.0,10.0,12,12,"['Romance', 'Comedy']",2,romance comedy,27,144,2.5649493574615367,2.5649493574615367
"Nightclub hostess Mimin is hired to impersonate her lookalike Hsin, an office worker who was murdered.",sadness,Pretty Woman,Pretty Woman,1,"['Romance', 'Comedy']",7.25,8.0,3.0,10.0,12,12,"['Romance', 'Comedy']",2,romance comedy,16,102,2.5649493574615367,2.5649493574615367
A poor girl must choose between the affections of dating her childhood sweetheart or a rich but sensitive playboy.,sadness,Pretty in Pink,Pretty in Pink,1,['Comedy'],6.625,6.5,2.0,10.0,16,16,['Comedy'],1,comedy,19,114,2.833213344056216,2.833213344056216
"Jane Austen's classic is transplanted to modern-day Utah. While her college roommates search for love, aspiring writer Elizabeth Bennet focuses on her career but constantly finds herself fighting haughty businessman Will Darcy.",sadness,Pride and Prejudice,Pride and Prejudice,1,"['Drama', 'Romance']",4.142857142857143,4.0,2.0,6.0,14,7,"['Drama', 'Romance']",2,drama romance,32,227,2.70805020110221,2.0794415416798357
"The arrival of wealthy bachelors in town causes an uproar when families with single daughters aggressively seek engagements, including the Bennet family, with five eligible daughters.",sadness,Pride and Prejudice,Pride and Prejudice,1,"['Drama', 'Romance']",4.142857142857143,4.0,2.0,6.0,14,7,"['Drama', 'Romance']",2,drama romance,26,183,2.70805020110221,2.0794415416798357
Five sisters in 19th century England must cope with the pressures to marry while protecting themselves from a growing population of zombies.,sadness,Pride and Prejudice and Zombies,Pride and Prejudice and Zombies,1,"['Romance', 'Horror', 'Comedy', 'Thriller']",6.9523809523809526,8.0,2.0,10.0,21,21,"['Romance', 'Horror', 'Comedy', 'Thriller']",4,romance horror comedy thriller,22,140,3.091042453358316,3.091042453358316
"A homosexual Catholic priest finds out during confessional that a young girl is being sexually abused by her father, and has to decide how to deal with both that secret and his own.",sadness,Priest,Priest,1,"['Drama', 'Romance']",6.636363636363637,6.5,2.0,10.0,44,22,"['Drama', 'Romance']",2,drama romance,33,181,3.8066624897703196,3.1354942159291497
"A teacher falls in love with a young British woman who works as an English teacher at the same school. He tries to woo her, leads conflicts that come crashing on them as they face the biggest battle of their lives - to get married.",sadness,Prince,Prince,1,"['Comedy', 'Drama']",5.4,5.0,2.0,10.0,15,15,"['Comedy', 'Drama']",2,comedy drama,45,231,2.772588722239781,2.772588722239781
A maid secretly marries the son of her wealthy boss.,sadness,Private Number,Private Number,1,"['Mystery', 'Horror', 'Thriller']",6.0,6.0,6.0,6.0,1,1,"['Mystery', 'Horror', 'Thriller']",3,mystery horror thriller,10,52,0.6931471805599453,0.6931471805599453
An interracial gay love story set in early 18th century South Africa about two men -- a black prisoner living in a Cape Town penal colony and a Dutch sailor -- who weather injustices as a result of their affair.,sadness,Proteus,Proteus,1,"['Drama', 'History', 'Romance']",5.0,5.0,4.0,6.0,10,5,"['Drama', 'History', 'Romance']",3,drama history romance,40,211,2.3978952727983707,1.791759469228055
Socially frustrated Barry Egan calls a phone-sex line to curb his loneliness. Little does he know it will land him in deep trouble and will jeopardize his burgeoning romance with the mysterious Lena.,sadness,Punch-Drunk Love,Punch-Drunk Love,1,"['Comedy', 'Drama', 'Romance']",6.8,8.0,4.0,8.0,5,5,"['Comedy', 'Drama', 'Romance']",3,comedy drama romance,33,199,1.791759469228055,1.791759469228055
A young guy Soheil is having a reluctant life. He depends on his rich father but one day he has a car accident which leads him to meet with a girl Somayeh. This changes the course of his life for ever.,sadness,Quarantine,Quarantine,1,"['Horror', 'Science Fiction', 'Thriller']",7.055555555555555,7.0,3.0,10.0,18,18,"['Horror', 'Science Fiction', 'Thriller']",3,horror science_fiction thriller,41,201,2.9444389791664403,2.9444389791664403
"A bandit leader kidnaps the wife of the policeman who killed his sister, but later falls in love with her.",sadness,Raavan,Raavan,1,"['Action', 'Adventure', 'Crime', 'Drama', 'Romance', 'Thriller']",4.0,4.0,4.0,4.0,1,1,"['Action', 'Adventure', 'Crime', 'Drama', 'Romance', 'Thriller']",6,action adventure crime drama romance thriller,20,106,0.6931471805599453,0.6931471805599453
"A young woman becomes the fourth wife of a wealthy lord, and must learn to live with the strict rules and tensions within the household.",sadness,Raise the Red Lantern,Raise the Red Lantern,1,['Drama'],5.25,5.0,2.0,9.0,12,12,['Drama'],1,drama,25,136,2.5649493574615367,2.5649493574615367
"After her sister and brother-in-law die in a car accident, a young woman becomes the guardian of their three children.",sadness,Raising Helen,Raising Helen,1,"['Drama', 'Comedy', 'Romance']",6.5,6.5,2.0,10.0,18,18,"['Drama', 'Comedy', 'Romance']",3,drama comedy romance,20,118,2.9444389791664403,2.9444389791664403
"A young newlywed arrives at her husband's imposing family estate on a windswept English coast and finds herself battling the shadow of his first wife, Rebecca, whose legacy lives on in the house long after her death.",sadness,Rebecca,Rebecca,1,"['Drama', 'Mystery']",5.181818181818182,5.0,2.0,9.0,11,11,"['Drama', 'Mystery']",2,drama mystery,37,216,2.4849066497880004,2.4849066497880004
"Set in a medieval village that is haunted by a werewolf, a young girl falls for an orphaned woodcutter, much to her family's displeasure.",sadness,Red Riding Hood,Red Riding Hood,1,"['Fantasy', 'Thriller', 'Horror']",5.7368421052631575,4.0,2.0,10.0,38,19,"['Fantasy', 'Thriller', 'Horror']",3,fantasy thriller horror,24,137,3.6635616461296463,2.995732273553991
"A romantic drama centered on two new lovers: Tyler, whose parents have split in the wake of his brother's suicide, and Ally, who lives each day to the fullest since witnessing her mother's murder.",sadness,Remember Me,Remember Me,1,"['Drama', 'Romance']",7.461538461538462,8.0,2.0,9.0,13,13,"['Drama', 'Romance']",2,drama romance,34,196,2.6390573296152584,2.6390573296152584
"After discovering that his old flame now has Alzheimer's, a hopelessly-in-love widower fakes his way into her senior-living community in an effort to reunite with her.",sadness,Remember Me,Remember Me,1,"['Drama', 'Romance']",7.461538461538462,8.0,2.0,9.0,13,13,"['Drama', 'Romance']",2,drama romance,26,167,2.6390573296152584,2.6390573296152584
"The exiled royal physician to King Charles II devotes himself to helping Londoners suffering from the plague, and in the process falls in love with an equally poor woman.",sadness,Restoration,Restoration,1,"['Drama', 'Romance']",4.0,4.0,4.0,4.0,4,2,"['Drama', 'Romance']",2,drama romance,29,170,1.6094379124341003,1.0986122886681098
"Two mismatched personal trainers' lives are upended by the actions of a new, wealthy client.",sadness,Results,Results,1,['Comedy'],4.5,4.5,3.0,6.0,10,10,['Comedy'],1,comedy,15,92,2.3978952727983707,2.3978952727983707
A young couple living in a Connecticut suburb during the mid-1950s struggle to come to terms with their personal problems while trying to raise their two children.,sadness,Revolutionary Road,Revolutionary Road,1,"['Drama', 'Romance']",5.6,6.0,2.0,8.0,10,10,"['Drama', 'Romance']",2,drama romance,27,163,2.3978952727983707,2.3978952727983707
"A boozing young man in love with his co-worker finds that everyone around him, even his pompous and condescending best friend, is changing into a rhinoceros.",sadness,Rhinoceros,Rhinoceros,1,['Comedy'],7.75,8.5,5.0,9.0,8,4,['Comedy'],1,comedy,26,157,2.1972245773362196,1.6094379124341003
"Rei helps the woman she's been in love with for years escape her abusive husband. While on the run, their feelings for each other catch fire.",sadness,Ride or Die,Ride or Die,1,"['Action', 'Comedy', 'Thriller', 'Crime', 'Music', 'Romance']",4.25,4.0,1.0,8.0,4,4,"['Action', 'Comedy', 'Thriller', 'Crime', 'Music', 'Romance']",6,action comedy thriller crime music romance,26,141,1.6094379124341003,1.6094379124341003
"Violet and Rosie are 15-year-old fraternal twin sisters on the edge of womanhood. When their parents are killed in a car crash, the girls hit the road as ""outlaws,"" bound for Kentucky and the perfect life together.",sadness,Ripe,Ripe,1,['Drama'],4.25,4.0,4.0,5.0,4,4,['Drama'],1,drama,37,214,1.6094379124341003,1.6094379124341003
A small-town girl and a city boy meet on the Sunset Strip while pursuing their Hollywood dreams.,sadness,Rock of Ages,Rock of Ages,1,"['Comedy', 'Drama', 'Music', 'Romance']",6.9375,8.0,2.0,10.0,16,16,"['Comedy', 'Drama', 'Music', 'Romance']",4,comedy drama music romance,17,96,2.833213344056216,2.833213344056216
A bored and sheltered princess escapes her guardians and falls in love with an American newsman in Rome.,sadness,Roman Holiday,Roman Holiday,1,"['Comedy', 'Romance']",7.076923076923077,8.0,2.0,9.0,13,13,"['Comedy', 'Romance']",2,comedy romance,18,104,2.6390573296152584,2.6390573296152584
Bharadhi has undergone sexual torture by her psychopath husband creating a strong aversion to sex within her. The hero is a young guy working in an IT company whose lust takes better of him and strong sexual urges drive his thoughts.,sadness,Room,Room,1,"['Drama', 'Thriller']",5.857142857142857,5.5,2.0,9.0,28,14,"['Drama', 'Thriller']",2,drama thriller,41,233,3.367295829986474,2.70805020110221
"Sanju, a jobless computer engineer, who has to pay his debt to 'Vaddi' Raja, an unkind money lender, elopes with his lover Ammu as her father refuses to get her married to the jobless Sanju.",sadness,Run,Run,1,"['Action', 'Thriller', 'Drama']",1.0,1.0,1.0,1.0,3,1,"['Action', 'Thriller', 'Drama']",3,action thriller drama,35,190,1.3862943611198906,0.6931471805599453
A reporter is assigned to write a story about a woman who has left a string of fiancés at the altar.,sadness,Runaway Bride,Runaway Bride,1,"['Comedy', 'Romance']",6.357142857142857,7.0,2.0,10.0,14,14,"['Comedy', 'Romance']",2,comedy romance,21,100,2.70805020110221,2.70805020110221
"A teenager at Rushmore Academy falls for a much older teacher and befriends a middle-aged industrialist. Later, he finds out that his love interest and his friend are having an affair, which prompts him to begin a vendetta.",sadness,Rushmore,Rushmore,1,"['Comedy', 'Drama']",8.0,8.0,7.0,9.0,4,4,"['Comedy', 'Drama']",2,comedy drama,38,223,1.6094379124341003,1.6094379124341003
"A young woman disappears from her sweetheart's life, sacrificing her own happiness.",sadness,Sacrifice,Sacrifice,1,"['Drama', 'Action', 'History', 'Thriller']",7.0,7.0,7.0,7.0,3,1,"['Drama', 'Action', 'History', 'Thriller']",4,drama action history thriller,12,83,1.3862943611198906,0.6931471805599453
"Santos, a failed comic book artist, lives in a parallel universe where he's a superhero who has to save the world.",sadness,Santos,Santos,1,"['Fantasy', 'Action', 'Comedy', 'Science Fiction', 'Romance', 'Foreign']",6.5,6.5,6.0,7.0,2,2,"['Fantasy', 'Action', 'Comedy', 'Science Fiction', 'Romance', 'Foreign']",6,fantasy action comedy science_fiction romance foreign,21,114,1.0986122886681098,1.0986122886681098
"A sex and drug-addicted young man who is forced into a Christian-run ministry in an attempt to cure him of his ""gay affliction,"" where instead he is faced with the truth in his heart and spirit.",sadness,Save Me,Save Me,1,['Drama'],5.666666666666667,5.0,3.0,9.0,6,3,['Drama'],1,drama,36,194,1.9459101490553132,1.3862943611198906
"Two young lovers, Lucas and Belah, who navigate their vacillating lives while coping with their addictions and a tumultuous new love that takes them higher than any drug can go.",sadness,Save Me,Save Me,1,['Drama'],5.666666666666667,5.0,3.0,9.0,6,3,['Drama'],1,drama,30,177,1.9459101490553132,1.3862943611198906
"Sarah begins to confront her shortcomings after she rejects her boyfriend's hasty proposal and soon finds herself in a rebound romance. Meanwhile, her sister Beth is immersed in the details of her wedding.",sadness,Save the Date,Save the Date,1,"['Comedy', 'Romance']",4.333333333333333,4.0,3.0,6.0,6,6,"['Comedy', 'Romance']",2,comedy romance,33,205,1.9459101490553132,1.9459101490553132
A pair of buddies conspire to save their best friend from marrying the wrong woman.,sadness,Saving Silverman,Saving Silverman,1,"['Comedy', 'Crime', 'Romance']",8.0,7.5,6.0,10.0,8,8,"['Comedy', 'Crime', 'Romance']",3,comedy crime romance,15,83,2.1972245773362196,2.1972245773362196
Jo and Gilly date. They find out they're brother and sister. Jo moves away. Gilly finds out that he's not Jo's brother and that Jo's getting married. Can he stop the wedding in time?,sadness,Say It Isn't So,Say It Isn't So,1,"['Comedy', 'Romance']",5.0625,4.0,2.0,10.0,16,16,"['Comedy', 'Romance']",2,comedy romance,34,182,2.833213344056216,2.833213344056216
"A selfish, cynical television executive is haunted by three spirits bearing lessons on Christmas Eve.",sadness,Scrooged,Scrooged,1,"['Fantasy', 'Comedy', 'Drama']",6.45,7.0,2.0,10.0,20,20,"['Fantasy', 'Comedy', 'Drama']",3,fantasy comedy drama,15,101,3.044522437723423,3.044522437723423
"A young woman, recently released from a mental hospital, gets a job as a secretary to a demanding lawyer, where their employer-employee relationship turns into a sexual, sadomasochistic one.",sadness,Secretary,Secretary,1,"['Comedy', 'Drama', 'Romance']",6.8,8.0,3.0,10.0,15,15,"['Comedy', 'Drama', 'Romance']",3,comedy drama romance,29,190,2.772588722239781,2.772588722239781
"Rich Mr. Dashwood dies, leaving his second wife and her three daughters poor by the rules of inheritance. The two eldest daughters are the title opposites.",sadness,Sense and Sensibility,Sense and Sensibility,1,"['Drama', 'Romance']",5.461538461538462,5.0,2.0,9.0,52,13,"['Drama', 'Romance']",2,drama romance,26,155,3.970291913552122,2.6390573296152584
"In Depression-era North Carolina, the future of George Pemberton's timber empire becomes complicated when he marries Serena.",sadness,Serena,Serena,1,['Drama'],5.761904761904762,6.0,2.0,10.0,42,21,['Drama'],1,drama,17,124,3.7612001156935624,3.091042453358316
Eddie lands his first teaching gig at an inner city middle school and finds his highly pubescent pupils are receiving no form of sexual education. Eddie isn't really equipped to teach them...he's not exactly experienced romantically.,sadness,Sex Ed,Sex Ed,1,"['Romance', 'Comedy']",4.0,4.0,4.0,4.0,3,3,"['Romance', 'Comedy']",2,romance comedy,36,233,1.3862943611198906,1.3862943611198906
"A married couple wake up to discover that the sex tape they made the evening before has gone missing, leading to a frantic search for its whereabouts.",sadness,Sex Tape,Sex Tape,1,['Comedy'],5.294117647058823,4.0,2.0,10.0,17,17,['Comedy'],1,comedy,27,150,2.8903717578961645,2.8903717578961645
A New York City writer on sex and love is finally getting married to her Mr. Big. But her three best girlfriends must console her after one of them inadvertently leads Mr. Big to jilt her.,sadness,Sex and the City,Sex and the City,1,"['Comedy', 'Drama', 'Romance']",5.333333333333333,4.0,2.0,10.0,18,18,"['Comedy', 'Drama', 'Romance']",3,comedy drama romance,36,188,2.9444389791664403,2.9444389791664403
"While wrestling with the pressures of life, love, and work in Manhattan, Carrie, Miranda, and Charlotte join Samantha for a trip to Abu Dhabi (United Arab Emirates), where Samantha's ex is filming a new movie.",sadness,Sex and the City 2,Sex and the City 2,1,"['Comedy', 'Drama', 'Romance']",4.88,4.0,1.0,10.0,25,25,"['Comedy', 'Drama', 'Romance']",3,comedy drama romance,35,209,3.258096538021482,3.258096538021482
A shallow man falls in love with a 300-pound woman because of her inner beauty.,sadness,Shallow Hal,Shallow Hal,1,"['Comedy', 'Romance']",8.538461538461538,8.0,7.0,10.0,13,13,"['Comedy', 'Romance']",2,comedy romance,15,79,2.6390573296152584,2.6390573296152584
"An average Joe meets the perfect woman, but his lack of confidence and the influence of his friends and family begin to pick away at the relationship.",sadness,She's Out of My League,She's Out of My League,1,"['Comedy', 'Romance']",6.2727272727272725,7.0,2.0,9.0,22,22,"['Comedy', 'Romance']",2,comedy romance,27,150,3.1354942159291497,3.1354942159291497
"After being released from a psychiatric institution, a man tries to redeem himself in the eyes of his now-ex wife from the events that led up to his incarceration.",sadness,She's So Lovely,She's So Lovely,1,"['Drama', 'Romance', 'Thriller']",4.5,3.0,3.0,9.0,4,4,"['Drama', 'Romance', 'Thriller']",3,drama romance thriller,29,163,1.6094379124341003,1.6094379124341003
"When her brother decides to ditch for a couple weeks, Viola heads over to his elite boarding school, disguised as him, and proceeds to fall for his school's star soccer player, and soon learns she's not the only one with romantic troubles.",sadness,She's the Man,She's the Man,1,"['Comedy', 'Drama', 'Family', 'Romance']",7.391304347826087,8.0,2.0,10.0,23,23,"['Comedy', 'Drama', 'Family', 'Romance']",4,comedy drama family romance,42,239,3.1780538303479458,3.1780538303479458
"The love lives of two brothers, Mickey and Francis, interconnect as Francis cheats on his wife with Mickey's ex-girlfriend, while Mickey impulsively marries a stranger.",sadness,She's the One,She's the One,1,"['Comedy', 'Romance']",6.111111111111111,6.0,3.0,9.0,9,9,"['Comedy', 'Romance']",2,comedy romance,25,168,2.302585092994046,2.302585092994046
"Shrek and Fiona travel to the Kingdom of Far Far Away, where Fiona's parents are King and Queen, to celebrate their marriage. When they arrive, they find they are not as welcome as they thought they would be.",sadness,Shrek 2,Shrek 2,1,"['Adventure', 'Animation', 'Comedy', 'Family', 'Fantasy']",7.153846153846154,8.0,2.0,10.0,13,13,"['Adventure', 'Animation', 'Comedy', 'Family', 'Fantasy']",5,adventure animation comedy family fantasy,38,208,2.6390573296152584,2.6390573296152584
"When an American diamond trader's Russian partner goes missing, he journeys to Siberia in search of him, but instead begins a love affair.",sadness,Siberia,Siberia,1,"['Drama', 'Crime', 'Romance', 'Foreign']",4.454545454545454,3.0,2.0,10.0,11,11,"['Drama', 'Crime', 'Romance', 'Foreign']",4,drama crime romance foreign,23,138,2.4849066497880004,2.4849066497880004
"Two men reaching middle age with not much to show but disappointment embark on a week-long road trip through California's wine country, just as one is about to take a trip down the aisle.",sadness,Sideways,Sideways,1,"['Comedy', 'Drama', 'Romance']",5.4,4.0,2.0,9.0,20,10,"['Comedy', 'Drama', 'Romance']",3,comedy drama romance,34,187,3.044522437723423,2.3978952727983707
"Jim Warren, a crook, is married to Norma, but there was a flaw in their marriage papers and he must marry her gain to protect their unborn child. He returns home and gives her some money ...                See full summary »",sadness,Silence,Silence,1,"['Drama', 'History']",4.8,5.0,2.0,8.0,20,10,"['Drama', 'History']",2,drama history,41,224,3.044522437723423,2.3978952727983707
"Sensing that their relationship is crumbling, Christian avoids celebrating Christmas with his girlfriend Julia and heads for Paris. Alone in their Berlin flat, Julia decides that this is ...                See full summary »",sadness,Silent Night,Silent Night,1,"['Comedy', 'Horror', 'Thriller', 'Mystery']",6.090909090909091,6.0,3.0,9.0,11,11,"['Comedy', 'Horror', 'Thriller', 'Mystery']",4,comedy horror thriller mystery,33,224,2.4849066497880004,2.4849066497880004
"After a stint in a mental institution, former teacher Pat Solitano moves back in with his parents and tries to reconcile with his ex-wife. Things get more challenging when Pat meets Tiffany, a mysterious girl with problems of her own.",sadness,Silver Linings Playbook,Silver Linings Playbook,1,"['Drama', 'Comedy', 'Romance']",5.166666666666667,4.0,2.0,10.0,18,18,"['Drama', 'Comedy', 'Romance']",3,drama comedy romance,40,234,2.9444389791664403,2.9444389791664403
A silent film star falls for a chorus girl just as he and his delusionally jealous screen partner are trying to make the difficult transition to talking pictures in 1920s Hollywood.,sadness,Singin' in the Rain,Singin' in the Rain,1,"['Comedy', 'Music', 'Romance']",4.75,4.5,2.0,9.0,8,8,"['Comedy', 'Music', 'Romance']",3,comedy music romance,31,181,2.1972245773362196,2.1972245773362196
"She seems like your ordinary overweight middle-aged wife & mom except her dream of being a rock star still weighs heavy on her soul, ""they"" say she can't do it, watch her transform and over...                See full summary »",sadness,Siren,Siren,1,"['Thriller', 'Horror', 'Action']",10.0,10.0,10.0,10.0,24,12,"['Thriller', 'Horror', 'Action']",3,thriller horror action,39,226,3.2188758248682006,2.5649493574615367
"In spite of her best efforts, a Manhattan model falls in love with a country-hick census taker, while trying to help out her sister and the sister's jobless husband. She also finds time to get involved with a gangster from Chicago.",sadness,Sisters,Sisters,1,"['Horror', 'Thriller']",4.0,3.0,1.0,9.0,28,7,"['Horror', 'Thriller']",2,horror thriller,41,231,3.367295829986474,2.0794415416798357
"Robin Monroe, a New York magazine editor, and the gruff pilot Quinn Harris must put aside their mutual dislike if they are to survive after crash landing on a deserted South Seas island.",sadness,Six Days Seven Nights,Six Days Seven Nights,1,"['Action', 'Adventure', 'Comedy', 'Romance']",7.764705882352941,8.0,4.0,10.0,17,17,"['Action', 'Adventure', 'Comedy', 'Romance']",4,action adventure comedy romance,33,186,2.8903717578961645,2.8903717578961645
"A girl's ""sweet"" sixteenth birthday is anything but special: her family forgets about it, and she suffers from every embarrassment possible.",sadness,Sixteen Candles,Sixteen Candles,1,"['Comedy', 'Romance']",6.545454545454546,7.0,3.0,9.0,11,11,"['Comedy', 'Romance']",2,comedy romance,21,140,2.4849066497880004,2.4849066497880004
"After being snubbed by the royal family, a malevolent fairy places a curse on a princess which only a prince can break, along with the help of three good fairies.",sadness,Sleeping Beauty,Sleeping Beauty,1,"['Fantasy', 'Animation', 'Romance', 'Family']",3.7777777777777777,3.5,1.0,10.0,72,18,"['Fantasy', 'Animation', 'Romance', 'Family']",4,fantasy animation romance family,30,162,4.290459441148391,2.9444389791664403
"'I Never Sleep' (also called 'Sleepless') is the story of Nadia Lotfi (Faten Hamama), a teenage girl raised by her father after her mother's untimely death. Her lifelong lack of a mother ...                See full summary »",sadness,Sleepless,Sleepless,1,"['Crime', 'Horror', 'Mystery', 'Thriller']",5.565217391304348,5.0,2.0,10.0,46,23,"['Crime', 'Horror', 'Mystery', 'Thriller']",4,crime horror mystery thriller,37,224,3.8501476017100584,3.1780538303479458
A recently widowed man's son calls a radio talk-show in an attempt to find his father a partner.,sadness,Sleepless in Seattle,Sleepless in Seattle,1,"['Comedy', 'Drama', 'Romance']",5.9411764705882355,5.0,2.0,10.0,17,17,"['Comedy', 'Drama', 'Romance']",3,comedy drama romance,18,96,2.8903717578961645,2.8903717578961645
The alter-ego of a young man falls in love with a waitress and finds his night life changing in unexpected ways.,sadness,Sleepwalkers,Sleepwalkers,1,"['Fantasy', 'Horror', 'Thriller']",4.214285714285714,5.0,2.0,7.0,14,14,"['Fantasy', 'Horror', 'Thriller']",3,fantasy horror thriller,21,112,2.70805020110221,2.70805020110221
Dale hopes for a meaningful relationship in LA but it eludes her. Then she bumps into a musician she knew before he became a star.,sadness,Slightly Single in L.A.,Slightly Single in L.A.,1,"['Comedy', 'Romance']",4.0,4.0,4.0,4.0,1,1,"['Comedy', 'Romance']",2,comedy romance,25,130,0.6931471805599453,0.6931471805599453
"A Mumbai teenager reflects on his life after being accused of cheating on the Indian version of ""Who Wants to be a Millionaire?"".",sadness,Slumdog Millionaire,Slumdog Millionaire,1,"['Drama', 'Romance']",8.6,9.0,6.0,10.0,10,10,"['Drama', 'Romance']",2,drama romance,23,129,2.3978952727983707,2.3978952727983707
A troubled psychologist is sent to investigate the crew of an isolated research station orbiting a bizarre planet.,sadness,Solaris,Solaris,1,"['Drama', 'Science Fiction', 'Adventure', 'Mystery']",7.066666666666666,7.0,2.0,10.0,30,15,"['Drama', 'Science Fiction', 'Adventure', 'Mystery']",4,drama science_fiction adventure mystery,18,114,3.4339872044851463,2.772588722239781
"After falling by a cliff on a desert beach, a seriously injured surfer starts a lonely fight to survive against the merciless nature.",sadness,Solo,Solo,1,"['Action', 'Adventure', 'Science Fiction', 'Thriller']",5.3125,4.5,1.0,10.0,48,16,"['Action', 'Adventure', 'Science Fiction', 'Thriller']",4,action adventure science_fiction thriller,23,133,3.8918202981106265,2.833213344056216
"Friendships are tested and secrets come to the surface when terminally single Rachel falls for Dex, her best friend Darcy's fiancé.",sadness,Something Borrowed,Something Borrowed,1,"['Comedy', 'Drama', 'Romance']",6.809523809523809,8.0,3.0,10.0,21,21,"['Comedy', 'Drama', 'Romance']",3,comedy drama romance,21,131,3.091042453358316,3.091042453358316
"A woman and her daughter emigrate from Mexico for a better life in America, where they start working for a family where the patriarch is a newly celebrated chef with an insecure wife.",sadness,Spanglish,Spanglish,1,['Comedy'],6.6923076923076925,8.0,2.0,10.0,13,13,['Comedy'],1,comedy,33,183,2.6390573296152584,2.6390573296152584
A broken couple inevitably question the meaning of their relationship while on a drive.,sadness,Sparks,Sparks,1,"['Action', 'Thriller']",5.0,5.0,4.0,6.0,6,6,"['Action', 'Thriller']",2,action thriller,14,87,1.9459101490553132,1.9459101490553132
"With the help of his mechanic buddy, an engineer, and the company's attractive new publicist, an automotive test driver struggles to develop a new carburetor by entering cars in the Indy 500 and speed trials at California's Muroc Dry Lake.",sadness,Speed,Speed,1,"['Action', 'Adventure', 'Crime']",3.75,2.0,1.0,10.0,4,4,"['Action', 'Adventure', 'Crime']",3,action adventure crime,40,239,1.6094379124341003,1.6094379124341003
"As her 30th birthday looms, an over-achieving woman with a thing for bowlers decides to marry the man of her dreams in just under a month.",sadness,Split,Split,1,"['Horror', 'Thriller']",6.0,7.0,1.0,10.0,8,8,"['Horror', 'Thriller']",2,horror thriller,26,138,2.1972245773362196,2.1972245773362196
A boy is raised by a Buddhist monk in an isolated floating temple where the years pass like the seasons.,sadness,"Spring, Summer, Fall, Winter... and Spring","Spring, Summer, Fall, Winter... and Spring",1,['Drama'],6.533333333333333,7.0,2.0,9.0,15,15,['Drama'],1,drama,20,104,2.772588722239781,2.772588722239781
A fashion stylist finds herself being stalked by a man after her car breaks down in the countryside.,sadness,Stalker,Stalker,1,"['Drama', 'Science Fiction', 'Thriller']",5.2,4.0,2.0,9.0,10,5,"['Drama', 'Science Fiction', 'Thriller']",3,drama science_fiction thriller,18,100,2.3978952727983707,1.791759469228055
"To what extent would you be willing to do for the girl you love? Jiu Bing has been stuck in the friend zone with Bo He since he was twelve. Even though he tries everything to win her heart,...                See full summary »",sadness,Stand by Me,Stand by Me,1,"['Crime', 'Drama']",6.583333333333333,7.0,2.0,9.0,12,12,"['Crime', 'Drama']",2,crime drama,43,226,2.5649493574615367,2.5649493574615367
"After losing his job, a recovering addict struggles to survive and meets a free spirited woman, who changes his world, but cannot stay in his life.",sadness,Stay,Stay,1,"['Mystery', 'Thriller', 'Drama']",8.058823529411764,9.0,2.0,10.0,34,17,"['Mystery', 'Thriller', 'Drama']",3,mystery thriller drama,26,147,3.5553480614894135,2.8903717578961645
"Gillian, a married, English landlord of some vacation apartments in Greece, strikes up a casual friendship with Paul, a vacationing tenant which quickly turns serious, greatly complicating her married life.",sadness,Stay,Stay,1,"['Mystery', 'Thriller', 'Drama']",8.058823529411764,9.0,2.0,10.0,34,17,"['Mystery', 'Thriller', 'Drama']",3,mystery thriller drama,30,206,3.5553480614894135,2.8903717578961645
A mixed-race American Indian rodeo champ returns to the reservation to help his people out.,sadness,"Stay Away, Joe","Stay Away, Joe",1,"['Action', 'Comedy', 'Drama', 'Music', 'Romance', 'Western']",4.857142857142857,4.0,4.0,6.0,7,7,"['Action', 'Comedy', 'Drama', 'Music', 'Romance', 'Western']",6,action comedy drama music romance western,15,91,2.0794415416798357,2.0794415416798357
An author who returns to his hometown to deliver a commencement address to a class of graduating high school students has to deal with his feelings for an old flame as well as the advances of a student who has the hots for him.,sadness,Stay Cool,Stay Cool,1,['Comedy'],5.333333333333333,6.0,2.0,8.0,6,6,['Comedy'],1,comedy,44,227,1.9459101490553132,1.9459101490553132
"I.R.S. auditor Harold Crick suddenly finds his mundane Chicago life to be the subject of narration only he can hear: narration that begins to affect his entire existence, from his work to his love life to his death.",sadness,Stranger Than Fiction,Stranger Than Fiction,1,"['Comedy', 'Drama', 'Fantasy', 'Romance']",8.166666666666666,8.0,6.0,9.0,12,12,"['Comedy', 'Drama', 'Fantasy', 'Romance']",4,comedy drama fantasy romance,38,215,2.5649493574615367,2.5649493574615367
"Isaiah seems to have his life completely together only a couple years after college, but perfection comes at a cost and everything that he loves is put to the test. Will lust overpower and destroy this young couple or will love prevail?",sadness,Submerged,Submerged,1,['Action'],3.25,2.0,1.0,8.0,16,8,['Action'],1,action,42,236,2.833213344056216,2.1972245773362196
A rich girl whose family summers on Cape Cod has a romance with a local poor boy who hopes to become a major league baseball player.,sadness,Summer Catch,Summer Catch,1,"['Drama', 'Comedy', 'Romance']",5.555555555555555,5.0,3.0,9.0,9,9,"['Drama', 'Comedy', 'Romance']",3,drama comedy romance,26,132,2.302585092994046,2.302585092994046
"Relationship between father and son on a background of Maoist regime in China in the mid-20th century. The father, a painter by profession, interned in a labor camp for ""re-education"" and ...                See full summary »",sadness,Sunflower,Sunflower,1,"['Drama', 'Foreign', 'Romance']",4.0,4.0,4.0,4.0,2,1,"['Drama', 'Foreign', 'Romance']",3,drama foreign romance,36,225,1.0986122886681098,0.6931471805599453
"A sophisticated urban woman seduces a farmer in the hopes that he will murder his neglected wife and join her in the city, but he ends up rekindling his romance with his wife when she discovers their scheme.",sadness,Sunrise,Sunrise,1,['Drama'],6.8,7.5,4.0,9.0,10,10,['Drama'],1,drama,38,207,2.3978952727983707,2.3978952727983707
The fate of a Hungarian Jewish family throughout the 20th century.,sadness,Sunshine,Sunshine,1,"['Drama', 'History']",6.666666666666667,8.0,2.0,9.0,30,15,"['Drama', 'History']",2,drama history,11,66,3.4339872044851463,2.772588722239781
"After losing a powerful orb, Kara Zor-El, Superman's cousin, comes to Earth to retrieve it and instead finds herself up against a wicked witch.",sadness,Supergirl,Supergirl,1,"['Adventure', 'Fantasy', 'Action', 'Science Fiction']",8.384615384615385,10.0,2.0,10.0,13,13,"['Adventure', 'Fantasy', 'Action', 'Science Fiction']",4,adventure fantasy action science_fiction,24,143,2.6390573296152584,2.6390573296152584
"Kunal Mehra lives a middle-classed lifestyle in Borivali, Mumbai, along with his disapproving dad, Purabi, and supportive mom, Kusum. He has a sweetheart in Mausam, an aspiring Journalist. ...                See full summary »",sadness,Superstar,Superstar,1,"['Comedy', 'Family']",5.8,7.0,3.0,9.0,10,5,"['Comedy', 'Family']",2,comedy family,33,226,2.3978952727983707,1.791759469228055
Three people - a rich couple and a crew member - are shipwrecked on a tropical island and their subsequent fight for survival becomes even tougher when they begin to turn on each other.,sadness,Survival Island,Survival Island,1,"['Horror', 'Adventure', 'Drama', 'Thriller']",3.3181818181818183,1.0,1.0,10.0,22,22,"['Horror', 'Adventure', 'Drama', 'Thriller']",4,horror adventure drama thriller,34,185,3.1354942159291497,3.1354942159291497
A young woman who has reinvented herself as a New York City socialite must return home to Alabama to obtain a divorce from her husband after seven years of separation.,sadness,Sweet Home Alabama,Sweet Home Alabama,1,"['Comedy', 'Romance']",5.833333333333333,5.5,2.0,10.0,12,12,"['Comedy', 'Romance']",2,comedy romance,30,167,2.5649493574615367,2.5649493574615367
A snooty socialite is stranded on a Mediterranean island with a communist sailor.,sadness,Swept Away,Swept Away,1,"['Drama', 'Comedy', 'Romance', 'Foreign']",4.0,1.0,1.0,10.0,46,23,"['Drama', 'Comedy', 'Romance', 'Foreign']",4,drama comedy romance foreign,13,81,3.8501476017100584,3.1780538303479458
"A suburban couple decide to shake up their marriage by ""swinging"" with another couple.",sadness,Swinging with the Finkels,Swinging with the Finkels,1,"['Comedy', 'Romance']",5.8,6.0,3.0,9.0,10,10,"['Comedy', 'Romance']",2,comedy romance,14,86,2.3978952727983707,2.3978952727983707
"A hopeless man stranded on a deserted island befriends a dead body, and together they go on a surreal journey to get home.",sadness,Swiss Army Man,Swiss Army Man,1,"['Comedy', 'Drama', 'Romance', 'Fantasy', 'Adventure']",8.090909090909092,9.0,2.0,10.0,11,11,"['Comedy', 'Drama', 'Romance', 'Fantasy', 'Adventure']",5,comedy drama romance fantasy adventure,23,122,2.4849066497880004,2.4849066497880004
"Raj rebuilds his dead father's car and names it Tarzan, but the car comes to life in a miraculous way. Slowly, the car starts killing the killers of Raj's father.",sadness,Taarzan: The Wonder Car,Taarzan: The Wonder Car,1,"['Drama', 'Action']",6.666666666666667,7.0,5.0,8.0,3,3,"['Drama', 'Action']",2,drama action,30,162,1.3862943611198906,1.3862943611198906
"Eloise, having been relieved of maid of honor duties after being unceremoniously dumped by the best man via text, decides to attend the wedding anyway, only to find herself seated with five fellow unwanted guests at the dreaded Table 19.",sadness,Table 19,Table 19,1,"['Comedy', 'Drama']",6.882352941176471,7.0,3.0,10.0,17,17,"['Comedy', 'Drama']",2,comedy drama,40,237,2.8903717578961645,2.8903717578961645
"Taboo is the story of a 67-year-old Iranian landowner Salar in the north of Iran. In spite of having 3 legal wives, he is pushing one of his workers - who has a beautiful 24-year-old ...                See full summary »",sadness,Taboo,Taboo,1,"['Drama', 'Horror', 'Thriller', 'Mystery']",4.368421052631579,4.0,1.0,10.0,19,19,"['Drama', 'Horror', 'Thriller', 'Mystery']",4,drama horror thriller mystery,40,220,2.995732273553991,2.995732273553991
Two men share an odd friendship while they care for two women who are both in deep comas.,sadness,Talk to Her,Talk to Her,1,"['Drama', 'Romance']",6.3,6.5,2.0,9.0,10,10,"['Drama', 'Romance']",2,drama romance,18,89,2.3978952727983707,2.3978952727983707
"After getting fired and finding out her husband is cheating, Tammy hits the road with her profane, alcoholic grandmother.",sadness,Tammy,Tammy,1,['Comedy'],5.478260869565218,7.0,1.0,10.0,23,23,['Comedy'],1,comedy,19,121,3.1780538303479458,3.1780538303479458
"A portrait of the increasingly desperate attempts of a teenage Manhattan girl to find love and kinship, in a world that never reciprocates.",sadness,Tart,Tart,1,"['Comedy', 'Drama', 'Romance']",3.75,3.0,2.0,7.0,8,8,"['Comedy', 'Drama', 'Romance']",3,comedy drama romance,23,139,2.1972245773362196,2.1972245773362196
"A New York cab driver helps an Irish immigrant girl with a baby, locate her missing husband.",sadness,Taxi,Taxi,1,"['Action', 'Comedy', 'Crime']",4.826086956521739,4.0,1.0,10.0,69,23,"['Action', 'Comedy', 'Crime']",3,action comedy crime,17,92,4.248495242049359,3.1780538303479458
"A millionaire's wife leaves with their son after she realizes that her husband is a womanizer. Will the son, who grows up to be a taxi driver, reunite with the father, or will the adopted son, a womanizer himself, succeed in his evil plan?",sadness,Taxi Driver,Taxi Driver,1,"['Crime', 'Drama']",5.4,6.0,2.0,8.0,5,5,"['Crime', 'Drama']",2,crime drama,44,239,1.791759469228055,1.791759469228055
"Mangal drives a taxi by day, then drinks at night, listens to his singer girlfriend Sylvie and then goes into a drunken stupor - and wakes up with a hangover. One day, while assisting ...                See full summary »",sadness,Taxi Driver,Taxi Driver,1,"['Crime', 'Drama']",5.4,6.0,2.0,8.0,5,5,"['Crime', 'Drama']",2,crime drama,39,221,1.791759469228055,1.791759469228055
"A young boy and a girl from two broken families, escaping domestic violence and inhuman treatment, meet on a fateful night and instantly form a bond promising to help each other. She, being...                See full summary »",sadness,Tees Maar Khan,Tees Maar Khan,1,"['Action', 'Comedy']",3.375,1.0,1.0,10.0,24,24,"['Action', 'Comedy']",2,action comedy,37,226,3.2188758248682006,3.2188758248682006
Opera singer Renee Dupree is in love with struggling composer Julian who falls very seriously ill. She goes to impresario Mueller for the money Julian needs but is saved from sacrificing her virtue when a jealous lover kills Mueller.,sadness,Temptation,Temptation,1,['Drama'],6.0,6.0,4.0,8.0,3,3,['Drama'],1,drama,39,233,1.3862943611198906,1.3862943611198906
"Three best friends find themselves where we've all been - at that confusing moment in every dating relationship when you have to decide ""So...where is this going?""",sadness,That Awkward Moment,That Awkward Moment,1,"['Comedy', 'Romance']",5.714285714285714,5.0,2.0,10.0,21,21,"['Comedy', 'Romance']",2,comedy romance,27,163,3.091042453358316,3.091042453358316
"Tommy Scott goes to a Connecticut college to become a doctor, but is soon discovered to be a prodigious football talent. He becomes a national star and falls in love, but fame and ill-advised financial deals threaten to ruin his future.",sadness,That's My Boy,That's My Boy,1,['Comedy'],7.3,8.0,2.0,10.0,20,20,['Comedy'],1,comedy,41,236,3.044522437723423,3.044522437723423
The affair between a politician and a contemporary dancer is affected by mysterious forces keeping the lovers apart.,sadness,The Adjustment Bureau,The Adjustment Bureau,1,"['Science Fiction', 'Thriller', 'Romance']",6.8,7.0,2.0,10.0,15,15,"['Science Fiction', 'Thriller', 'Romance']",3,science_fiction thriller romance,18,116,2.772588722239781,2.772588722239781
"A young woman, born at the turn of the 20th century, is rendered ageless after an accident. After many solitary years, she meets a man who complicates the eternal life she has settled into.",sadness,The Age of Adaline,The Age of Adaline,1,"['Fantasy', 'Drama', 'Romance']",6.7727272727272725,8.0,2.0,9.0,22,22,"['Fantasy', 'Drama', 'Romance']",3,fantasy drama romance,34,189,3.1354942159291497,3.1354942159291497
"A Manhattan insurance clerk tries to rise in his company by letting its executives use his apartment for trysts, but complications and a romance of his own ensue.",sadness,The Apartment,The Apartment,1,"['Comedy', 'Drama', 'Romance']",6.846153846153846,6.0,5.0,9.0,26,13,"['Comedy', 'Drama', 'Romance']",3,comedy drama romance,28,162,3.295836866004329,2.6390573296152584
A recently engaged man sees a former lover and becomes obsessed with meeting her again.,sadness,The Apartment,The Apartment,1,"['Comedy', 'Drama', 'Romance']",6.846153846153846,6.0,5.0,9.0,26,13,"['Comedy', 'Drama', 'Romance']",3,comedy drama romance,15,87,3.295836866004329,2.6390573296152584
Two doctors are in love with the same woman.,sadness,The Awakening,The Awakening,1,['Horror'],4.454545454545454,5.0,2.0,6.0,22,11,['Horror'],1,horror,9,44,3.1354942159291497,2.4849066497880004
"A commitment-phobic man goes in search of a bride, including his fed-up girlfriend, to inherit his grandfather's one hundred million dollar inheritance.",sadness,The Bachelor,The Bachelor,1,['Comedy'],3.7857142857142856,1.0,1.0,10.0,28,14,['Comedy'],1,comedy,22,152,3.367295829986474,2.70805020110221
Theodoris Dimitriadis is an average happily married Greek man who works as a bank clerk in the late '90s in Athens. After his wife's mysterious disappearance he soon finds out that she has become a courtesan for rich foreigners.,sadness,The Bachelor,The Bachelor,1,['Comedy'],3.7857142857142856,1.0,1.0,10.0,28,14,['Comedy'],1,comedy,39,228,3.367295829986474,2.70805020110221
"In a desert dystopia, a young woman is kidnapped by cannibals.",sadness,The Bad Batch,The Bad Batch,1,"['Thriller', 'Romance', 'Science Fiction']",5.761904761904762,6.0,2.0,10.0,21,21,"['Thriller', 'Romance', 'Science Fiction']",3,thriller romance science_fiction,11,62,3.091042453358316,3.091042453358316
Gramigna and his father are robbed of their field by Baron Nardò. The Baron let the field to Assunta and Gemma that is secretly beloved of Gramigna. Gemma succeeded to escape with Gramigna ...                See full summary »,sadness,The Bandit,The Bandit,1,"['Crime', 'Drama', 'Thriller']",6.2,7.0,3.0,9.0,30,10,"['Crime', 'Drama', 'Thriller']",3,crime drama thriller,38,226,3.4339872044851463,2.3978952727983707
An American cowboy living in Mexico discovers his cattle are being eaten by a giant prehistoric dinosaur.,sadness,The Beast of Hollow Mountain,The Beast of Hollow Mountain,1,"['Horror', 'Science Fiction', 'Western']",5.714285714285714,6.0,1.0,10.0,21,21,"['Horror', 'Science Fiction', 'Western']",3,horror science_fiction western,17,105,3.091042453358316,3.091042453358316
A lonely art expert working for a mysterious and reclusive heiress finds not only her art worth examining.,sadness,The Best Offer,The Best Offer,1,"['Drama', 'Romance', 'Crime', 'Mystery']",6.266666666666667,8.0,2.0,9.0,15,15,"['Drama', 'Romance', 'Crime', 'Mystery']",4,drama romance crime mystery,18,106,2.772588722239781,2.772588722239781
"Three World War II veterans, two of them traumatized or disabled, return home to the American midwest to discover that they and their families have been irreparably changed.",sadness,The Best Years of Our Lives,The Best Years of Our Lives,1,"['Drama', 'History', 'Romance']",5.857142857142857,7.0,2.0,8.0,7,7,"['Drama', 'History', 'Romance']",3,drama history romance,28,173,2.0794415416798357,2.0794415416798357
"Pakistan-born comedian Kumail Nanjiani and grad student Emily Gardner fall in love but struggle as their cultures clash. When Emily contracts a mysterious illness, Kumail finds himself forced to face her feisty parents, his family's expectations, and his true feelings.",sadness,The Big Sick,The Big Sick,1,"['Comedy', 'Drama', 'Romance']",6.0,5.0,2.0,9.0,7,7,"['Comedy', 'Drama', 'Romance']",3,comedy drama romance,40,269,2.0794415416798357,2.0794415416798357
A long-divorced couple fakes being married as their family unites for a wedding.,sadness,The Big Wedding,The Big Wedding,1,['Comedy'],4.6,4.0,2.0,8.0,15,15,['Comedy'],1,comedy,13,80,2.772588722239781,2.772588722239781
A wealthy San Francisco socialite pursues a potential boyfriend to a small Northern California town that slowly takes a turn for the bizarre when birds of all kinds suddenly begin to attack people.,sadness,The Birds,The Birds,1,['Horror'],6.571428571428571,8.0,2.0,9.0,14,14,['Horror'],1,horror,33,197,2.70805020110221,2.70805020110221
"In the Victorian period, two children are shipwrecked on a tropical island in the South Pacific. With no adults to guide them, the two make a simple life together, unaware that sexual maturity will eventually intervene.",sadness,The Blue Lagoon,The Blue Lagoon,1,"['Romance', 'Adventure', 'Drama']",7.0,8.0,2.0,10.0,30,15,"['Romance', 'Adventure', 'Drama']",3,romance adventure drama,36,219,3.4339872044851463,2.772588722239781
"An accountant ,in love with a girl who married a shady guy , becomes her bodyguard,without her knowing it.",sadness,The Bodyguard,The Bodyguard,1,"['Thriller', 'Action', 'Drama', 'Music', 'Romance']",5.384615384615385,5.0,2.0,10.0,52,13,"['Thriller', 'Action', 'Drama', 'Music', 'Romance']",5,thriller action drama music romance,19,106,3.970291913552122,2.6390573296152584
"After his mistress runs over a young teen, a Wall Street hotshot sees his life unravel in the spotlight and attracts the interest of a down-and-out reporter.",sadness,The Bonfire of the Vanities,The Bonfire of the Vanities,1,"['Comedy', 'Drama']",6.894736842105263,8.0,2.0,10.0,19,19,"['Comedy', 'Drama']",2,comedy drama,27,157,2.995732273553991,2.995732273553991
"A pair of sisters from the vaudeville circuit try to make it big time on Broadway, but matters of the heart complicate the attempt.",sadness,The Broadway Melody,The Broadway Melody,1,"['Drama', 'Music', 'Romance']",4.285714285714286,4.0,3.0,6.0,7,7,"['Drama', 'Music', 'Romance']",3,drama music romance,24,131,2.0794415416798357,2.0794415416798357
A young Spanish student travels to London; where she falls in love with his Aunt. This has repercussions for the relationships of those around him.,sadness,The Butterfly Effect,The Butterfly Effect,1,"['Science Fiction', 'Thriller']",7.529411764705882,8.0,4.0,10.0,17,17,"['Science Fiction', 'Thriller']",2,science_fiction thriller,25,147,2.8903717578961645,2.8903717578961645
"With her brother killed Sonya is given Turkish captive Mahmud to do the hard work on the farm. After they become fond of each other he strikes a Turkish officer. When peace arrives, his ...                See full summary »",sadness,The Captive,The Captive,1,"['Animation', 'Fantasy']",7.166666666666667,7.5,3.0,10.0,54,18,"['Animation', 'Fantasy']",2,animation fantasy,39,223,4.007333185232471,2.9444389791664403
"When Jung-ha loses her husband in an accident, Naru, her husband's secret lover, comes to her. Naru begs Jung-ha that she will do anything if only she will let her stay at her house. ...                See full summary »",sadness,The Chase,The Chase,1,"['Thriller', 'Drama', 'Crime']",6.166666666666667,7.0,3.0,7.0,18,6,"['Thriller', 'Drama', 'Crime']",3,thriller drama crime,39,220,2.9444389791664403,1.9459101490553132
A young man between two women (Claude Jade in a double role).,sadness,The Choice,The Choice,1,"['Drama', 'Romance']",3.0,3.0,2.0,4.0,4,2,"['Drama', 'Romance']",2,drama romance,12,61,1.6094379124341003,1.0986122886681098
"Ibrahim, a poet and a journalist, discovers that he is dying soon from a fatal disease. He confront his crook partner, Bader, and demands his share to make sure that his wife has a better ...                See full summary »",sadness,The Circle,The Circle,1,"['Drama', 'Foreign']",6.55,7.0,3.0,10.0,120,20,"['Drama', 'Foreign']",2,drama foreign,40,225,4.795790545596741,3.044522437723423
"Zurich, 1956. The young teacher Ernst Ostertag falls head over heels in love with the transvestite star Robi Rapp and finds himself torn between his bourgeois existence and his commitment ...                See full summary »",sadness,The Circle,The Circle,1,"['Drama', 'Foreign']",6.55,7.0,3.0,10.0,120,20,"['Drama', 'Foreign']",2,drama foreign,35,225,4.795790545596741,3.044522437723423
The Tramp finds work and the girl of his dreams at a circus.,sadness,The Circus,The Circus,1,"['Comedy', 'Drama']",6.923076923076923,7.0,5.0,9.0,13,13,"['Comedy', 'Drama']",2,comedy drama,13,60,2.6390573296152584,2.6390573296152584
"Ed (Edward Hogg) is at a crossroads in his life. In his early thirties, his unrewarding job in a call centre is getting more and more frustrating, while his career as a stand-up is not ...                See full summary »",sadness,The Comedian,The Comedian,1,[],4.125,4.5,3.0,5.0,16,8,[],0,unknown_genre,40,222,2.833213344056216,2.1972245773362196
"The main character (Thora Birch) follows the ""PIG Theory"" and ends relationships after six months in order to avoid heartache until she meets a man (Chris Klein) who wants to disprove her theory.",sadness,The Competition,The Competition,1,"['Drama', 'Romance', 'Music']",4.75,4.5,4.0,6.0,4,4,"['Drama', 'Romance', 'Music']",3,drama romance music,33,195,1.6094379124341003,1.6094379124341003
"Stas, the cosmonaut, gets lost in space. When he comes back he finds Earth completely empty of human life. Yulia and Andrei wait for him on the other side of a collapsing world. How far would you go for love?",sadness,The Cosmonaut,The Cosmonaut,1,"['Drama', 'Science Fiction']",8.4,9.0,7.0,9.0,5,5,"['Drama', 'Science Fiction']",2,drama science_fiction,40,208,1.791759469228055,1.791759469228055
Rich couple loses their fortune in stock market crash.,sadness,The Crash,The Crash,1,"['Crime', 'Thriller']",5.5,5.5,5.0,6.0,4,4,"['Crime', 'Thriller']",2,crime thriller,9,54,1.6094379124341003,1.6094379124341003
"Andreas has everything a man can wish for. A wonderfull wife, a big house on the country and a great job. But a sudden car accident puts him in a wheelchair. He is paralysed in his legs and he is also now impotent. Will his marriage work?",sadness,The Crossing,The Crossing,1,"['Drama', 'History', 'War']",5.5,5.5,5.0,6.0,4,2,"['Drama', 'History', 'War']",3,drama history war,47,238,1.6094379124341003,1.0986122886681098
"In the midst of the Chinese Revolution during the late 1940s, couples flee to the island of Taiwan.",sadness,The Crossing,The Crossing,1,"['Drama', 'History', 'War']",5.5,5.5,5.0,6.0,4,2,"['Drama', 'History', 'War']",3,drama history war,18,99,1.6094379124341003,1.0986122886681098
"Sam returns home after a lengthy absence to find his girlfriend is having an affair with his best friend. The two friends then end up in a drunken race, where the question of who gets the girl will be decided at a train crossing.",sadness,The Crossing,The Crossing,1,"['Drama', 'History', 'War']",5.5,5.5,5.0,6.0,4,2,"['Drama', 'History', 'War']",3,drama history war,44,229,1.6094379124341003,1.0986122886681098
"An American tourist, a youth gang leader, and his troubled sister find themselves trapped in a top secret government facility experimenting on children.",sadness,The Damned,The Damned,1,['Drama'],4.833333333333333,5.0,1.0,10.0,24,6,['Drama'],1,drama,23,152,3.2188758248682006,1.9459101490553132
"When Evia comes upon a dire financial hardship and is close to losing everything, her billionaire boss offers her $5 Million to spend the weekend with her husband. Now Evia must choose to ...                See full summary »",sadness,The Deal,The Deal,1,"['Thriller', 'Crime', 'Drama']",4.4,4.0,2.0,9.0,30,10,"['Thriller', 'Crime', 'Drama']",3,thriller crime drama,38,225,3.4339872044851463,2.3978952727983707
"Pursued by a cab driver for an unpaid fare, a millionaire's son, Brooke Travers (Wallace Reid), hides on a steamer, and both men find themselves en route to South America, where they are ...                See full summary »",sadness,The Dictator,The Dictator,1,['Comedy'],7.833333333333333,7.5,4.0,10.0,12,12,['Comedy'],1,comedy,38,224,2.5649493574615367,2.5649493574615367
A young American studying in Paris in 1968 strikes up a friendship with a French brother and sister. Set against the background of the '68 Paris student riots.,sadness,The Dreamers,The Dreamers,1,"['Drama', 'Romance']",6.166666666666667,6.5,2.0,8.0,6,6,"['Drama', 'Romance']",2,drama romance,28,159,1.9459101490553132,1.9459101490553132
"A chronicle of the life of 18th-century aristocrat Georgiana, Duchess of Devonshire, who was reviled for her extravagant political and personal life.",sadness,The Duchess,The Duchess,1,"['Drama', 'History', 'Romance']",7.285714285714286,7.0,4.0,10.0,21,21,"['Drama', 'History', 'Romance']",3,drama history romance,22,149,3.091042453358316,3.091042453358316
"A colonel's daughter marries a farmer in name only, but returns to him when her lover threatens suicide.",sadness,The Eleventh Hour,The Eleventh Hour,1,"['Action', 'Thriller']",4.0,4.0,4.0,4.0,1,1,"['Action', 'Thriller']",2,action thriller,18,104,0.6931471805599453,0.6931471805599453
"At the close of World War II, a young nurse tends to a badly-burned plane crash victim. His past is shown in flashbacks, revealing an involvement in a fateful love affair.",sadness,The English Patient,The English Patient,1,"['Drama', 'Romance', 'War']",6.125,7.0,2.0,9.0,8,8,"['Drama', 'Romance', 'War']",3,drama romance war,31,171,2.1972245773362196,2.1972245773362196
A young man tries to convince an escort to leave her line of work but not all is as it seems.,sadness,The Escort,The Escort,1,"['Thriller', 'Crime', 'Drama']",5.7,6.0,3.0,9.0,20,10,"['Thriller', 'Crime', 'Drama']",3,thriller crime drama,21,93,3.044522437723423,2.3978952727983707
"When Michael (Robbie Petrie) meets Evie (Sara Gray), they believe they're meant for each other. But as the leaves fall and the weather grows colder, their all-too-perfect tale of love at first sight is confronted with reality.",sadness,The Fall,The Fall,1,"['Adventure', 'Fantasy', 'Drama']",5.7,5.0,2.0,9.0,10,10,"['Adventure', 'Fantasy', 'Drama']",3,adventure fantasy drama,37,226,2.3978952727983707,2.3978952727983707
"A fast-lane investment broker, offered the opportunity to see how the other half lives, wakes up to find that his sports car and girlfriend have become a mini-van and wife.",sadness,The Family Man,The Family Man,1,"['Comedy', 'Drama', 'Romance', 'Fantasy']",7.6,9.0,2.0,10.0,15,15,"['Comedy', 'Drama', 'Romance', 'Fantasy']",4,comedy drama romance fantasy,30,172,2.772588722239781,2.772588722239781
The hero-worship that Simone has for a pop singer is built to a crescendo until she passes out when she finally sees him up-close in a crowd of fans. She is later shocked when he lets her know that he does not love her.,sadness,The Fan,The Fan,1,"['Drama', 'Mystery', 'Thriller']",6.95,7.0,3.0,10.0,40,20,"['Drama', 'Mystery', 'Thriller']",3,drama mystery thriller,44,219,3.713572066704308,3.044522437723423
"One year after meeting, Tom proposes to his girlfriend, Violet, but unexpected events keep tripping them up as they look to walk down the aisle together.",sadness,The Five-Year Engagement,The Five-Year Engagement,1,['Comedy'],6.8125,7.0,2.0,10.0,16,16,['Comedy'],1,comedy,26,153,2.833213344056216,2.833213344056216
A Frenchman falls in love with a hot temper Bulgarian village girl. Following the call of his heart he starts looking for the village where she lives without knowing the character and the language of the people living there.,sadness,The Foreigner,The Foreigner,1,"['Action', 'Thriller']",4.444444444444445,3.0,1.0,10.0,36,18,"['Action', 'Thriller']",2,action thriller,39,224,3.6109179126442243,2.9444389791664403
"A Ukrainian language schoolteacher and a rebellious teenage student, both from the eastern city of Luhansk, fall for each other during the tumultuous time of the city's occupation by pro-Russian separatists.",sadness,The Forgotten,The Forgotten,1,"['Crime', 'Drama', 'Horror', 'Mystery', 'Science Fiction', 'Thriller']",6.6875,7.0,2.0,10.0,32,16,"['Crime', 'Drama', 'Horror', 'Mystery', 'Science Fiction', 'Thriller']",6,crime drama horror mystery science_fiction thriller,31,207,3.4965075614664802,2.833213344056216
"Set during the first World War in neutral, but pro-German, Holland, Lewis Allison, an interned British officer, is paroled to the castle of Baron Von Leyden and finds living there, but now ...                See full summary »",sadness,The Fountain,The Fountain,1,"['Drama', 'Adventure', 'Science Fiction', 'Romance']",6.6,9.0,2.0,9.0,10,5,"['Drama', 'Adventure', 'Science Fiction', 'Romance']",4,drama adventure science_fiction romance,37,226,2.3978952727983707,1.791759469228055
"A young man with Asperger's Syndrome falls in love with a sheltered young woman who suffers from Mitral Valve Stenosis, a congenital heart condition. Will his condition cause her demise or ...                See full summary »",sadness,The Gift,The Gift,1,"['Horror', 'Drama', 'Thriller', 'Mystery']",6.222222222222222,6.5,2.0,10.0,54,18,"['Horror', 'Drama', 'Thriller', 'Mystery']",4,horror drama thriller mystery,36,226,4.007333185232471,2.9444389791664403
"When Sandy, a call girl at ""The Naked Eye"", ends up dead, her friend and only ally in the world, Jake, goes on a manhunt to find out who killed her.",sadness,The Girl from the Naked Eye,The Girl from the Naked Eye,1,"['Action', 'Romance', 'Thriller']",6.181818181818182,6.0,4.0,9.0,11,11,"['Action', 'Romance', 'Thriller']",3,action romance thriller,31,148,2.4849066497880004,2.4849066497880004
Two drifters contend with love and murder in a small town.,sadness,The Girl in Lovers Lane,The Girl in Lovers Lane,1,"['Drama', 'Romance', 'Crime']",3.7,3.5,1.0,6.0,10,10,"['Drama', 'Romance', 'Crime']",3,drama romance crime,11,58,2.3978952727983707,2.3978952727983707
A man marries an heiress for her money even though he is actually in love with her friend.,sadness,The Golden Bowl,The Golden Bowl,1,"['Romance', 'Drama']",4.0,4.0,4.0,4.0,3,3,"['Romance', 'Drama']",2,romance drama,18,90,1.3862943611198906,1.3862943611198906
"A former pop star who now writes commercial jingles for a living, experiences a mid-life crisis.",sadness,The Good Night,The Good Night,1,"['Comedy', 'Drama', 'Romance', 'Fantasy', 'Music']",5.4,5.5,3.0,9.0,10,10,"['Comedy', 'Drama', 'Romance', 'Fantasy', 'Music']",5,comedy drama romance fantasy music,16,96,2.3978952727983707,2.3978952727983707
A disillusioned college graduate finds himself torn between his older lover and her daughter.,sadness,The Graduate,The Graduate,1,['Drama'],7.2,9.0,2.0,10.0,15,15,['Drama'],1,drama,14,93,2.772588722239781,2.772588722239781
"A Midwesterner becomes fascinated with his nouveau riche neighbor, who obsesses over his lost love.",sadness,The Great Gatsby,The Great Gatsby,1,"['Drama', 'Romance']",6.909090909090909,6.0,3.0,10.0,22,11,"['Drama', 'Romance']",2,drama romance,15,99,3.1354942159291497,2.4849066497880004
"A writer and wall street trader, Nick, finds himself drawn to the past and lifestyle of his millionaire neighbor, Jay Gatsby.",sadness,The Great Gatsby,The Great Gatsby,1,"['Drama', 'Romance']",6.909090909090909,6.0,3.0,10.0,22,11,"['Drama', 'Romance']",2,drama romance,21,125,3.1354942159291497,2.4849066497880004
The Guardian is a love story about an Olympic Class kayaker and his true love a beautiful heiress that is deathly ill. A chance opportunity occurs when she gets struck by lightning and finds herself only healing near her guardian.,sadness,The Guardian,The Guardian,1,"['Drama', 'Horror', 'Mystery', 'Thriller']",7.090909090909091,8.0,2.0,10.0,44,22,"['Drama', 'Horror', 'Mystery', 'Thriller']",4,drama horror mystery thriller,40,230,3.8066624897703196,3.1354942159291497
A bitter-sweet late coming of age about the problems of modern-day love.,sadness,The Guest,The Guest,1,"['Mystery', 'Thriller', 'Action']",7.2727272727272725,8.0,2.0,10.0,22,22,"['Mystery', 'Thriller', 'Action']",3,mystery thriller action,12,72,3.1354942159291497,3.1354942159291497
"Before leaving for college, a recently dumped goth girl's life changes forever when she falls in love with a smart and professional college grad who is staying in the family's guest house.",sadness,The Guest House,The Guest House,1,['Romance'],3.4444444444444446,2.0,1.0,9.0,9,9,['Romance'],1,romance,32,188,2.302585092994046,2.302585092994046
"Under a dystopian religious tyranny, most women cannot conceive children. Those young women who can live in a form of sexual slavery to provide children for influential families.",sadness,The Handmaid's Tale,The Handmaid's Tale,1,"['Drama', 'Science Fiction']",4.0,4.0,2.0,9.0,9,9,"['Drama', 'Science Fiction']",2,drama science_fiction,28,178,2.302585092994046,2.302585092994046
A newlywed man on his honeymoon has second thoughts about his marriage and falls for a different woman.,sadness,The Heartbreak Kid,The Heartbreak Kid,1,"['Comedy', 'Romance']",5.842105263157895,6.0,2.0,10.0,38,19,"['Comedy', 'Romance']",2,comedy romance,18,103,3.6635616461296463,2.995732273553991
"Lola, a young playwright and drama director, goes into a crisis before her new play is released. Her leading actress raises time and again that she has problems with the text. A friend of ...                See full summary »",sadness,The Heat,The Heat,1,"['Action', 'Comedy', 'Crime']",3.24,1.0,1.0,10.0,50,25,"['Action', 'Comedy', 'Crime']",3,action comedy crime,39,225,3.9318256327243257,3.258096538021482
"Two women troubled with guy-problems swap homes in each other's countries, where they each meet a local guy and fall in love.",sadness,The Holiday,The Holiday,1,"['Comedy', 'Romance']",6.666666666666667,7.5,2.0,10.0,18,18,"['Comedy', 'Romance']",2,comedy romance,22,125,2.9444389791664403,2.9444389791664403
"Sherlock Holmes and Dr. Watson look into reports that a huge, vicious hound has killed Lord Charles Baskerville and that Lord Henry Baskerville is the next to be killed.",sadness,The Hound of the Baskervilles,The Hound of the Baskervilles,1,"['Horror', 'Thriller', 'Mystery']",5.5,5.5,5.0,6.0,12,2,"['Horror', 'Thriller', 'Mystery']",3,horror thriller mystery,29,169,2.5649493574615367,1.0986122886681098
"The story of how the novel ""Mrs. Dalloway"" affects three generations of women, all of whom, in one way or another, have had to deal with suicide in their lives.",sadness,The Hours,The Hours,1,['Drama'],6.666666666666667,8.0,3.0,9.0,3,3,['Drama'],1,drama,30,160,1.3862943611198906,1.3862943611198906
"A deformed bell-ringer must assert his independence from a vicious government minister in order to help his friend, a gypsy dancer.",sadness,The Hunchback of Notre Dame,The Hunchback of Notre Dame,1,"['Drama', 'Animation', 'Family']",7.473684210526316,9.0,2.0,10.0,76,19,"['Drama', 'Animation', 'Family']",3,drama animation family,21,131,4.343805421853684,2.995732273553991
"In 15th-century France, a gypsy girl is framed for murder by the infatuated Chief Justice, and only the deformed bellringer of Notre Dame Cathedral can save her.",sadness,The Hunchback of Notre Dame,The Hunchback of Notre Dame,1,"['Drama', 'Animation', 'Family']",7.473684210526316,9.0,2.0,10.0,76,19,"['Drama', 'Animation', 'Family']",3,drama animation family,27,161,4.343805421853684,2.995732273553991
"In 15th-century Paris, the brother of the archdeacon plots with the gypsy king to foment a peasant revolt. Meanwhile, a freakish hunchback falls in love with the gypsy queen.",sadness,The Hunchback of Notre Dame,The Hunchback of Notre Dame,1,"['Drama', 'Animation', 'Family']",7.473684210526316,9.0,2.0,10.0,76,19,"['Drama', 'Animation', 'Family']",3,drama animation family,29,174,4.343805421853684,2.995732273553991
"1936. Sylvia a rich but sterile woman, marries Akos but needs an heir to inherit her father's money. She bribes Irene a Jewish girl to have a child by her husband.",sadness,The Inheritance,The Inheritance,1,['Drama'],2.875,2.5,1.0,6.0,16,8,['Drama'],1,drama,31,163,2.833213344056216,2.1972245773362196
The story about a young man who washes up on a deserted island and discovers that John F. Kennedy and Marilyn Monroe are alive and well and living in exile.,sadness,The Island,The Island,1,"['Action', 'Adventure', 'Drama']",7.666666666666667,8.0,2.0,10.0,84,21,"['Action', 'Adventure', 'Drama']",3,action adventure drama,30,156,4.442651256490317,3.091042453358316
"1940s Venice. After twenty years of marriage, a retired art critic and his younger wife feel their passion is waning. To help her shed her inhibitions and rekindle their relationship, the professor records his sexual fantasies in a diary.",sadness,The Key,The Key,1,"['Drama', 'Romance', 'War']",2.0,2.0,2.0,2.0,6,2,"['Drama', 'Romance', 'War']",3,drama romance war,39,238,1.9459101490553132,1.0986122886681098
"During World War II, successive tugboat British Captains sent on dangerous salvage missions pass-on the key to a home-port apartment, where a lonely Swiss-Italian young war-widow lives.",sadness,The Key,The Key,1,"['Drama', 'Romance', 'War']",2.0,2.0,2.0,2.0,6,2,"['Drama', 'Romance', 'War']",3,drama romance war,27,185,1.9459101490553132,1.0986122886681098
Two children conceived by artificial insemination bring their biological father into their non-traditional family life.,sadness,The Kids Are All Right,The Kids Are All Right,1,"['Comedy', 'Drama']",8.05,8.0,3.0,10.0,20,20,"['Comedy', 'Drama']",2,comedy drama,15,119,3.044522437723423,3.044522437723423
A widow accepts a job as a live-in governess to the King of Siam's children.,sadness,The King and I,The King and I,1,"['Animation', 'Drama', 'Family']",7.545454545454546,8.0,2.0,10.0,22,11,"['Animation', 'Drama', 'Family']",3,animation drama family,15,76,3.1354942159291497,2.4849066497880004
"A Taiwanese medical student defects to Mainland China due to Nationalist persecution, became an army surgeon during Korean War, and later went to Tibet as a doctor, while pining for his ...                See full summary »",sadness,The Knot,The Knot,1,['Documentary'],5.0,5.0,5.0,5.0,4,2,['Documentary'],1,documentary,36,223,1.6094379124341003,1.0986122886681098
A couple endures a series of mishaps right before their wedding day.,sadness,The Knot,The Knot,1,['Documentary'],5.0,5.0,5.0,5.0,4,2,['Documentary'],1,documentary,12,68,1.6094379124341003,1.0986122886681098
"A lonely doctor who once occupied an unusual lakeside house begins to exchange love letters with its former resident, a frustrated architect. They must try to unravel the mystery behind their extraordinary romance before it's too late.",sadness,The Lake House,The Lake House,1,"['Romance', 'Drama', 'Mystery']",8.19047619047619,9.0,3.0,10.0,21,21,"['Romance', 'Drama', 'Mystery']",3,romance drama mystery,37,235,3.091042453358316,3.091042453358316
A struggling actress and her novelist lover each illustrate the struggle and deconstruction of their love affair.,sadness,The Last Five Years,The Last Five Years,1,"['Comedy', 'Drama', 'Music', 'Romance']",5.857142857142857,5.0,3.0,9.0,14,14,"['Comedy', 'Drama', 'Music', 'Romance']",4,comedy drama music romance,17,113,2.70805020110221,2.70805020110221
"After a tour of duty in the Philippines, Major Harvey, an army surgeon, returns to his home in Montana to discover his wife Lorna has begun an affair with Lieutenant Horne, whom she marries...                See full summary »",sadness,The Last Man,The Last Man,1,['Comedy'],3.933333333333333,3.0,2.0,9.0,15,15,['Comedy'],1,comedy,38,226,2.772588722239781,2.772588722239781
"Alan, a timid anthropology graduate student is coming to terms with his fate as the last man on Earth, until he discovers Sarah, a beautiful, intelligent woman who can't stand that Alan is the last man she'll ever see.",sadness,The Last Man,The Last Man,1,['Comedy'],3.933333333333333,3.0,2.0,9.0,15,15,['Comedy'],1,comedy,39,218,2.772588722239781,2.772588722239781
"In 1951, a group of high schoolers come of age in a bleak, isolated, atrophied North Texas town that is slowly dying, both culturally and economically.",sadness,The Last Picture Show,The Last Picture Show,1,['Drama'],4.25,4.0,2.0,6.0,8,8,['Drama'],1,drama,26,151,2.1972245773362196,2.1972245773362196
"A rebellious girl is sent to a Southern beach town for the summer to stay with her father. Through their mutual love of music, the estranged duo learn to reconnect.",sadness,The Last Song,The Last Song,1,"['Drama', 'Family', 'Romance']",7.555555555555555,8.5,3.0,10.0,18,18,"['Drama', 'Family', 'Romance']",3,drama family romance,30,164,2.9444389791664403,2.9444389791664403
"Junkichi is the son of a rich landlord, while Koyuki is the daughter of a poor lumber worker. The mismatched pair soon finds love, and against his father's wishes, Junkichi decides to run away with Koyuki to start a new.",sadness,The Last Song,The Last Song,1,"['Drama', 'Family', 'Romance']",7.555555555555555,8.5,3.0,10.0,18,18,"['Drama', 'Family', 'Romance']",3,drama family romance,40,220,2.9444389791664403,2.9444389791664403
"The boys from 'Neverending Summer' are back: after Cristina's Death, Samuele disappeared and his friends comes to search him.",sadness,The Last Summer,The Last Summer,1,[],5.0,4.0,3.0,9.0,5,5,[],0,unknown_genre,19,125,1.791759469228055,1.791759469228055
"In the midst of the French and Indian War, the eldest daughter of a British officer develops an attraction towards an Indian ally who is the last living warrior of his tribe, the Mohicans.",sadness,The Last of the Mohicans,The Last of the Mohicans,1,"['Action', 'Adventure', 'Drama', 'History', 'Romance', 'War']",5.181818181818182,5.0,2.0,9.0,33,11,"['Action', 'Adventure', 'Drama', 'History', 'Romance', 'War']",6,action adventure drama history romance war,34,188,3.5263605246161616,2.4849066497880004
Three trappers protect the daughters of a British Colonel in the midst of the French and Indian War.,sadness,The Last of the Mohicans,The Last of the Mohicans,1,"['Action', 'Adventure', 'Drama', 'History', 'Romance', 'War']",5.181818181818182,5.0,2.0,9.0,33,11,"['Action', 'Adventure', 'Drama', 'History', 'Romance', 'War']",6,action adventure drama history romance war,18,100,3.5263605246161616,2.4849066497880004
"An endocrinologist in a dysfunctional marriage with an aging, alcoholic wife journeys to Africa seeking a drug that will restore youth.",sadness,The Leech Woman,The Leech Woman,1,"['Horror', 'Science Fiction']",4.923076923076923,5.0,3.0,7.0,13,13,"['Horror', 'Science Fiction']",2,horror science_fiction,21,135,2.6390573296152584,2.6390573296152584
"Bored by the slow pace of life in her little home town, Helen Drayton rebels when her friends and relatives assume that she will marry her friend and escort, Chet Vernon. Helen is so ...                See full summary »",sadness,The Lesson,The Lesson,1,['Drama'],5.25,5.0,5.0,6.0,8,4,['Drama'],1,drama,39,220,2.1972245773362196,1.6094379124341003
A former valedictorian quits her reporter job in New York and returns to the place she last felt happy: her childhood home in Connecticut. She gets work as a lifeguard and starts a dangerous relationship with a troubled teenager.,sadness,The Lifeguard,The Lifeguard,1,"['Drama', 'Comedy', 'Romance']",5.75,6.0,3.0,7.0,16,16,"['Drama', 'Comedy', 'Romance']",3,drama comedy romance,39,229,2.833213344056216,2.833213344056216
"A mermaid falls in love with a human prince, which leads to tragedy.",sadness,The Little Mermaid,The Little Mermaid,1,"['Animation', 'Family']",7.071428571428571,7.0,2.0,10.0,28,14,"['Animation', 'Family']",2,animation family,13,68,3.367295829986474,2.70805020110221
A mermaid princess makes a Faustian bargain in an attempt to become human and win a prince's love.,sadness,The Little Mermaid,The Little Mermaid,1,"['Animation', 'Family']",7.071428571428571,7.0,2.0,10.0,28,14,"['Animation', 'Family']",2,animation family,18,98,3.367295829986474,2.70805020110221
"In a dystopian near future, according to the laws of The City, single people are taken to The Hotel, where they are obliged to find a romantic partner in 45 days or they're transformed into beasts and sent off into The Woods.",sadness,The Lobster,The Lobster,1,"['Thriller', 'Comedy', 'Drama', 'Romance', 'Science Fiction']",6.2,6.5,3.0,9.0,10,10,"['Thriller', 'Comedy', 'Drama', 'Romance', 'Science Fiction']",5,thriller comedy drama romance science_fiction,42,225,2.3978952727983707,2.3978952727983707
"During the Eastern Jin Dynasty, parents dress a pretty girl like a boy, so she may be educated in a local boarding school. There, she falls in love with a poor, but industrious young man. However, their short love affair ends in disaster.",sadness,The Lovers,The Lovers,1,"['Romance', 'Drama']",5.0,5.0,3.0,7.0,20,5,"['Romance', 'Drama']",2,romance drama,43,238,3.044522437723423,1.791759469228055
"Saddled with a dull husband and a foolish lover, a woman has an affair with a stranger.",sadness,The Lovers,The Lovers,1,"['Romance', 'Drama']",5.0,5.0,3.0,7.0,20,5,"['Romance', 'Drama']",2,romance drama,17,87,3.044522437723423,1.791759469228055
A bankrupt entrepreneur attempts to recoup some of her losses by getting a washed-out boxer she picked up as a tax loss back into the ring - an idea her protégé isn't fond of.,sadness,The Main Event,The Main Event,1,"['Comedy', 'Romance']",4.8125,4.5,2.0,9.0,16,16,"['Comedy', 'Romance']",2,comedy romance,34,175,2.833213344056216,2.833213344056216
"When an insecure teenager is rejected by the girl he loves, he runs away to Paris and transforms his life through the fashion world as he tries to discover who he is and where his true destiny lies.",sadness,The Man Who Wasn't There,The Man Who Wasn't There,1,"['Crime', 'Drama']",6.8,8.0,2.0,9.0,20,10,"['Crime', 'Drama']",2,crime drama,38,198,3.044522437723423,2.3978952727983707
"Despotic King Louis XIV discovers he has a twin brother who has grown up under the tutelage of his foster father, the patriotic musketeer D'Artagnan.",sadness,The Man in the Iron Mask,The Man in the Iron Mask,1,"['Action', 'Adventure', 'Drama']",6.1875,7.0,2.0,10.0,48,16,"['Action', 'Adventure', 'Drama']",3,action adventure drama,25,149,3.8918202981106265,2.833213344056216
A millionaire playboy goes to Las Vegas and comes out married to a woman he barely knows.,sadness,The Marrying Man,The Marrying Man,1,"['Action', 'Comedy', 'Romance', 'Thriller']",4.0,4.0,4.0,4.0,1,1,"['Action', 'Comedy', 'Romance', 'Thriller']",4,action comedy romance thriller,17,89,0.6931471805599453,0.6931471805599453
A meek clerk who doubles as an amateur detective investigates some very strange goings-on at a remote mental sanitarium.,sadness,The Monster,The Monster,1,['Comedy'],5.666666666666667,6.0,3.0,9.0,75,15,['Comedy'],1,comedy,19,120,4.330733340286331,2.772588722239781
"A washed up, alcoholic actress who is prone to blackouts wakes up next to a murdered man. Did she kill him and, if not, is she in danger?",sadness,The Morning After,The Morning After,1,"['Crime', 'Drama', 'Mystery', 'Thriller']",5.0,5.0,5.0,5.0,2,1,"['Crime', 'Drama', 'Mystery', 'Thriller']",4,crime drama mystery thriller,28,137,1.0986122886681098,0.6931471805599453
"A guy whose life is in turmoil falls for an attractive real estate broker who moves into the condo next door, but doesn't realize that she expects him to move out for her planned renovation.",sadness,The Neighbor,The Neighbor,1,"['Thriller', 'Horror']",6.076923076923077,8.0,2.0,9.0,39,13,"['Thriller', 'Horror']",2,thriller horror,35,190,3.6888794541139363,2.6390573296152584
A middle-aged man in a stagnant marriage finds his life upended when an attractive young woman and her seemingly abusive husband move in next door.,sadness,The Neighbor,The Neighbor,1,"['Thriller', 'Horror']",6.076923076923077,8.0,2.0,9.0,39,13,"['Thriller', 'Horror']",2,thriller horror,25,147,3.6888794541139363,2.6390573296152584
"Allayne Norman's husband, Bruce, a gambler and a drinker, quarrels with her cousin, an artist, and kills him. Bruce flees, having exchanged identities with a stranger who, suffering from ...                See full summary »",sadness,The Net,The Net,1,"['Crime', 'Drama', 'Mystery', 'Thriller', 'Action']",6.7,7.5,2.0,10.0,40,20,"['Crime', 'Drama', 'Mystery', 'Thriller', 'Action']",5,crime drama mystery thriller action,34,224,3.713572066704308,3.044522437723423
A married couple's life is turned upside down when the wife is accused of a murder.,sadness,The Next Three Days,The Next Three Days,1,"['Romance', 'Drama', 'Thriller', 'Crime']",6.5,7.0,3.0,9.0,18,18,"['Romance', 'Drama', 'Thriller', 'Crime']",4,romance drama thriller crime,16,83,2.9444389791664403,2.9444389791664403
"A poor yet passionate young man (Ryan Gosling) falls in love with a rich young woman (Rachel McAdams), giving her a sense of freedom, but they are soon separated because of their social differences.",sadness,The Notebook,The Notebook,1,"['Romance', 'Drama']",8.357142857142858,10.0,2.0,10.0,28,14,"['Romance', 'Drama']",2,romance drama,34,198,3.367295829986474,2.70805020110221
A bipolar woman and a grief-stricken man struggle to forge a simple life.,sadness,The Other Half,The Other Half,1,"['Drama', 'Romance']",5.0,5.0,5.0,5.0,1,1,"['Drama', 'Romance']",2,drama romance,13,73,0.6931471805599453,0.6931471805599453
"Alea decides to move to Bandung, because she wants to forget her ex Reynand who is having an affair with her best friend. Alea goes to Gempita High School. Alea also decides to join the ...                See full summary »",sadness,The Other Side,The Other Side,1,['Documentary'],5.5,5.0,2.0,9.0,20,10,['Documentary'],1,documentary,40,223,3.044522437723423,2.3978952727983707
A young melancholy man live day by day searching his way. He meets friends like him and fall in love with a spanish girl. But for him all this it's not enough.,sadness,The Outsider,The Outsider,1,"['Action', 'Crime', 'Drama', 'Mystery', 'Thriller']",4.7,4.5,2.0,7.0,40,10,"['Action', 'Crime', 'Drama', 'Mystery', 'Thriller']",5,action crime drama mystery thriller,32,159,3.713572066704308,2.3978952727983707
Two best friends accidentally fulfill a pact they made in college when they get drunk in Vegas and get married. With a six month waiting period to get a divorce does the marriage blossom or does the friendship fail?,sadness,The Pact,The Pact,1,"['Horror', 'Mystery', 'Thriller']",6.75,8.0,2.0,10.0,16,16,"['Horror', 'Mystery', 'Thriller']",3,horror mystery thriller,39,215,2.833213344056216,2.833213344056216
"A young man's life is thrown into a loop when he is asked to be a pallbearer for the funeral of a classmate he doesn't remember, and his old high school crush temporarily returns to town.",sadness,The Pallbearer,The Pallbearer,1,"['Comedy', 'Romance']",4.666666666666667,4.5,2.0,9.0,18,18,"['Comedy', 'Romance']",2,comedy romance,36,187,2.9444389791664403,2.9444389791664403
Teenage twin sisters swap places and scheme to reunite their divorced parents.,sadness,The Parent Trap,The Parent Trap,1,"['Comedy', 'Family']",6.466666666666667,6.0,2.0,10.0,30,15,"['Comedy', 'Family']",2,comedy family,12,78,3.4339872044851463,2.772588722239781
"After breaking up with her boyfriend, a professional woman gets involved with a man who seems almost too good to be true.",sadness,The Perfect Guy,The Perfect Guy,1,"['Drama', 'Thriller']",5.1875,5.0,3.0,9.0,16,16,"['Drama', 'Thriller']",2,drama thriller,22,121,2.833213344056216,2.833213344056216
"She has the perfect job, the perfect kids, but her dating life is a mess. After going through a nasty divorce Angel, is done with love. Her friends persuade her to give love another shot, but can she be open-minded to find the perfect guy?",sadness,The Perfect Guy,The Perfect Guy,1,"['Drama', 'Thriller']",5.1875,5.0,3.0,9.0,16,16,"['Drama', 'Thriller']",2,drama thriller,45,239,2.833213344056216,2.833213344056216
A young girl turns to a department store Santa in the hopes that he will help find a new husband for her divorced mother.,sadness,The Perfect Holiday,The Perfect Holiday,1,"['Comedy', 'Drama', 'Romance', 'Family']",5.454545454545454,5.0,3.0,8.0,11,11,"['Comedy', 'Drama', 'Romance', 'Family']",4,comedy drama romance family,24,121,2.4849066497880004,2.4849066497880004
"A lonely mother begins receiving romantic e-mails from a secret admirer, unaware that this perfect man is really a creation of her daughter who is trying to cheer her up.",sadness,The Perfect Man,The Perfect Man,1,"['Comedy', 'Drama', 'Family', 'Romance']",6.882352941176471,7.0,2.0,10.0,17,17,"['Comedy', 'Drama', 'Family', 'Romance']",4,comedy drama family romance,30,170,2.8903717578961645,2.8903717578961645
"A playboy named Charlie, convinced that all his relationships are dead, meets the beautiful and mysterious Eva. Agreeing to a casual affair, Charlie then wants a bit more from their relationship.",sadness,The Perfect Match,The Perfect Match,1,"['Comedy', 'Romance']",5.222222222222222,5.0,2.0,9.0,9,9,"['Comedy', 'Romance']",2,comedy romance,31,195,2.302585092994046,2.302585092994046
"A single woman's best friend makes her call a man who had put his ad up in the newspaper. When they meet they both lie about their interests, later on finding out the truth about eachother the hard way.",sadness,The Perfect Match,The Perfect Match,1,"['Comedy', 'Romance']",5.222222222222222,5.0,2.0,9.0,9,9,"['Comedy', 'Romance']",2,comedy romance,39,202,2.302585092994046,2.302585092994046
"A young soprano becomes the obsession of a horribly disfigured composer, who has plans for those who oppose him or the young singer.",sadness,The Phantom of the Opera,The Phantom of the Opera,1,"['Drama', 'Horror']",7.4375,7.0,3.0,10.0,48,16,"['Drama', 'Horror']",2,drama horror,23,132,3.8918202981106265,2.833213344056216
An independent young woman escapes a life of home expectations and falls in love in Italy but finds the traditions of Italian culture won't work for a strong-minded feminist.,sadness,The Promise,The Promise,1,"['Drama', 'Romance']",9.590909090909092,10.0,7.0,10.0,88,22,"['Drama', 'Romance']",2,drama romance,29,174,4.48863636973214,3.1354942159291497
"Bill Carmody, a likable young chap, is wasting his time in Broadway restaurants. His father loses a large amount of money because the youth forgets to deliver bonds entrusted to him. Bill ...                See full summary »",sadness,The Promise,The Promise,1,"['Drama', 'Romance']",9.590909090909092,10.0,7.0,10.0,88,22,"['Drama', 'Romance']",2,drama romance,37,225,4.48863636973214,3.1354942159291497
Daniel and Andrea grew up in the same home and have been closer than real brothers and sisters ever since. But her father's goodwill to take in Daniel and bring him up does not sit well ...                See full summary »,sadness,The Promise,The Promise,1,"['Drama', 'Romance']",9.590909090909092,10.0,7.0,10.0,88,22,"['Drama', 'Romance']",2,drama romance,41,223,4.48863636973214,3.1354942159291497
Jack forced to leave his apartment due to the death of his son.,sadness,The Promise,The Promise,1,"['Drama', 'Romance']",9.590909090909092,10.0,7.0,10.0,88,22,"['Drama', 'Romance']",2,drama romance,13,63,4.48863636973214,3.1354942159291497
A pushy boss forces her young assistant to marry her in order to keep her visa status in the U.S. and avoid deportation to Canada.,sadness,The Proposal,The Proposal,1,"['Comedy', 'Romance', 'Drama']",2.6666666666666665,1.0,1.0,10.0,24,24,"['Comedy', 'Romance', 'Drama']",3,comedy romance drama,25,130,3.2188758248682006,3.2188758248682006
"Post-WWII Germany: Nearly a decade after his affair with an older woman came to a mysterious end, law student Michael Berg re-encounters his former lover as she defends herself in a war-crime trial.",sadness,The Reader,The Reader,1,"['Drama', 'Romance']",6.5,7.0,2.0,9.0,16,8,"['Drama', 'Romance']",2,drama romance,33,198,2.833213344056216,2.1972245773362196
A young ballet dancer is torn between the man she loves and her pursuit to become a prima ballerina.,sadness,The Red Shoes,The Red Shoes,1,"['Drama', 'Romance']",5.769230769230769,6.0,3.0,9.0,26,13,"['Drama', 'Romance']",2,drama romance,19,100,3.295836866004329,2.6390573296152584
"Ruo Yi, a girl who studies literature. For her graduation project, she meets Chen Mo, who lives in the room 413 of Time Hotel. Chen Mo, injured his head in an accident and can only preserve...                See full summary »",sadness,The Room,The Room,1,"['Drama', 'Romance']",6.391304347826087,10.0,1.0,10.0,23,23,"['Drama', 'Romance']",2,drama romance,40,226,3.1780538303479458,3.1780538303479458
"The son of a shipowner is in love with a poor seamstress. When his father reacts to their love, he abandons his wealth and becomes a composer of a folk song, in order to live together.",sadness,The Seamstress,The Seamstress,1,"['Horror', 'Crime', 'Mystery', 'Thriller']",3.25,3.0,2.0,5.0,4,4,"['Horror', 'Crime', 'Mystery', 'Thriller']",4,horror crime mystery thriller,36,184,1.6094379124341003,1.6094379124341003
"The Secret tells the story of Kaifeng (Played by Leon Lai) who loses his wife (Played By Wang Luodan) in an avalanche during an anniversary trip. Unable to move past his loss, his wife returns as a ghost to live with him.",sadness,The Secret,The Secret,1,['Documentary'],3.6666666666666665,4.0,3.0,4.0,9,3,['Documentary'],1,documentary,42,221,2.302585092994046,1.3862943611198906
A clumsy daydreamer gets caught up in a sinister conspiracy.,sadness,The Secret Life of Walter Mitty,The Secret Life of Walter Mitty,1,"['Comedy', 'Fantasy', 'Romance']",7.117647058823529,8.0,2.0,10.0,34,17,"['Comedy', 'Fantasy', 'Romance']",3,comedy fantasy romance,10,60,3.5553480614894135,2.8903717578961645
A retired legal counselor writes a novel hoping to find closure for one of his past unresolved homicide cases and for his unreciprocated love with his superior - both of which still haunt him decades later.,sadness,The Secret in Their Eyes,The Secret in Their Eyes,1,"['Crime', 'Drama', 'Mystery', 'Romance']",6.909090909090909,8.0,3.0,9.0,11,11,"['Crime', 'Drama', 'Mystery', 'Romance']",4,crime drama mystery romance,36,206,2.4849066497880004,2.4849066497880004
"Two employees at a gift shop can barely stand each other, without realizing that they are falling in love through the post as each other's anonymous pen pal.",sadness,The Shop Around the Corner,The Shop Around the Corner,1,"['Comedy', 'Romance']",7.333333333333333,8.0,4.0,9.0,12,12,"['Comedy', 'Romance']",2,comedy romance,28,157,2.5649493574615367,2.5649493574615367
Paul Newman - in his screen debut - plays a 1st-century Greek sculptor who is sold into slavery.,sadness,The Silver Chalice,The Silver Chalice,1,"['Drama', 'Romance']",4.5,4.0,2.0,7.0,12,12,"['Drama', 'Romance']",2,drama romance,18,96,2.5649493574615367,2.5649493574615367
"Ibrahim is a nightclub singer who, like other singers of that era and is being removed from the scene with the 1979 revolution. Eventually he becomes the singer of various ceremonies but he doesn't agree with them to be called Motreb.",sadness,The Singer,The Singer,1,"['Drama', 'Romance']",5.0,5.0,5.0,5.0,1,1,"['Drama', 'Romance']",2,drama romance,41,234,0.6931471805599453,0.6931471805599453
Marina passes from a dysfunctional family to love with an unsuccessful artist. But he is going blind due to a brain tumor.,sadness,The Sinner,The Sinner,1,"['Romance', 'Drama']",6.444444444444445,7.0,3.0,9.0,18,18,"['Romance', 'Drama']",2,romance drama,22,122,2.9444389791664403,2.9444389791664403
"A major league star who is on the verge of breaking a record, meets a singer and they get married, but they have different goals, so they separate, jeopardizing his opportunity in sports and the possibility of making up with his wife.",sadness,The Slugger's Wife,The Slugger's Wife,1,"['Drama', 'Romance']",5.0,5.0,4.0,6.0,2,2,"['Drama', 'Romance']",2,drama romance,42,234,1.0986122886681098,1.0986122886681098
A young novice is sent by her convent in 1930s Austria to become a governess to the seven children of a widowed naval officer.,sadness,The Sound of Music,The Sound of Music,1,"['Drama', 'Family', 'Music', 'Romance']",6.0,6.0,3.0,9.0,2,2,"['Drama', 'Family', 'Music', 'Romance']",4,drama family music romance,24,126,1.0986122886681098,1.0986122886681098
Ben and Katie Jordan are a married couple who go through hard times in fifteen years of marriage.,sadness,The Story of Us,The Story of Us,1,"['Comedy', 'Drama', 'Romance']",8.0625,8.0,5.0,10.0,16,16,"['Comedy', 'Drama', 'Romance']",3,comedy drama romance,18,97,2.833213344056216,2.833213344056216
The struggle of a young man to slowly create his own sense of family.,sadness,The Surface,The Surface,1,"['Thriller', 'Drama']",4.0,4.0,4.0,4.0,3,3,"['Thriller', 'Drama']",2,thriller drama,14,69,1.3862943611198906,1.3862943611198906
"When a crown prince visits, the princess's mother tries to push the prince into marrying her daughter by presenting a ""rival"" at the ball - her children's handsome tutor.",sadness,The Swan,The Swan,1,"['Comedy', 'Drama', 'History', 'Romance']",6.0,6.0,6.0,6.0,1,1,"['Comedy', 'Drama', 'History', 'Romance']",4,comedy drama history romance,29,170,0.6931471805599453,0.6931471805599453
"Seven years after the fact, a man comes to the realization that he was the sperm donor for his best friend's boy.",sadness,The Switch,The Switch,1,"['Comedy', 'Romance', 'Drama']",7.333333333333333,7.5,2.0,10.0,18,18,"['Comedy', 'Romance', 'Drama']",3,comedy romance drama,22,113,2.9444389791664403,2.9444389791664403
"An Eastern European tourist unexpectedly finds himself stranded in JFK airport, and must take up temporary residence there.",sadness,The Terminal,The Terminal,1,"['Comedy', 'Drama']",7.7,8.0,3.0,10.0,10,10,"['Comedy', 'Drama']",2,comedy drama,18,123,2.3978952727983707,2.3978952727983707
"A Chicago librarian has a gene that causes him to involuntarily time travel, creating complications in his marriage.",sadness,The Time Traveler's Wife,The Time Traveler's Wife,1,"['Drama', 'Romance', 'Fantasy']",5.857142857142857,7.5,2.0,9.0,14,14,"['Drama', 'Romance', 'Fantasy']",3,drama romance fantasy,18,116,2.70805020110221,2.70805020110221
"As a string of mysterious killings grips Seattle, Bella, whose high school graduation is fast approaching, is forced to choose between her love for vampire Edward and her friendship with werewolf Jacob.",sadness,The Twilight Saga: Eclipse,The Twilight Saga: Eclipse,1,"['Adventure', 'Fantasy', 'Drama', 'Romance']",3.869565217391304,2.0,1.0,10.0,23,23,"['Adventure', 'Fantasy', 'Drama', 'Romance']",4,adventure fantasy drama romance,32,202,3.1780538303479458,3.1780538303479458
"Edward leaves Bella after an attack that nearly claimed her life, and, in her depression, she falls into yet another difficult relationship - this time with her close friend, Jacob Black.",sadness,The Twilight Saga: New Moon,The Twilight Saga: New Moon,1,"['Adventure', 'Fantasy', 'Drama', 'Romance']",4.56,4.0,1.0,10.0,25,25,"['Adventure', 'Fantasy', 'Drama', 'Romance']",4,adventure fantasy drama romance,31,187,3.258096538021482,3.258096538021482
A composer and his sister discover that the reason they are able to purchase a beautiful gothic seacoast mansion very cheaply is the house's unsavory past.,sadness,The Uninvited,The Uninvited,1,"['Drama', 'Fantasy', 'Horror', 'Mystery']",6.7,7.5,2.0,10.0,60,20,"['Drama', 'Fantasy', 'Horror', 'Mystery']",4,drama fantasy horror mystery,26,155,4.110873864173311,3.044522437723423
"Ex porn star Valentino and Gary are in love with each other. But Valentino also has a girlfriend. Tragedy hits them, when Valentino collapses and is hospitalized with AIDS.",sadness,The Velocity of Gary,The Velocity of Gary,1,"['Drama', 'Romance']",4.166666666666667,3.5,2.0,7.0,6,6,"['Drama', 'Romance']",2,drama romance,29,172,1.9459101490553132,1.9459101490553132
"If Paris can't cure her, then nothing can.",sadness,The Visit,The Visit,1,['Drama'],7.125,8.0,2.0,10.0,48,16,['Drama'],1,drama,8,42,3.8918202981106265,2.833213344056216
The camera of Janet Petrosi a christian girl who studies photography is stolen when she is in the flower market trying to take a photo. Amir a young guy who sells flower with his father ...                See full summary »,sadness,The Visit,The Visit,1,['Drama'],7.125,8.0,2.0,10.0,48,16,['Drama'],1,drama,40,223,3.8918202981106265,2.833213344056216
"A car accident puts Paige in a coma, and when she wakes up with severe memory loss, her husband Leo works to win her heart again.",sadness,The Vow,The Vow,1,"['Drama', 'Romance']",6.0,7.0,2.0,10.0,20,20,"['Drama', 'Romance']",2,drama romance,26,129,3.044522437723423,3.044522437723423
"Nobu, an old, bigoted, Japanese-American traditionalist, is unable to reconcile the needs of his wife and two daughters with his own conservative view on life, which forces them to leave him in pursuit of their own happiness.",sadness,The Wash,The Wash,1,"['Action', 'Comedy']",6.181818181818182,6.0,2.0,10.0,11,11,"['Action', 'Comedy']",2,action comedy,37,225,2.4849066497880004,2.4849066497880004
"A frail young woman from the East moves in with her cousin in the West, where she causes tension within the family and is slowly driven mad.",sadness,The Wind,The Wind,1,"['Drama', 'Romance', 'Western']",5.166666666666667,4.5,2.0,9.0,6,6,"['Drama', 'Romance', 'Western']",3,drama romance western,27,140,1.9459101490553132,1.9459101490553132
A writer at the peak of his literary success discovers the steep price he must pay for stealing another man's work.,sadness,The Words,The Words,1,"['Drama', 'Thriller']",7.409090909090909,8.0,3.0,10.0,22,22,"['Drama', 'Thriller']",2,drama thriller,21,115,3.1354942159291497,3.1354942159291497
"A group of romantically scarred friends break up couples who really aren't right for each other. As the business takes off, the leader's childhood dream-girl reappears in his life, engaged to a guy who's totally wrong for her.",sadness,The Wrecking Crew,The Wrecking Crew,1,"['Action', 'Comedy', 'Thriller']",2.25,1.0,1.0,10.0,32,16,"['Action', 'Comedy', 'Thriller']",3,action comedy thriller,38,226,3.4965075614664802,2.833213344056216
"A man gets a chance to meet up with his dream girl from high school, even though his date with her back then was a complete disaster.",sadness,There's Something About Mary,There's Something About Mary,1,"['Romance', 'Comedy']",7.636363636363637,8.0,6.0,9.0,11,11,"['Romance', 'Comedy']",2,romance comedy,27,133,2.4849066497880004,2.4849066497880004
"All the couples are back for a wedding in Las Vegas, but plans for a romantic weekend go awry when their various misadventures get them into some compromising situations that threaten to derail the big event.",sadness,Think Like a Man Too,Think Like a Man Too,1,"['Comedy', 'Romance']",5.3076923076923075,6.0,2.0,7.0,13,13,"['Comedy', 'Romance']",2,comedy romance,36,208,2.6390573296152584,2.6390573296152584
A talented but indigent poet Vijay struggles for love and recognition in this selfish world.,sadness,Thirst,Thirst,1,"['Drama', 'Horror', 'Thriller']",4.0,4.0,4.0,4.0,5,1,"['Drama', 'Horror', 'Thriller']",3,drama horror thriller,15,92,1.791759469228055,0.6931471805599453
"Through a failed medical experiment, a priest is stricken with vampirism and is forced to abandon his ascetic ways.",sadness,Thirst,Thirst,1,"['Drama', 'Horror', 'Thriller']",4.0,4.0,4.0,4.0,5,1,"['Drama', 'Horror', 'Thriller']",3,drama horror thriller,19,115,1.791759469228055,0.6931471805599453
"Pete and Debbie are both about to turn 40, their kids hate each other, both of their businesses are failing, they're on the verge of losing their house, and their relationship is threatening to fall apart.",sadness,This Is 40,This Is 40,1,['Comedy'],5.388888888888889,5.5,2.0,9.0,18,18,['Comedy'],1,comedy,36,205,2.9444389791664403,2.9444389791664403
"A rich businessman's assumption that his new colleague is gay leads him to ask the man to keep an eye on his mistress. However, the man is not gay, and begins to fall for the woman himself.",sadness,Three to Tango,Three to Tango,1,"['Comedy', 'Romance']",5.833333333333333,6.5,3.0,7.0,6,6,"['Comedy', 'Romance']",2,comedy romance,37,189,1.9459101490553132,1.9459101490553132
"An Oklahoma National Guard unit, comprised mainly of Native Americans, is called up for duty at the start of World War II.",sadness,Thunderbirds,Thunderbirds,1,"['Action', 'Adventure', 'Comedy', 'Family', 'Fantasy', 'Science Fiction']",5.5,4.5,2.0,10.0,14,14,"['Action', 'Adventure', 'Comedy', 'Family', 'Fantasy', 'Science Fiction']",6,action adventure comedy family fantasy science_fiction,22,122,2.70805020110221,2.70805020110221
A genius teenage boy is in love with a girl who breaks up with him after a year. He invents a time machine and tries to fix the breakup repeatedly. He finally goes a year back with his friend to fix the bad days.,sadness,Time Freak,Time Freak,1,"['Comedy', 'Science Fiction']",4.166666666666667,4.0,3.0,6.0,6,6,"['Comedy', 'Science Fiction']",2,comedy science_fiction,44,212,1.9459101490553132,1.9459101490553132
"Mat a mother forced to raise her son Tan on her own after being widowed early in her marriage. In this Mat gets help from Watt, who falls in love with her for long time. Tan is expected to ...                See full summary »",sadness,Timeline,Timeline,1,"['Action', 'Adventure', 'Science Fiction']",5.0625,5.0,2.0,10.0,16,16,"['Action', 'Adventure', 'Science Fiction']",3,action adventure science_fiction,44,226,2.833213344056216,2.833213344056216
"A seventeen-year-old aristocrat falls in love with a kind but poor artist aboard the luxurious, ill-fated R.M.S. Titanic.",sadness,Titanic,Titanic,1,"['Drama', 'Romance', 'Thriller']",9.666666666666666,10.0,9.0,10.0,18,6,"['Drama', 'Romance', 'Thriller']",3,drama romance thriller,18,121,2.9444389791664403,1.9459101490553132
"An unhappily married couple struggle to deal with their problems while on board the luxurious, ill-fated RMS Titanic.",sadness,Titanic,Titanic,1,"['Drama', 'Romance', 'Thriller']",9.666666666666666,10.0,9.0,10.0,18,6,"['Drama', 'Romance', 'Thriller']",3,drama romance thriller,18,117,2.9444389791664403,1.9459101490553132
"During the Nazi occupation of Poland, an acting troupe becomes embroiled in a Polish soldier's efforts to track down a German spy.",sadness,To Be or Not to Be,To Be or Not to Be,1,"['Comedy', 'War']",7.384615384615385,8.0,3.0,9.0,26,13,"['Comedy', 'War']",2,comedy war,22,130,3.295836866004329,2.6390573296152584
"After falling in love in Paris, Marina and Neil come to Oklahoma, where problems arise. Their church's Spanish-born pastor struggles with his faith, while Neil encounters a woman from his childhood.",sadness,To the Wonder,To the Wonder,1,"['Drama', 'Romance']",6.333333333333333,6.0,2.0,10.0,15,15,"['Drama', 'Romance']",2,drama romance,31,198,2.772588722239781,2.772588722239781
"A wealthy young society couple loses their fortune. When the husband is forced to take a job like everyone else, the wife cannot deal with the sudden downward plunge of her once-privileged life and drifts into prostitution.",sadness,Today,Today,1,['Drama'],3.8,3.0,3.0,5.0,10,5,['Drama'],1,drama,37,223,2.3978952727983707,1.791759469228055
"Two rival newsreel photographers join forces to find an aviatrix's missing brother, who has disappeared in the Amazon rainforest.",sadness,Too Hot to Handle,Too Hot to Handle,1,"['Comedy', 'Adventure', 'Romance', 'Drama']",5.909090909090909,5.0,2.0,10.0,22,11,"['Comedy', 'Adventure', 'Romance', 'Drama']",4,comedy adventure romance drama,19,129,3.1354942159291497,2.4849066497880004
"Michael Dorsey, an unsuccessful actor, disguises himself as a woman in order to get a role on a trashy hospital soap.",sadness,Tootsie,Tootsie,1,"['Comedy', 'Romance']",5.083333333333333,5.0,2.0,8.0,12,12,"['Comedy', 'Romance']",2,comedy romance,21,117,2.5649493574615367,2.5649493574615367
"A fallen angel named Daniel hunts down the Immortals who want to kill his lover, Luce.",sadness,Torment,Torment,1,['Drama'],4.333333333333333,4.0,2.0,7.0,6,3,['Drama'],1,drama,16,86,1.9459101490553132,1.3862943611198906
An idealistic adolescent suffering under the thumb of a sadistic schoolmaster falls in love with a loose girl who is bullied and tormented by another lover.,sadness,Torment,Torment,1,['Drama'],4.333333333333333,4.0,2.0,7.0,6,3,['Drama'],1,drama,26,156,1.9459101490553132,1.3862943611198906
Two loving middle aged couples get caught in a series of marital misadventures over reasons of fidelity.,sadness,Town & Country,Town & Country,1,"['Comedy', 'Romance']",4.714285714285714,3.0,2.0,10.0,14,14,"['Comedy', 'Romance']",2,comedy romance,17,104,2.70805020110221,2.70805020110221
"The misadventures of two young gay men, trying to find a place to be alone, one night in Manhattan.",sadness,Trick,Trick,1,"['Comedy', 'Romance']",4.6875,5.0,2.0,7.0,32,16,"['Comedy', 'Romance']",2,comedy romance,19,99,3.4965075614664802,2.833213344056216
'True Love' is the story of Virgil Lord and his twisted attempt find and keep love after growing up in a dysfunctional home. When some disturbing 'accidents' start to happen around Virgil ...                See full summary »,sadness,True Love,True Love,1,"['Comedy', 'Romance']",5.0,5.0,5.0,5.0,1,1,"['Comedy', 'Romance']",2,comedy romance,37,225,0.6931471805599453,0.6931471805599453
"Three LA couples--one at the beginning of their relationship, one on the outs, and one in the middle--must deal with the harsh realities of modern companionship.",sadness,True Love,True Love,1,"['Comedy', 'Romance']",5.0,5.0,5.0,5.0,1,1,"['Comedy', 'Romance']",2,comedy romance,26,161,0.6931471805599453,0.6931471805599453
Two friends who become lovers after a series of life altering events.,sadness,True Love,True Love,1,"['Comedy', 'Romance']",5.0,5.0,5.0,5.0,1,1,"['Comedy', 'Romance']",2,comedy romance,12,69,0.6931471805599453,0.6931471805599453
"In Detroit, a lonely pop culture geek marries a call girl, steals cocaine from her pimp, and tries to sell it in Hollywood. Meanwhile, the owners of the cocaine, the Mob, track them down in an attempt to reclaim it.",sadness,True Romance,True Romance,1,"['Action', 'Thriller', 'Crime', 'Romance']",5.0,3.0,2.0,9.0,8,8,"['Action', 'Thriller', 'Crime', 'Romance']",4,action thriller crime romance,40,215,2.1972245773362196,2.1972245773362196
"Chinese college student Alex has a big problem with women, but he wants a girl friend. A difficult and funny situation set in Los Angeles where anything is possible.",sadness,Truth or Dare,Truth or Dare,1,"['Horror', 'Thriller', 'Mystery']",6.0,6.0,2.0,10.0,19,19,"['Horror', 'Thriller', 'Mystery']",3,horror thriller mystery,29,165,2.995732273553991,2.995732273553991
The love of a young couple is threatened when she is diagnosed with a brain tumor.,sadness,Truth or Dare,Truth or Dare,1,"['Horror', 'Thriller', 'Mystery']",6.0,6.0,2.0,10.0,19,19,"['Horror', 'Thriller', 'Mystery']",3,horror thriller mystery,16,82,2.995732273553991,2.995732273553991
"A brilliant surgeon is dazed and feels he can no longer operate. Told in flashback, we find his troubles began with a woman.",sadness,Twilight,Twilight,1,"['Drama', 'Crime', 'Mystery', 'Thriller']",4.846153846153846,5.0,2.0,9.0,26,13,"['Drama', 'Crime', 'Mystery', 'Thriller']",4,drama crime mystery thriller,23,124,3.295836866004329,2.6390573296152584
"A young Southern débutante temporarily abandons her posh lifestyle and upcoming, semi-arranged marriage to have a lustful and erotic fling with a rugged drifter who works at a local carnival.",sadness,Two Moon Junction,Two Moon Junction,1,"['Drama', 'Romance']",4.0,4.0,4.0,4.0,1,1,"['Drama', 'Romance']",2,drama romance,30,191,0.6931471805599453,0.6931471805599453
"After the sudden eviction from his home, a pianist travels to Thessaloniki to perform in the local nightclubs to make ends meet. Now, his beloved wants to have nothing to do with him, choosing to vanish from his life. What has happened?",sadness,Underdog,Underdog,1,"['Action', 'Adventure', 'Comedy', 'Family']",7.7894736842105265,8.0,3.0,10.0,38,19,"['Action', 'Adventure', 'Comedy', 'Family']",4,action adventure comedy family,42,236,3.6635616461296463,2.995732273553991
"Boisterous gangster kingpin Bull Weed rehabilitates his former lawyer from his alcoholic haze, but complications arise when he falls for Weed's girlfriend.",sadness,Underworld,Underworld,1,"['Drama', 'Action', 'Comedy', 'Thriller']",7.666666666666667,8.0,4.0,10.0,36,12,"['Drama', 'Action', 'Comedy', 'Thriller']",4,drama action comedy thriller,22,155,3.6109179126442243,2.5649493574615367
A New York suburban couple's marriage goes dangerously awry when the wife indulges in an adulterous fling.,sadness,Unfaithful,Unfaithful,1,"['Thriller', 'Drama']",7.8,8.0,2.0,10.0,10,10,"['Thriller', 'Drama']",2,thriller drama,17,106,2.3978952727983707,2.3978952727983707
"Kim is married to Barry, a successful Businessman. They are living large but Kim is not happy - she suspects he's cheating with a client Ms. Taylor. She complaints to him and talks to a ...                See full summary »",sadness,Unfaithful,Unfaithful,1,"['Thriller', 'Drama']",7.8,8.0,2.0,10.0,10,10,"['Thriller', 'Drama']",2,thriller drama,40,223,2.3978952727983707,2.3978952727983707
"A young Lagosian squatting with her friend, finds herself in an awkward situation when her friends boyfriend makes a move on her, forcing her friend to evict her to save her relationship, ...                See full summary »",sadness,Unfinished Business,Unfinished Business,1,['Comedy'],5.722222222222222,6.0,2.0,9.0,18,18,['Comedy'],1,comedy,37,225,2.9444389791664403,2.9444389791664403
"Nathan Holmes and his girlfriend Ashlee have the perfect life together - a storybook romance - but Nathan is a man possessed by intense and disturbing dreams. His psychiatrist, Dr. Cameron ...                See full summary »",sadness,Unknown,Unknown,1,"['Crime', 'Drama', 'Mystery', 'Thriller']",6.3,7.5,2.0,10.0,40,20,"['Crime', 'Drama', 'Mystery', 'Thriller']",4,crime drama mystery thriller,36,226,3.713572066704308,3.044522437723423
"Ryan Bingham enjoys living out of a suitcase for his job, travelling around the country firing people, but finds that lifestyle threatened by the presence of a potential love interest, and a new hire presenting a new business model.",sadness,Up in the Air,Up in the Air,1,"['Drama', 'Romance']",6.7368421052631575,7.0,2.0,10.0,19,19,"['Drama', 'Romance']",2,drama romance,39,232,2.995732273553991,2.995732273553991
Intertwining couples and singles in Los Angeles break-up and make-up based on the pressures and expectations of Valentine's Day.,sadness,Valentine's Day,Valentine's Day,1,"['Comedy', 'Romance']",5.642857142857143,7.0,2.0,9.0,14,14,"['Comedy', 'Romance']",2,comedy romance,19,128,2.70805020110221,2.70805020110221
A self-indulgent and vain publishing magnate finds his privileged life upended after a vehicular accident with a resentful lover.,sadness,Vanilla Sky,Vanilla Sky,1,"['Drama', 'Mystery', 'Romance', 'Science Fiction', 'Thriller']",8.733333333333333,9.0,5.0,10.0,15,15,"['Drama', 'Mystery', 'Romance', 'Science Fiction', 'Thriller']",5,drama mystery romance science_fiction thriller,19,129,2.772588722239781,2.772588722239781
"A former San Francisco police detective juggles wrestling with his personal demons and becoming obsessed with the hauntingly beautiful woman he has been hired to trail, who may be deeply disturbed.",sadness,Vertigo,Vertigo,1,"['Mystery', 'Romance', 'Thriller']",5.666666666666667,5.0,3.0,9.0,3,3,"['Mystery', 'Romance', 'Thriller']",3,mystery romance thriller,31,197,1.3862943611198906,1.3862943611198906
"Two friends on a summer holiday in Spain become enamored with the same painter, unaware that his ex-wife, with whom he has a tempestuous relationship, is about to re-enter the picture.",sadness,Vicky Cristina Barcelona,Vicky Cristina Barcelona,1,"['Drama', 'Romance']",5.470588235294118,4.0,2.0,9.0,17,17,"['Drama', 'Romance']",2,drama romance,31,184,2.8903717578961645,2.8903717578961645
"A tragic love affair between Victoria and Johannes. She's a daughter of a rich estate owner and he's the son of the poor miller. Despite the deep love between them, her father makes Victoria ditch Johannes for the richer Otto.",sadness,Victoria,Victoria,1,"['Drama', 'Romance', 'Thriller']",6.05,6.5,2.0,9.0,20,20,"['Drama', 'Romance', 'Thriller']",3,drama romance thriller,40,226,3.044522437723423,3.044522437723423
A small-town woman tries to achieve her goal of becoming a flight attendant.,sadness,View from the Top,View from the Top,1,"['Comedy', 'Romance']",7.625,9.0,3.0,10.0,8,8,"['Comedy', 'Romance']",2,comedy romance,13,76,2.1972245773362196,2.1972245773362196
"In 1850s French Martinique, a newly-arrived girl is sent by her stepmother, who rules the island, to a mulatto quarter where two men vie for her affections as she is auctioned off to the highest bidder.",sadness,Volcano,Volcano,1,"['Science Fiction', 'Action', 'Drama', 'Thriller']",4.1875,4.5,2.0,7.0,32,16,"['Science Fiction', 'Action', 'Drama', 'Thriller']",4,science_fiction action drama thriller,36,202,3.4965075614664802,2.833213344056216
"Rattled by sudden unemployment, a Manhattan couple surveys alternative living options, ultimately deciding to experiment with living on a rural commune where free love rules.",sadness,Wanderlust,Wanderlust,1,['Comedy'],6.0,6.0,2.0,10.0,44,22,['Comedy'],1,comedy,25,174,3.8066624897703196,3.1354942159291497
"A young boy donates his pet, a police dog, to the army to be trained as a war dog.",sadness,War Dogs,War Dogs,1,"['Comedy', 'Crime', 'Drama']",6.761904761904762,8.0,2.0,9.0,21,21,"['Comedy', 'Crime', 'Drama']",3,comedy crime drama,19,82,3.091042453358316,3.091042453358316
"John Beckwith and Jeremy Grey, a pair of committed womanizers who sneak into weddings to take advantage of the romantic tinge in the air, find themselves at odds with one another when John meets and falls for Claire Cleary.",sadness,Wedding Crashers,Wedding Crashers,1,"['Comedy', 'Romance']",8.333333333333334,8.0,7.0,10.0,9,9,"['Comedy', 'Romance']",2,comedy romance,39,223,2.302585092994046,2.302585092994046
Siamak and his friend Essi are two thieves. Siamak escapes from the military service. An officer who was a friend of Siamak's father comes to bring him back to the military service. Siamak ...                See full summary »,sadness,Weeds,Weeds,1,['Drama'],4.4,4.0,2.0,9.0,10,10,['Drama'],1,drama,38,226,2.3978952727983707,2.3978952727983707
"Two youngsters from rival New York City gangs fall in love, but tensions between their respective friends build toward tragedy.",sadness,West Side Story,West Side Story,1,"['Crime', 'Drama', 'Music']",5.833333333333333,5.0,3.0,9.0,12,12,"['Crime', 'Drama', 'Music']",3,crime drama music,20,127,2.5649493574615367,2.5649493574615367
"Chris Nielsen dies in an accident, and enters Heaven. But when he discovers that his beloved wife Annie has killed herself out of grief over the loss, he embarks on an afterlife adventure to reunite with her.",sadness,What Dreams May Come,What Dreams May Come,1,"['Drama', 'Fantasy', 'Romance']",8.0,8.5,6.0,9.0,4,4,"['Drama', 'Fantasy', 'Romance']",3,drama fantasy romance,37,208,1.6094379124341003,1.6094379124341003
"A man and a woman are compelled, for legal reasons, to live life as a couple for a limited period of time. At stake is a large amount of money.",sadness,What Happens in Vegas,What Happens in Vegas,1,"['Comedy', 'Romance']",7.3,7.0,4.0,10.0,20,20,"['Comedy', 'Romance']",2,comedy romance,30,143,3.044522437723423,3.044522437723423
A hopelessly romantic Chicago Transit Authority token collector is mistaken for the fiancée of a coma patient.,sadness,While You Were Sleeping,While You Were Sleeping,1,"['Comedy', 'Drama', 'Romance']",8.333333333333334,9.0,3.0,10.0,18,18,"['Comedy', 'Drama', 'Romance']",3,comedy drama romance,17,110,2.9444389791664403,2.9444389791664403
Four young men - each with their own love issues - enrol in an ‘anti-whipped’ class to break free from being enslaved by love.,sadness,Whipped,Whipped,1,"['Comedy', 'Romance']",4.833333333333333,4.0,2.0,10.0,12,12,"['Comedy', 'Romance']",2,comedy romance,24,126,2.5649493574615367,2.5649493574615367
"Three egotistical swingers, who think they're God's gift to women, end up having their friendships tested when all three of them pick up and start dating the same woman.",sadness,Whipped,Whipped,1,"['Comedy', 'Romance']",4.833333333333333,4.0,2.0,10.0,12,12,"['Comedy', 'Romance']",2,comedy romance,29,169,2.5649493574615367,2.5649493574615367
"The life of an uptight tax lawyer turns chaotic when he is asked to escort a young woman newly released from prison, who persuades him to help prove her innocence.",sadness,Who's That Girl,Who's That Girl,1,['Comedy'],7.615384615384615,8.0,2.0,10.0,13,13,['Comedy'],1,comedy,30,163,2.6390573296152584,2.6390573296152584
"Four couples struggle to save their marriages once again on their annual marriage retreat, while each of them battle through financial, physical, mental, and emotional issues.",sadness,Why Did I Get Married Too?,Why Did I Get Married Too?,1,"['Comedy', 'Romance']",6.4,7.0,2.0,10.0,20,20,"['Comedy', 'Romance']",2,comedy romance,26,175,3.044522437723423,3.044522437723423
"After his last girlfriend slept with his last roommate, Reno Rizzolla moves to L.A. with his new girlfriend... and chaos ensues when the debt on the house forces him to get roommates.",sadness,Wild Roomies,Wild Roomies,1,"['Comedy', 'Drama', 'Romance']",5.333333333333333,5.0,5.0,6.0,3,3,"['Comedy', 'Drama', 'Romance']",3,comedy drama romance,32,183,1.3862943611198906,1.3862943611198906
"After living a life marked by coldness, an aging professor is forced to confront the emptiness of his existence.",sadness,Wild Strawberries,Wild Strawberries,1,['Drama'],6.625,7.0,3.0,9.0,8,8,['Drama'],1,drama,19,112,2.1972245773362196,2.1972245773362196
"Two young men, one rich, one middle class, who are in love with the same woman, become fighter pilots in World War I.",sadness,Wings,Wings,1,"['Action', 'Drama', 'Romance', 'War']",2.1666666666666665,1.5,1.0,4.0,12,6,"['Action', 'Drama', 'Romance', 'War']",4,action drama romance war,23,117,2.5649493574615367,1.9459101490553132
"Charlotte finds herself in a rut searching for a spark has a whirlwind night of romance and imagining a future with a man named Adam, he ghosts her and when she finds him ill, she spends her last days with him.",sadness,Wish You Were Here,Wish You Were Here,1,"['Comedy', 'Drama', 'Foreign', 'Romance']",4.0,4.0,4.0,4.0,2,1,"['Comedy', 'Drama', 'Foreign', 'Romance']",4,comedy drama foreign romance,41,210,1.0986122886681098,0.6931471805599453
"Elizabeth, a vet assistant, falls for Max, who brings in an abused dog. His jealousy burdens their relationship as does talk of marriage. Lena wants Max and she schemes.",sadness,Wishful Thinking,Wishful Thinking,1,"['Comedy', 'Romance']",5.333333333333333,5.0,5.0,6.0,3,3,"['Comedy', 'Romance']",2,comedy romance,29,169,1.3862943611198906,1.3862943611198906
"When a young Amish boy is sole witness to a murder while visiting Philadelphia with his mother, police detective John Book tries to protect the boy until an attempt on Book's life forces him into hiding in Amish country.",sadness,Witness,Witness,1,"['Crime', 'Drama', 'Romance', 'Thriller']",5.25,4.5,3.0,9.0,4,4,"['Crime', 'Drama', 'Romance', 'Thriller']",4,crime drama romance thriller,39,220,1.6094379124341003,1.6094379124341003
Publisher Will Randall becomes a demon wolf and has to fight to keep his job.,sadness,Wolf,Wolf,1,['Fantasy'],2.5,2.5,2.0,3.0,8,2,['Fantasy'],1,fantasy,15,77,2.1972245773362196,1.0986122886681098
"A spaceship crashes upon an unexplored planet, and the rescuers sent to search for survivors discover that decades have passed due to time dilation.",sadness,Women of the Prehistoric Planet,Women of the Prehistoric Planet,1,['Science Fiction'],3.0,3.0,1.0,8.0,13,13,['Science Fiction'],1,science_fiction,24,148,2.6390573296152584,2.6390573296152584
"A poor boy of unknown origins is rescued from poverty and taken in by the Earnshaw family where he develops an intense relationship with his young foster sister, Cathy.",sadness,Wuthering Heights,Wuthering Heights,1,"['Drama', 'Romance']",4.0,4.0,4.0,4.0,8,2,"['Drama', 'Romance']",2,drama romance,29,168,2.1972245773362196,1.0986122886681098
A servant in the house of Wuthering Heights tells a traveler the unfortunate tale of lovers Cathy and Heathcliff.,sadness,Wuthering Heights,Wuthering Heights,1,"['Drama', 'Romance']",4.0,4.0,4.0,4.0,8,2,"['Drama', 'Romance']",2,drama romance,19,113,2.1972245773362196,1.0986122886681098
Doomed lovers Catherine and Heathcliff are torn apart by their own selfishness and hate.,sadness,Wuthering Heights,Wuthering Heights,1,"['Drama', 'Romance']",4.0,4.0,4.0,4.0,8,2,"['Drama', 'Romance']",2,drama romance,14,88,2.1972245773362196,1.0986122886681098
"Mistreated foundling Heathcliff and his stepsister Catherine fall in love, but when she marries a wealthy man, he becomes obsessed with getting revenge, even well into the next generation.",sadness,Wuthering Heights,Wuthering Heights,1,"['Drama', 'Romance']",4.0,4.0,4.0,4.0,8,2,"['Drama', 'Romance']",2,drama romance,29,188,2.1972245773362196,1.0986122886681098
"Unable to support himself as a writer, failed author Dong-shik starts working as a male prostitute. He falls in love with Su-ok who is sympathetic with his plight. She, however, does not ...                See full summary »",sadness,X,X,1,"['Action', 'Thriller', 'Romance']",4.3,4.5,3.0,6.0,10,10,"['Action', 'Thriller', 'Romance']",3,action thriller romance,37,224,2.3978952727983707,2.3978952727983707
A struggling musician realizes he's the only person on Earth who can remember The Beatles after waking up in an alternate reality where they never existed.,sadness,Yesterday,Yesterday,1,['Drama'],7.111111111111111,8.0,2.0,10.0,18,18,['Drama'],1,drama,26,155,2.9444389791664403,2.9444389791664403
"A young soldier maimed in Vietnam, allows his former girlfriend to believe he's dead to spare her the anguish.",sadness,Yesterday,Yesterday,1,['Drama'],7.111111111111111,8.0,2.0,10.0,18,18,['Drama'],1,drama,19,110,2.9444389791664403,2.9444389791664403
"An unassuming pet photographer is thrown into serious action, adventure and romance when he's forced to marry a Croatian bride and spend his honeymoon at a remote tropical resort where she is kidnapped.",sadness,You May Not Kiss the Bride,You May Not Kiss the Bride,1,"['Action', 'Crime', 'Comedy', 'Romance']",5.0,5.5,3.0,6.0,6,6,"['Action', 'Crime', 'Comedy', 'Romance']",4,action crime comedy romance,33,202,1.9459101490553132,1.9459101490553132
"Ca Dao is an ordinary girl, who is frustrated with her life and always dreams of being a singer. All things suddenly change when she meets Chan Y, a popular Korean star, when he has just arrived in Vietnam.",sadness,You and I,You and I,1,"['Drama', 'Horror', 'Comedy', 'Romance', 'Foreign']",6.0,6.0,5.0,7.0,6,3,"['Drama', 'Horror', 'Comedy', 'Romance', 'Foreign']",5,drama horror comedy romance foreign,39,206,1.9459101490553132,1.3862943611198906
"A best man (Wilson) stays on as a houseguest with the newlyweds, much to the couple's annoyance.",sadness,"You, Me and Dupree","You, Me and Dupree",1,"['Comedy', 'Romance']",5.684210526315789,6.0,2.0,10.0,19,19,"['Comedy', 'Romance']",2,comedy romance,17,96,2.995732273553991,2.995732273553991
"When Prince Fabious's bride is kidnapped, he goes on a quest to rescue her... accompanied by his lazy useless brother Thadeous.",sadness,Your Highness,Your Highness,1,['Comedy'],6.769230769230769,7.0,2.0,9.0,13,13,['Comedy'],1,comedy,21,127,2.6390573296152584,2.6390573296152584
"Two strangers find themselves linked in a bizarre way. When a connection forms, will distance be the only thing to keep them apart?",sadness,Your Name.,Your Name.,1,"['Romance', 'Animation', 'Drama']",8.8,9.0,8.0,9.0,5,5,"['Romance', 'Animation', 'Drama']",3,romance animation drama,23,131,1.791759469228055,1.791759469228055
"A widowed Coast Guard Admiral and a widowed handbag designer fall in love and marry, much to the dismay of his 8 and her 10 children.",sadness,"Yours, Mine & Ours","Yours, Mine & Ours",1,"['Comedy', 'Family', 'Romance']",6.1875,6.5,2.0,10.0,16,16,"['Comedy', 'Family', 'Romance']",3,comedy family romance,26,133,2.833213344056216,2.833213344056216
"While his trailer trash parents teeter on the edge of divorce, Nick Twisp sets his sights on dream girl Sheeni Saunders, hoping that she'll be the one to take away his virginity.",sadness,Youth in Revolt,Youth in Revolt,1,"['Drama', 'Comedy', 'Romance']",6.875,7.0,2.0,10.0,24,24,"['Drama', 'Comedy', 'Romance']",3,drama comedy romance,32,178,3.2188758248682006,3.2188758248682006
"In the wake of a disaster that wipes out most of civilization, two men and a young woman find themselves in an emotionally charged love triangle as the last known survivors.",sadness,Z for Zachariah,Z for Zachariah,1,"['Drama', 'Science Fiction', 'Thriller']",5.882352941176471,7.0,2.0,9.0,17,17,"['Drama', 'Science Fiction', 'Thriller']",3,drama science_fiction thriller,31,173,2.8903717578961645,2.8903717578961645
Strange events start happening to a woman after marriage.,sadness,Zero,Zero,1,['Drama'],8.789473684210526,10.0,2.0,10.0,38,19,['Drama'],1,drama,9,57,3.6635616461296463,2.995732273553991
"When teenage rebel nicknamed ""Zero"" tries to turn his life around, the events on one early summer's night turn for the worse.",sadness,Zero,Zero,1,['Drama'],8.789473684210526,10.0,2.0,10.0,38,19,['Drama'],1,drama,22,125,3.6635616461296463,2.995732273553991
"A journalist, who is still in love with his ex-girlfriend, becomes the obsession of his landlord's daughter.",sadness,Zid,Zid,1,"['Thriller', 'Romance']",4.0,4.0,4.0,4.0,1,1,"['Thriller', 'Romance']",2,thriller romance,17,108,0.6931471805599453,0.6931471805599453
"Jay gets a horse from his grandmother. Riding becomes his obsession but gets injured. His grandmother gives away his horse, thus changing their lives forever.",sadness,Zid,Zid,1,"['Thriller', 'Romance']",4.0,4.0,4.0,4.0,1,1,"['Thriller', 'Romance']",2,thriller romance,25,158,0.6931471805599453,0.6931471805599453
"In a bid to win a client, Santhosh, an advertising director, locks horns with Nayana, a marketing head in a company. Things get out of hand when Santhosh shoots a fake advertisement for a non-existent product named Zoom.",sadness,Zoom,Zoom,1,"['Family', 'Fantasy', 'Comedy']",6.2631578947368425,6.0,2.0,10.0,38,19,"['Family', 'Fantasy', 'Comedy']",3,family fantasy comedy,38,220,3.6635616461296463,2.995732273553991
"Ten gay men confess their secrets in the collection of short pieces, some funny, some shocking, some horrifying, all riveting.",surprise,Confessions,Confessions,1,"['Drama', 'Thriller', 'Mystery']",8.5,8.5,8.0,9.0,2,2,"['Drama', 'Thriller', 'Mystery']",3,drama thriller mystery,20,126,1.0986122886681098,1.0986122886681098
A high school jock makes a bet that he can turn an unattractive girl into the school's prom queen.,surprise,She's All That,She's All That,1,"['Comedy', 'Romance']",6.631578947368421,6.0,2.0,10.0,19,19,"['Comedy', 'Romance']",2,comedy romance,19,98,2.995732273553991,2.995732273553991
"A debonair, adventuresome bank executive believes he has pulled off the perfect multi-million dollar heist, only to match wits with a sexy insurance investigator who will do anything to get her man.",surprise,The Thomas Crown Affair,The Thomas Crown Affair,1,"['Drama', 'Crime', 'Romance']",8.166666666666666,9.0,2.0,10.0,36,18,"['Drama', 'Crime', 'Romance']",3,drama crime romance,32,198,3.6109179126442243,2.9444389791664403
